-- phpMyAdmin SQL Dump
-- version 5.2.0
-- https://www.phpmyadmin.net/
--
-- Host: 127.0.0.1
-- Generation Time: Apr 07, 2025 at 08:49 AM
-- Server version: 10.4.25-MariaDB
-- PHP Version: 7.4.30

SET SQL_MODE = "NO_AUTO_VALUE_ON_ZERO";
START TRANSACTION;
SET time_zone = "+00:00";


/*!40101 SET @OLD_CHARACTER_SET_CLIENT=@@CHARACTER_SET_CLIENT */;
/*!40101 SET @OLD_CHARACTER_SET_RESULTS=@@CHARACTER_SET_RESULTS */;
/*!40101 SET @OLD_COLLATION_CONNECTION=@@COLLATION_CONNECTION */;
/*!40101 SET NAMES utf8mb4 */;

--
-- Database: `erav_lankaspinerp`
--

-- --------------------------------------------------------

--
-- Table structure for table `actual_cycle_time`
--

CREATE TABLE `actual_cycle_time` (
  `id` int(11) NOT NULL,
  `machine_in_id` int(11) DEFAULT NULL,
  `date` date DEFAULT NULL,
  `time` double(10,2) DEFAULT NULL
) ENGINE=MyISAM DEFAULT CHARSET=latin1;

--
-- Dumping data for table `actual_cycle_time`
--

INSERT INTO `actual_cycle_time` (`id`, `machine_in_id`, `date`, `time`) VALUES
(3, 1, '2023-02-23', 4.63),
(4, 1, '2023-02-23', 4.63),
(5, 1, '2023-02-23', 4.63),
(6, 1, '2023-02-23', 0.10),
(7, 1, '2023-02-23', 0.10),
(8, 1, '2023-02-23', 4.63),
(9, 1, '2023-02-23', 4.63),
(10, 2, '2023-02-23', 4.63),
(11, 2, '2023-02-23', 4.63),
(12, 3, '2023-02-23', 4.63),
(13, 3, '2023-02-23', 4.63),
(14, 1, '2023-02-23', 0.00),
(15, 1, '2023-02-23', 0.20);

-- --------------------------------------------------------

--
-- Table structure for table `buyers`
--

CREATE TABLE `buyers` (
  `id` int(11) NOT NULL,
  `name` varchar(250) NOT NULL,
  `active` int(11) NOT NULL DEFAULT 1
) ENGINE=MyISAM DEFAULT CHARSET=latin1;

--
-- Dumping data for table `buyers`
--

INSERT INTO `buyers` (`id`, `name`, `active`) VALUES
(1, 'Buyer 1', 1),
(2, 'Buyer 2', 1);

-- --------------------------------------------------------

--
-- Table structure for table `ci_sessions`
--

CREATE TABLE `ci_sessions` (
  `id` varchar(128) NOT NULL,
  `ip_address` varchar(45) NOT NULL,
  `timestamp` int(10) UNSIGNED NOT NULL DEFAULT 0,
  `data` blob NOT NULL
) ENGINE=InnoDB DEFAULT CHARSET=latin1;

--
-- Dumping data for table `ci_sessions`
--

INSERT INTO `ci_sessions` (`id`, `ip_address`, `timestamp`, `data`) VALUES
('0gigpmisshd48bkifi07c8uooi0s45jf', '172.69.163.145', 1732999370, 0x5f5f63695f6c6173745f726567656e65726174657c693a313733323939393337303b61646d696e5f69647c733a313a2231223b636f6e746163745f6e616d657c733a31333a2241646d696e6973747261746f72223b757365725f747970655f69647c733a313a2231223b61646d696e5f656d61696c7c733a353a2261646d696e223b69734c6f67676564496e7c623a313b61646d696e5f6c6f67696e5f74696d657c693a313733323939323933383b),
('14fgd9k0jf9ba8d4gk29lg2nv8q6cfab', '172.69.163.144', 1733000430, 0x5f5f63695f6c6173745f726567656e65726174657c693a313733333030303433303b),
('292g1avuh2a1pb13fg1jq2odg11l73rh', '172.69.163.141', 1732686851, 0x5f5f63695f6c6173745f726567656e65726174657c693a313733323638363835313b),
('36r1b4ljecp37bl8kkea8v543nrnj4db', '172.69.163.139', 1732785510, 0x5f5f63695f6c6173745f726567656e65726174657c693a313733323738353531303b61646d696e5f69647c733a313a2231223b636f6e746163745f6e616d657c733a31333a2241646d696e6973747261746f72223b757365725f747970655f69647c733a313a2231223b61646d696e5f656d61696c7c733a353a2261646d696e223b69734c6f67676564496e7c623a313b61646d696e5f6c6f67696e5f74696d657c693a313733323737383031343b),
('38mov0c5lanb2ug2ed300mmccdk40tsq', '172.69.163.138', 1732994447, 0x5f5f63695f6c6173745f726567656e65726174657c693a313733323939343434373b),
('3qjkv9lcbfhp606pf0grkevgqntjean3', '172.69.163.140', 1732782415, 0x5f5f63695f6c6173745f726567656e65726174657c693a313733323738323431353b61646d696e5f69647c733a313a2231223b636f6e746163745f6e616d657c733a31333a2241646d696e6973747261746f72223b757365725f747970655f69647c733a313a2231223b61646d696e5f656d61696c7c733a353a2261646d696e223b69734c6f67676564496e7c623a313b61646d696e5f6c6f67696e5f74696d657c693a313733323737383031343b),
('3seo2fior0dlh722c008b95uom99paou', '172.69.163.138', 1732778689, 0x5f5f63695f6c6173745f726567656e65726174657c693a313733323737383638393b),
('41t610coip80q159p3n13cg89pst2jbj', '172.69.163.138', 1732994447, 0x5f5f63695f6c6173745f726567656e65726174657c693a313733323939343434373b),
('42ru4inaq5u51j6dbbiq1nq80or920ib', '172.69.163.138', 1732778689, 0x5f5f63695f6c6173745f726567656e65726174657c693a313733323737383638393b),
('44iah17jqn8imr4rkh63psrbd2h1khjv', '172.69.163.133', 1697688497, 0x5f5f63695f6c6173745f726567656e65726174657c693a313639373638383439373b61646d696e5f69647c733a313a2231223b636f6e746163745f6e616d657c733a31333a2241646d696e6973747261746f72223b757365725f747970655f69647c733a313a2231223b61646d696e5f656d61696c7c733a353a2261646d696e223b69734c6f67676564496e7c623a313b61646d696e5f6c6f67696e5f74696d657c693a313639373638373437303b),
('59956gtlfqdljoqgvrlgoshbmo2odipj', '172.69.163.138', 1697688864, 0x5f5f63695f6c6173745f726567656e65726174657c693a313639373638383836343b61646d696e5f69647c733a313a2231223b636f6e746163745f6e616d657c733a31333a2241646d696e6973747261746f72223b757365725f747970655f69647c733a313a2231223b61646d696e5f656d61696c7c733a353a2261646d696e223b69734c6f67676564496e7c623a313b61646d696e5f6c6f67696e5f74696d657c693a313639373638373437303b),
('5bc71hacjaunu19f2vvi8q086qai0348', '162.158.114.181', 1733130388, 0x5f5f63695f6c6173745f726567656e65726174657c693a313733333133303338383b61646d696e5f69647c733a313a2231223b636f6e746163745f6e616d657c733a31333a2241646d696e6973747261746f72223b757365725f747970655f69647c733a313a2231223b61646d696e5f656d61696c7c733a353a2261646d696e223b69734c6f67676564496e7c623a313b61646d696e5f6c6f67696e5f74696d657c693a313733333133303039323b),
('5u0kb89432h0jtbnfud9kh73f3g5udal', '172.68.91.144', 1723208669, 0x61646d696e5f69647c733a313a2231223b636f6e746163745f6e616d657c733a31333a2241646d696e6973747261746f72223b757365725f747970655f69647c733a313a2231223b61646d696e5f656d61696c7c733a353a2261646d696e223b69734c6f67676564496e7c623a313b61646d696e5f6c6f67696e5f74696d657c693a313732333230353231333b5f5f63695f6c6173745f726567656e65726174657c693a313732333230383636393b),
('66hh0fql0kvoh250na9qqphh1jatfitt', '172.69.163.132', 1697687771, 0x5f5f63695f6c6173745f726567656e65726174657c693a313639373638373737313b61646d696e5f69647c733a313a2231223b636f6e746163745f6e616d657c733a31333a2241646d696e6973747261746f72223b757365725f747970655f69647c733a313a2231223b61646d696e5f656d61696c7c733a353a2261646d696e223b69734c6f67676564496e7c623a313b61646d696e5f6c6f67696e5f74696d657c693a313639373638373437303b),
('6n4hdkgi0t88mfc743p3km3vkans6kpe', '172.69.163.141', 1722234370, 0x5f5f63695f6c6173745f726567656e65726174657c693a313732323233333431313b61646d696e5f69647c733a313a2231223b636f6e746163745f6e616d657c733a31333a2241646d696e6973747261746f72223b757365725f747970655f69647c733a313a2231223b61646d696e5f656d61696c7c733a353a2261646d696e223b69734c6f67676564496e7c623a313b61646d696e5f6c6f67696e5f74696d657c693a313732323233333433303b),
('76eno0dc37et3f4jdnvahds45v5d9hic', '172.69.163.139', 1721632259, 0x5f5f63695f6c6173745f726567656e65726174657c693a313732313633323235393b61646d696e5f69647c733a313a2231223b636f6e746163745f6e616d657c733a31333a2241646d696e6973747261746f72223b757365725f747970655f69647c733a313a2231223b61646d696e5f656d61696c7c733a353a2261646d696e223b69734c6f67676564496e7c623a313b61646d696e5f6c6f67696e5f74696d657c693a313732313632383638383b7265676e756d7c733a323a222d31223b7265734d73677c733a3133343a223c64697620636c6173733d226572726f726d73672d62223e706c616e20746f2064617465206d75737420626520616674657220706c616e2066726f6d20646174653c2f6469763e3c64697620636c6173733d226572726f726d73672d62223e496e76616c69642076616c756520666f7220746865206d61726b7570206e616d653c2f6469763e223b7265735468656d657c733a31383a2262672d696e666f20746578742d7768697465223b),
('7kkstbhfjgqsaakhpdr2s9vr3dit1kri', '172.69.163.138', 1710921384, 0x5f5f63695f6c6173745f726567656e65726174657c693a313731303932303534393b61646d696e5f69647c733a313a2231223b636f6e746163745f6e616d657c733a31333a2241646d696e6973747261746f72223b757365725f747970655f69647c733a313a2231223b61646d696e5f656d61696c7c733a353a2261646d696e223b69734c6f67676564496e7c623a313b61646d696e5f6c6f67696e5f74696d657c693a313731303932303535373b),
('7rl8rt2mu6o4mirio0v74gl9vrrc0kig', '172.69.163.130', 1697688971, 0x5f5f63695f6c6173745f726567656e65726174657c693a313639373638383836343b61646d696e5f69647c733a313a2231223b636f6e746163745f6e616d657c733a31333a2241646d696e6973747261746f72223b757365725f747970655f69647c733a313a2231223b61646d696e5f656d61696c7c733a353a2261646d696e223b69734c6f67676564496e7c623a313b61646d696e5f6c6f67696e5f74696d657c693a313639373638373437303b),
('7tg73rp8vg9616r05lorca5ur1qoe8av', '172.69.163.145', 1710911002, 0x5f5f63695f6c6173745f726567656e65726174657c693a313731303931313030323b),
('86masiba585mobu0pvgl98b9ama25mai', '172.71.124.69', 1723210734, 0x5f5f63695f6c6173745f726567656e65726174657c693a313732333231303731303b),
('89jnj4c49ina4vdbbvesnqk4heapp1m1', '172.69.163.138', 1725346742, 0x5f5f63695f6c6173745f726567656e65726174657c693a313732353334363734323b),
('8ou19gknrejidvk6t2p52e56vcso658r', '172.69.163.139', 1721628762, 0x5f5f63695f6c6173745f726567656e65726174657c693a313732313632383736323b),
('9tgqlesjqph85u9s3i8ichevatu4rd0a', '172.68.91.156', 1709015588, 0x5f5f63695f6c6173745f726567656e65726174657c693a313730393031353538383b61646d696e5f69647c733a313a2231223b636f6e746163745f6e616d657c733a31333a2241646d696e6973747261746f72223b757365725f747970655f69647c733a313a2231223b61646d696e5f656d61696c7c733a353a2261646d696e223b69734c6f67676564496e7c623a313b61646d696e5f6c6f67696e5f74696d657c693a313730393031343332383b),
('a3jsfkspvebli16rt1dhech9npbmutdk', '172.69.163.147', 1709735425, 0x5f5f63695f6c6173745f726567656e65726174657c693a313730393733353338393b61646d696e5f69647c733a313a2231223b636f6e746163745f6e616d657c733a31333a2241646d696e6973747261746f72223b757365725f747970655f69647c733a313a2231223b61646d696e5f656d61696c7c733a353a2261646d696e223b69734c6f67676564496e7c623a313b61646d696e5f6c6f67696e5f74696d657c693a313730393733333830383b),
('a7bdfkfbdp154fm8nbi5vp9eu056id9g', '172.69.163.145', 1733000430, 0x5f5f63695f6c6173745f726567656e65726174657c693a313733333030303433303b61646d696e5f69647c733a313a2231223b636f6e746163745f6e616d657c733a31333a2241646d696e6973747261746f72223b757365725f747970655f69647c733a313a2231223b61646d696e5f656d61696c7c733a353a2261646d696e223b69734c6f67676564496e7c623a313b61646d696e5f6c6f67696e5f74696d657c693a313733323939323933383b),
('a91k34m9940ltbfduds17u68bff8k88c', '172.68.91.161', 1723206663, 0x61646d696e5f69647c733a313a2231223b636f6e746163745f6e616d657c733a31333a2241646d696e6973747261746f72223b757365725f747970655f69647c733a313a2231223b61646d696e5f656d61696c7c733a353a2261646d696e223b69734c6f67676564496e7c623a313b61646d696e5f6c6f67696e5f74696d657c693a313732333230353231333b5f5f63695f6c6173745f726567656e65726174657c693a313732333230363636333b),
('adlhj2svdhh9k019aookro7jntecvtde', '172.68.91.161', 1723210709, 0x61646d696e5f69647c733a313a2231223b636f6e746163745f6e616d657c733a31333a2241646d696e6973747261746f72223b757365725f747970655f69647c733a313a2231223b61646d696e5f656d61696c7c733a353a2261646d696e223b69734c6f67676564496e7c623a313b61646d696e5f6c6f67696e5f74696d657c693a313732333230353231333b5f5f63695f6c6173745f726567656e65726174657c693a313732333231303730393b),
('aiv0uocrqmfs2n17416096eq4ih0kkil', '172.69.163.145', 1709735028, 0x5f5f63695f6c6173745f726567656e65726174657c693a313730393733353032383b61646d696e5f69647c733a313a2231223b636f6e746163745f6e616d657c733a31333a2241646d696e6973747261746f72223b757365725f747970655f69647c733a313a2231223b61646d696e5f656d61696c7c733a353a2261646d696e223b69734c6f67676564496e7c623a313b61646d696e5f6c6f67696e5f74696d657c693a313730393733333830383b),
('baauat3oqetqt42970pa6fpr52os9mgq', '172.68.91.160', 1723209445, 0x61646d696e5f69647c733a313a2231223b636f6e746163745f6e616d657c733a31333a2241646d696e6973747261746f72223b757365725f747970655f69647c733a313a2231223b61646d696e5f656d61696c7c733a353a2261646d696e223b69734c6f67676564496e7c623a313b61646d696e5f6c6f67696e5f74696d657c693a313732333230353231333b5f5f63695f6c6173745f726567656e65726174657c693a313732333230393434353b),
('bl6rp79flc79j4kthebe4p6bptset4ao', '172.69.163.144', 1732877154, 0x5f5f63695f6c6173745f726567656e65726174657c693a313733323837373135343b),
('c77dul2q3hfjv5mg4tim8u5vhjrekv4c', '172.69.163.148', 1723714282, 0x5f5f63695f6c6173745f726567656e65726174657c693a313732333731343238323b),
('c799m9usrpdle1lsd4l5ejqhu1ic1e0a', '172.69.163.144', 1732783000, 0x5f5f63695f6c6173745f726567656e65726174657c693a313733323738333030303b61646d696e5f69647c733a313a2231223b636f6e746163745f6e616d657c733a31333a2241646d696e6973747261746f72223b757365725f747970655f69647c733a313a2231223b61646d696e5f656d61696c7c733a353a2261646d696e223b69734c6f67676564496e7c623a313b61646d696e5f6c6f67696e5f74696d657c693a313733323737383031343b),
('cqts3360ggm4qdarbb2a8dqkgron5bf9', '172.69.163.141', 1732687101, 0x5f5f63695f6c6173745f726567656e65726174657c693a313733323638373130313b),
('ctmgadi9kasclfg7tadf0827at9l7iau', '172.69.163.139', 1706598731, 0x5f5f63695f6c6173745f726567656e65726174657c693a313730363539383733313b61646d696e5f69647c733a313a2231223b636f6e746163745f6e616d657c733a31333a2241646d696e6973747261746f72223b757365725f747970655f69647c733a313a2231223b61646d696e5f656d61696c7c733a353a2261646d696e223b69734c6f67676564496e7c623a313b61646d696e5f6c6f67696e5f74696d657c693a313730363539383135303b),
('d0rdkupug0s8i7dp2s91jr50bvcg9pvl', '172.71.124.42', 1733126769, 0x5f5f63695f6c6173745f726567656e65726174657c693a313733333132363736393b),
('ecqaj26vveiq5llri9noraip3ihqs2im', '172.69.163.141', 1708930554, 0x5f5f63695f6c6173745f726567656e65726174657c693a313730383933303535343b61646d696e5f69647c733a313a2231223b636f6e746163745f6e616d657c733a31333a2241646d696e6973747261746f72223b757365725f747970655f69647c733a313a2231223b61646d696e5f656d61696c7c733a353a2261646d696e223b69734c6f67676564496e7c623a313b61646d696e5f6c6f67696e5f74696d657c693a313730383933303137393b),
('eg50tho8b1sbmopd6tofrpo7u2pn1c44', '172.69.163.144', 1732785937, 0x5f5f63695f6c6173745f726567656e65726174657c693a313733323738353933373b),
('eobr3n65on9f3opa7hbai53u6vgs6buj', '172.69.163.145', 1732992967, 0x5f5f63695f6c6173745f726567656e65726174657c693a313733323939323936373b),
('f59v1ra4khhqqg9aicqg7m4drafj1t2f', '172.69.163.144', 1724933233, 0x5f5f63695f6c6173745f726567656e65726174657c693a313732343933333233333b61646d696e5f69647c733a313a2231223b636f6e746163745f6e616d657c733a31333a2241646d696e6973747261746f72223b757365725f747970655f69647c733a313a2231223b61646d696e5f656d61696c7c733a353a2261646d696e223b69734c6f67676564496e7c623a313b61646d696e5f6c6f67696e5f74696d657c693a313732343933303338373b),
('f85509a19fbp0kf8ukt8ppc2i1tafdpg', '172.68.91.132', 1709015831, 0x5f5f63695f6c6173745f726567656e65726174657c693a313730393031353538383b61646d696e5f69647c733a313a2231223b636f6e746163745f6e616d657c733a31333a2241646d696e6973747261746f72223b757365725f747970655f69647c733a313a2231223b61646d696e5f656d61696c7c733a353a2261646d696e223b69734c6f67676564496e7c623a313b61646d696e5f6c6f67696e5f74696d657c693a313730393031343332383b),
('fd308eha09cliq852bhqk58l6gb153ld', '172.71.210.76', 1733129613, 0x5f5f63695f6c6173745f726567656e65726174657c693a313733333132393431383b61646d696e5f69647c733a313a2231223b636f6e746163745f6e616d657c733a31333a2241646d696e6973747261746f72223b757365725f747970655f69647c733a313a2231223b61646d696e5f656d61696c7c733a353a2261646d696e223b69734c6f67676564496e7c623a313b61646d696e5f6c6f67696e5f74696d657c693a313733333132393433343b),
('fkhv78buoa0jcoe8ggqgjtu4d62poihb', '172.68.91.162', 1709015274, 0x5f5f63695f6c6173745f726567656e65726174657c693a313730393031353237343b61646d696e5f69647c733a313a2231223b636f6e746163745f6e616d657c733a31333a2241646d696e6973747261746f72223b757365725f747970655f69647c733a313a2231223b61646d696e5f656d61696c7c733a353a2261646d696e223b69734c6f67676564496e7c623a313b61646d696e5f6c6f67696e5f74696d657c693a313730393031343332383b),
('fo473ceefusnptrvsd1ugch3fr0431bs', '162.158.163.180', 1733547676, 0x5f5f63695f6c6173745f726567656e65726174657c693a313733333534373637363b61646d696e5f69647c733a313a2231223b636f6e746163745f6e616d657c733a31333a2241646d696e6973747261746f72223b757365725f747970655f69647c733a313a2231223b61646d696e5f656d61696c7c733a353a2261646d696e223b69734c6f67676564496e7c623a313b61646d696e5f6c6f67696e5f74696d657c693a313733333534373237343b),
('fsr2i63cl7lrc3ot89l09rtjdtum2e8k', '172.69.163.140', 1732859496, 0x5f5f63695f6c6173745f726567656e65726174657c693a313733323835393337393b61646d696e5f69647c733a313a2231223b636f6e746163745f6e616d657c733a31333a2241646d696e6973747261746f72223b757365725f747970655f69647c733a313a2231223b61646d696e5f656d61696c7c733a353a2261646d696e223b69734c6f67676564496e7c623a313b61646d696e5f6c6f67696e5f74696d657c693a313733323835393338363b),
('fub7homc68nh1amngjgjhpkqfe8l17t0', '172.69.163.149', 1732996763, 0x5f5f63695f6c6173745f726567656e65726174657c693a313733323939363736333b61646d696e5f69647c733a313a2231223b636f6e746163745f6e616d657c733a31333a2241646d696e6973747261746f72223b757365725f747970655f69647c733a313a2231223b61646d696e5f656d61696c7c733a353a2261646d696e223b69734c6f67676564496e7c623a313b61646d696e5f6c6f67696e5f74696d657c693a313733323939323933383b),
('gmp5qgsa8oi4etqihs4ncnb3s4ep0vr8', '172.69.163.139', 1706598731, 0x5f5f63695f6c6173745f726567656e65726174657c693a313730363539383733313b61646d696e5f69647c733a313a2231223b636f6e746163745f6e616d657c733a31333a2241646d696e6973747261746f72223b757365725f747970655f69647c733a313a2231223b61646d696e5f656d61696c7c733a353a2261646d696e223b69734c6f67676564496e7c623a313b61646d696e5f6c6f67696e5f74696d657c693a313730363539383135303b),
('hd2ivh4u96pkjfcaieb0ga0dghrinaai', '172.69.163.145', 1732994382, 0x5f5f63695f6c6173745f726567656e65726174657c693a313733323939343338323b61646d696e5f69647c733a313a2231223b636f6e746163745f6e616d657c733a31333a2241646d696e6973747261746f72223b757365725f747970655f69647c733a313a2231223b61646d696e5f656d61696c7c733a353a2261646d696e223b69734c6f67676564496e7c623a313b61646d696e5f6c6f67696e5f74696d657c693a313733323939323933383b),
('hetersb90v927836fheg9qao939jv7s1', '172.68.91.161', 1723205551, 0x61646d696e5f69647c733a313a2231223b636f6e746163745f6e616d657c733a31333a2241646d696e6973747261746f72223b757365725f747970655f69647c733a313a2231223b61646d696e5f656d61696c7c733a353a2261646d696e223b69734c6f67676564496e7c623a313b61646d696e5f6c6f67696e5f74696d657c693a313732333230353231333b5f5f63695f6c6173745f726567656e65726174657c693a313732333230353535313b),
('hln32t7p2fafouaa98c0bdg5hh2hskfu', '172.69.163.141', 1708930811, 0x5f5f63695f6c6173745f726567656e65726174657c693a313730383933303535343b61646d696e5f69647c733a313a2231223b636f6e746163745f6e616d657c733a31333a2241646d696e6973747261746f72223b757365725f747970655f69647c733a313a2231223b61646d696e5f656d61696c7c733a353a2261646d696e223b69734c6f67676564496e7c623a313b61646d696e5f6c6f67696e5f74696d657c693a313730383933303137393b),
('ifbphno3j2vct8n2ha3c031ara0069pp', '172.69.163.141', 1732687101, 0x5f5f63695f6c6173745f726567656e65726174657c693a313733323638373130313b61646d696e5f69647c733a313a2231223b636f6e746163745f6e616d657c733a31333a2241646d696e6973747261746f72223b757365725f747970655f69647c733a313a2231223b61646d696e5f656d61696c7c733a353a2261646d696e223b69734c6f67676564496e7c623a313b61646d696e5f6c6f67696e5f74696d657c693a313733323638363538303b),
('ijdqf7pegu5gi9t02af1rundog93eenm', '172.69.163.147', 1709733084, 0x5f5f63695f6c6173745f726567656e65726174657c693a313730393733333036373b61646d696e5f69647c733a313a2231223b636f6e746163745f6e616d657c733a31333a2241646d696e6973747261746f72223b757365725f747970655f69647c733a313a2231223b61646d696e5f656d61696c7c733a353a2261646d696e223b69734c6f67676564496e7c623a313b61646d696e5f6c6f67696e5f74696d657c693a313730393733333038343b),
('iqj39nnqjd8vbcif0t6bnk46bkpg3duq', '172.69.163.140', 1697688119, 0x5f5f63695f6c6173745f726567656e65726174657c693a313639373638383131393b61646d696e5f69647c733a313a2231223b636f6e746163745f6e616d657c733a31333a2241646d696e6973747261746f72223b757365725f747970655f69647c733a313a2231223b61646d696e5f656d61696c7c733a353a2261646d696e223b69734c6f67676564496e7c623a313b61646d696e5f6c6f67696e5f74696d657c693a313639373638373437303b),
('is670ev3cod9alb2dnonh0ge8bvh5qtk', '172.70.143.190', 1732877816, 0x5f5f63695f6c6173745f726567656e65726174657c693a313733323837373135343b61646d696e5f69647c733a313a2231223b636f6e746163745f6e616d657c733a31333a2241646d696e6973747261746f72223b757365725f747970655f69647c733a313a2231223b61646d696e5f656d61696c7c733a353a2261646d696e223b69734c6f67676564496e7c623a313b61646d696e5f6c6f67696e5f74696d657c693a313733323837373136373b),
('jc39bi2u38m01hvc5glrpjphf76n4e2d', '172.68.91.149', 1723210168, 0x61646d696e5f69647c733a313a2231223b636f6e746163745f6e616d657c733a31333a2241646d696e6973747261746f72223b757365725f747970655f69647c733a313a2231223b61646d696e5f656d61696c7c733a353a2261646d696e223b69734c6f67676564496e7c623a313b61646d696e5f6c6f67696e5f74696d657c693a313732333230353231333b5f5f63695f6c6173745f726567656e65726174657c693a313732333231303136383b),
('jmnju0cncel15q1lst4qfr413rnfrc9d', '172.69.163.130', 1704712771, 0x5f5f63695f6c6173745f726567656e65726174657c693a313730343731323737313b),
('jqv1vud60sn6b7tmeeqen6fs0v0gunkr', '172.69.163.138', 1724933500, 0x5f5f63695f6c6173745f726567656e65726174657c693a313732343933333233333b61646d696e5f69647c733a313a2231223b636f6e746163745f6e616d657c733a31333a2241646d696e6973747261746f72223b757365725f747970655f69647c733a313a2231223b61646d696e5f656d61696c7c733a353a2261646d696e223b69734c6f67676564496e7c623a313b61646d696e5f6c6f67696e5f74696d657c693a313732343933303338373b7265676e756d7c733a323a222d31223b7265734d73677c733a36393a223c64697620636c6173733d226572726f726d73672d62223e546865206d617374657220646f636b6574206e6f206669656c642069732072657175697265642e3c2f6469763e223b7265735468656d657c733a31383a2262672d696e666f20746578742d7768697465223b),
('kfiip6fve1ghlgdbco9sot246jb80e8n', '172.69.163.145', 1732992967, 0x5f5f63695f6c6173745f726567656e65726174657c693a313733323939323936373b),
('km7de6dng1spq3hmcabsvl01va3u4a6d', '172.69.163.138', 1732993961, 0x5f5f63695f6c6173745f726567656e65726174657c693a313733323939333936313b61646d696e5f69647c733a313a2231223b636f6e746163745f6e616d657c733a31333a2241646d696e6973747261746f72223b757365725f747970655f69647c733a313a2231223b61646d696e5f656d61696c7c733a353a2261646d696e223b69734c6f67676564496e7c623a313b61646d696e5f6c6f67696e5f74696d657c693a313733323939323933383b),
('kmf1s2jv6tviah96u83ce9soej76imgn', '172.71.210.252', 1733129615, 0x61646d696e5f69647c733a313a2231223b636f6e746163745f6e616d657c733a31333a2241646d696e6973747261746f72223b757365725f747970655f69647c733a313a2231223b61646d696e5f656d61696c7c733a353a2261646d696e223b69734c6f67676564496e7c623a313b61646d696e5f6c6f67696e5f74696d657c693a313733333132393339303b5f5f63695f6c6173745f726567656e65726174657c693a313733333132393339313b),
('kpbv247d0ibdcsc28hfvak5palrtfbh3', '172.69.163.145', 1724238967, 0x5f5f63695f6c6173745f726567656e65726174657c693a313732343233383936373b),
('l4be5thsqi8hle9uo7sarc0df28tqtfn', '172.69.163.140', 1724906355, 0x5f5f63695f6c6173745f726567656e65726174657c693a313732343930363333333b61646d696e5f69647c733a313a2231223b636f6e746163745f6e616d657c733a31333a2241646d696e6973747261746f72223b757365725f747970655f69647c733a313a2231223b61646d696e5f656d61696c7c733a353a2261646d696e223b69734c6f67676564496e7c623a313b61646d696e5f6c6f67696e5f74696d657c693a313732343930363334363b),
('l53qivgl5b9jme0ibpvsnc491hd1t0aj', '172.69.163.145', 1732779096, 0x5f5f63695f6c6173745f726567656e65726174657c693a313733323737393039363b),
('lv4l5aoa7i3qfub854q5cn6g74nlsb3m', '172.69.163.141', 1709734257, 0x5f5f63695f6c6173745f726567656e65726174657c693a313730393733343235373b61646d696e5f69647c733a313a2231223b636f6e746163745f6e616d657c733a31333a2241646d696e6973747261746f72223b757365725f747970655f69647c733a313a2231223b61646d696e5f656d61696c7c733a353a2261646d696e223b69734c6f67676564496e7c623a313b61646d696e5f6c6f67696e5f74696d657c693a313730393733333830383b),
('m2gfljcarktghf3knge5ctg3skpk6efb', '172.69.163.149', 1732993228, 0x5f5f63695f6c6173745f726567656e65726174657c693a313733323939333232383b61646d696e5f69647c733a313a2231223b636f6e746163745f6e616d657c733a31333a2241646d696e6973747261746f72223b757365725f747970655f69647c733a313a2231223b61646d696e5f656d61696c7c733a353a2261646d696e223b69734c6f67676564496e7c623a313b61646d696e5f6c6f67696e5f74696d657c693a313733323939323933383b),
('m9rd6vgirc3gmjhr90r5md2sqpuvot4k', '172.68.91.160', 1723206040, 0x61646d696e5f69647c733a313a2231223b636f6e746163745f6e616d657c733a31333a2241646d696e6973747261746f72223b757365725f747970655f69647c733a313a2231223b61646d696e5f656d61696c7c733a353a2261646d696e223b69734c6f67676564496e7c623a313b61646d696e5f6c6f67696e5f74696d657c693a313732333230353231333b5f5f63695f6c6173745f726567656e65726174657c693a313732333230363034303b),
('md5qudbk7sdf7p7k1ih4ficun9fu5u8e', '172.69.163.141', 1722247879, 0x5f5f63695f6c6173745f726567656e65726174657c693a313732323234373837393b),
('nufp5c6piuajh198duh3f98j0vgl4ed5', '162.158.163.179', 1733547676, 0x5f5f63695f6c6173745f726567656e65726174657c693a313733333534373637363b61646d696e5f69647c733a313a2231223b636f6e746163745f6e616d657c733a31333a2241646d696e6973747261746f72223b757365725f747970655f69647c733a313a2231223b61646d696e5f656d61696c7c733a353a2261646d696e223b69734c6f67676564496e7c623a313b61646d696e5f6c6f67696e5f74696d657c693a313733333534373237343b),
('on6uncnimetahgcv9uieft988roonvv1', '172.69.163.141', 1732783489, 0x5f5f63695f6c6173745f726567656e65726174657c693a313733323738333438393b61646d696e5f69647c733a313a2231223b636f6e746163745f6e616d657c733a31333a2241646d696e6973747261746f72223b757365725f747970655f69647c733a313a2231223b61646d696e5f656d61696c7c733a353a2261646d696e223b69734c6f67676564496e7c623a313b61646d696e5f6c6f67696e5f74696d657c693a313733323737383031343b),
('p96m40v435b60ho4djuh98ah860jc7nn', '172.69.163.140', 1723284304, 0x5f5f63695f6c6173745f726567656e65726174657c693a313732333238343139303b61646d696e5f69647c733a313a2231223b636f6e746163745f6e616d657c733a31333a2241646d696e6973747261746f72223b757365725f747970655f69647c733a313a2231223b61646d696e5f656d61696c7c733a353a2261646d696e223b69734c6f67676564496e7c623a313b61646d696e5f6c6f67696e5f74696d657c693a313732333238343230323b),
('pel6o12vqn69npbktj1f76k0ckomd5f0', '172.71.124.26', 1723607376, 0x5f5f63695f6c6173745f726567656e65726174657c693a313732333630373336373b),
('r78j3jmai9jaqd0dfc8hsbpdccs251ki', '172.68.91.148', 1723201914, 0x5f5f63695f6c6173745f726567656e65726174657c693a313732333230313931343b),
('r8pk5jgisk295l5p31aoajbhhi3finup', '172.68.91.148', 1723209138, 0x61646d696e5f69647c733a313a2231223b636f6e746163745f6e616d657c733a31333a2241646d696e6973747261746f72223b757365725f747970655f69647c733a313a2231223b61646d696e5f656d61696c7c733a353a2261646d696e223b69734c6f67676564496e7c623a313b61646d696e5f6c6f67696e5f74696d657c693a313732333230353231333b5f5f63695f6c6173745f726567656e65726174657c693a313732333230393133383b),
('rdbh3c8n5rf0i8r6ugjm1b349sr7eddp', '172.69.163.138', 1732996243, 0x5f5f63695f6c6173745f726567656e65726174657c693a313733323939363234333b61646d696e5f69647c733a313a2231223b636f6e746163745f6e616d657c733a31333a2241646d696e6973747261746f72223b757365725f747970655f69647c733a313a2231223b61646d696e5f656d61696c7c733a353a2261646d696e223b69734c6f67676564496e7c623a313b61646d696e5f6c6f67696e5f74696d657c693a313733323939323933383b),
('rfeut2qhhlot213t197cn1bh6hm9oa5i', '172.69.163.149', 1721632326, 0x5f5f63695f6c6173745f726567656e65726174657c693a313732313633323235393b61646d696e5f69647c733a313a2231223b636f6e746163745f6e616d657c733a31333a2241646d696e6973747261746f72223b757365725f747970655f69647c733a313a2231223b61646d696e5f656d61696c7c733a353a2261646d696e223b69734c6f67676564496e7c623a313b61646d696e5f6c6f67696e5f74696d657c693a313732313632383638383b7265676e756d7c733a323a222d31223b7265734d73677c733a3133343a223c64697620636c6173733d226572726f726d73672d62223e706c616e20746f2064617465206d75737420626520616674657220706c616e2066726f6d20646174653c2f6469763e3c64697620636c6173733d226572726f726d73672d62223e496e76616c69642076616c756520666f7220746865206d61726b7570206e616d653c2f6469763e223b7265735468656d657c733a31383a2262672d696e666f20746578742d7768697465223b),
('rkpdkl0d80t8srfqleeao5jug6k4d9m1', '172.69.163.144', 1709734673, 0x5f5f63695f6c6173745f726567656e65726174657c693a313730393733343637333b61646d696e5f69647c733a313a2231223b636f6e746163745f6e616d657c733a31333a2241646d696e6973747261746f72223b757365725f747970655f69647c733a313a2231223b61646d696e5f656d61696c7c733a353a2261646d696e223b69734c6f67676564496e7c623a313b61646d696e5f6c6f67696e5f74696d657c693a313730393733333830383b),
('sf49mmio0lqo1jaljrispbn3vu9gj7gg', '162.158.114.235', 1733130670, 0x5f5f63695f6c6173745f726567656e65726174657c693a313733333133303338383b61646d696e5f69647c733a313a2231223b636f6e746163745f6e616d657c733a31333a2241646d696e6973747261746f72223b757365725f747970655f69647c733a313a2231223b61646d696e5f656d61696c7c733a353a2261646d696e223b69734c6f67676564496e7c623a313b61646d696e5f6c6f67696e5f74696d657c693a313733333133303039323b),
('so7hg3180tbgo4mqg860lcoqo3vamivd', '162.158.162.72', 1733546855, 0x5f5f63695f6c6173745f726567656e65726174657c693a313733333534363835303b61646d696e5f69647c733a313a2231223b636f6e746163745f6e616d657c733a31333a2241646d696e6973747261746f72223b757365725f747970655f69647c733a313a2231223b61646d696e5f656d61696c7c733a353a2261646d696e223b69734c6f67676564496e7c623a313b61646d696e5f6c6f67696e5f74696d657c693a313733333534363835353b),
('tm2av3bffcndb3kjpf3fq3its9jva56v', '172.68.91.133', 1709014951, 0x5f5f63695f6c6173745f726567656e65726174657c693a313730393031343935313b61646d696e5f69647c733a313a2231223b636f6e746163745f6e616d657c733a31333a2241646d696e6973747261746f72223b757365725f747970655f69647c733a313a2231223b61646d696e5f656d61696c7c733a353a2261646d696e223b69734c6f67676564496e7c623a313b61646d696e5f6c6f67696e5f74696d657c693a313730393031343332383b),
('u4qu3dn4413f3j8nciesq0dp8m5mo8t4', '172.69.163.141', 1732994877, 0x5f5f63695f6c6173745f726567656e65726174657c693a313733323939343837373b61646d696e5f69647c733a313a2231223b636f6e746163745f6e616d657c733a31333a2241646d696e6973747261746f72223b757365725f747970655f69647c733a313a2231223b61646d696e5f656d61696c7c733a353a2261646d696e223b69734c6f67676564496e7c623a313b61646d696e5f6c6f67696e5f74696d657c693a313733323939323933383b),
('ujak0ppbfljg4j3eb0sokf41euojp43l', '172.69.163.147', 1709735389, 0x5f5f63695f6c6173745f726567656e65726174657c693a313730393733353338393b61646d696e5f69647c733a313a2231223b636f6e746163745f6e616d657c733a31333a2241646d696e6973747261746f72223b757365725f747970655f69647c733a313a2231223b61646d696e5f656d61696c7c733a353a2261646d696e223b69734c6f67676564496e7c623a313b61646d696e5f6c6f67696e5f74696d657c693a313730393733333830383b),
('ujd0i1p0toq4dcn7u2jo7rhi0mnr58ra', '172.69.163.140', 1732785156, 0x5f5f63695f6c6173745f726567656e65726174657c693a313733323738353135363b61646d696e5f69647c733a313a2231223b636f6e746163745f6e616d657c733a31333a2241646d696e6973747261746f72223b757365725f747970655f69647c733a313a2231223b61646d696e5f656d61696c7c733a353a2261646d696e223b69734c6f67676564496e7c623a313b61646d696e5f6c6f67696e5f74696d657c693a313733323737383031343b),
('usk5ujnh8d0e7705kv3ttkfr1csgio2o', '172.69.163.149', 1721628762, 0x5f5f63695f6c6173745f726567656e65726174657c693a313732313632383736323b),
('uubr9u8gacr3bik4givscotjug4crkk8', '172.69.163.141', 1732778767, 0x5f5f63695f6c6173745f726567656e65726174657c693a313733323737383736373b61646d696e5f69647c733a313a2231223b636f6e746163745f6e616d657c733a31333a2241646d696e6973747261746f72223b757365725f747970655f69647c733a313a2231223b61646d696e5f656d61696c7c733a353a2261646d696e223b69734c6f67676564496e7c623a313b61646d696e5f6c6f67696e5f74696d657c693a313733323737383031343b),
('v44mfrn7p0rrp67f795r290foip3n2dt', '172.69.163.141', 1732686851, 0x5f5f63695f6c6173745f726567656e65726174657c693a313733323638363835313b),
('vlip24uf6hbmtgndd1vos38jj6rd0glf', '172.69.163.141', 1732785936, 0x5f5f63695f6c6173745f726567656e65726174657c693a313733323738353933363b61646d696e5f69647c733a313a2231223b636f6e746163745f6e616d657c733a31333a2241646d696e6973747261746f72223b757365725f747970655f69647c733a313a2231223b61646d696e5f656d61696c7c733a353a2261646d696e223b69734c6f67676564496e7c623a313b61646d696e5f6c6f67696e5f74696d657c693a313733323737383031343b),
('vqgqrs8f2ajcj3n5u5tvllik4p0d4lo2', '172.69.163.141', 1710496508, 0x5f5f63695f6c6173745f726567656e65726174657c693a313731303439363530383b);

-- --------------------------------------------------------

--
-- Table structure for table `company`
--

CREATE TABLE `company` (
  `id` int(11) NOT NULL,
  `company_name` varchar(255) NOT NULL,
  `service_charge_value` varchar(255) NOT NULL,
  `vat_charge_value` varchar(255) NOT NULL,
  `address` varchar(255) NOT NULL,
  `phone` varchar(255) NOT NULL,
  `country` varchar(255) NOT NULL,
  `message` text NOT NULL,
  `currency` varchar(255) NOT NULL
) ENGINE=InnoDB DEFAULT CHARSET=utf8;

--
-- Dumping data for table `company`
--

INSERT INTO `company` (`id`, `company_name`, `service_charge_value`, `vat_charge_value`, `address`, `phone`, `country`, `message`, `currency`) VALUES
(1, 'eRav Technologies', '', '13', 'READING', '234234235', 'Sri Lanka', 'this is just an testing', 'LKR');

-- --------------------------------------------------------

--
-- Table structure for table `csvlog`
--

CREATE TABLE `csvlog` (
  `batchno` int(11) NOT NULL,
  `csvname` varchar(200) DEFAULT NULL COMMENT 'csv-file-name',
  `uiid` smallint(6) NOT NULL COMMENT 'muis-uiid-in-which-the-file-imported',
  `username` varchar(20) NOT NULL,
  `logtime` timestamp NOT NULL DEFAULT current_timestamp()
) ENGINE=InnoDB DEFAULT CHARSET=latin1;

-- --------------------------------------------------------

--
-- Table structure for table `employees`
--

CREATE TABLE `employees` (
  `id` int(10) UNSIGNED NOT NULL,
  `emp_id` int(11) NOT NULL,
  `emp_fp_id` int(11) NOT NULL,
  `emp_etfno` varchar(255) NOT NULL,
  `service_no` varchar(150) NOT NULL,
  `emp_etfno_a` int(11) NOT NULL,
  `is_resigned` int(11) NOT NULL,
  `emp_name_with_initial` varchar(255) NOT NULL,
  `calling_name` varchar(255) NOT NULL,
  `emp_first_name` varchar(255) NOT NULL,
  `emp_med_name` varchar(255) DEFAULT NULL,
  `emp_last_name` varchar(255) NOT NULL,
  `emp_fullname` varchar(450) NOT NULL,
  `emp_nick_name` varchar(255) DEFAULT NULL,
  `emp_status` varchar(255) NOT NULL,
  `emp_birthday` date DEFAULT NULL,
  `emp_gender` varchar(255) DEFAULT NULL,
  `emp_marital_status` varchar(255) DEFAULT NULL,
  `emp_nationality` varchar(255) DEFAULT NULL,
  `emp_salary_grade` varchar(255) DEFAULT NULL,
  `emp_join_date` date DEFAULT NULL,
  `emp_permanent_date` varchar(255) NOT NULL,
  `emp_assign_date` varchar(255) NOT NULL,
  `tp1` varchar(45) DEFAULT NULL,
  `tp2` varchar(45) DEFAULT NULL,
  `emp_address` varchar(255) DEFAULT NULL,
  `emp_address_2` varchar(255) DEFAULT NULL,
  `emp_addressT1` varchar(255) NOT NULL,
  `emp_address_T2` varchar(255) NOT NULL,
  `emp_national_id` varchar(255) DEFAULT NULL,
  `emp_con_mobile` varchar(255) DEFAULT NULL,
  `emp_work_telephone` varchar(255) DEFAULT NULL,
  `emp_mobile` varchar(255) DEFAULT NULL,
  `emp_department` int(5) DEFAULT NULL,
  `no_of_casual_leaves` decimal(10,1) NOT NULL,
  `no_of_annual_leaves` decimal(10,1) NOT NULL,
  `emp_drive_license` varchar(255) DEFAULT NULL,
  `emp_license_expire_date` varchar(255) DEFAULT NULL,
  `emp_work_phone_no` varchar(255) DEFAULT NULL,
  `emp_email` varchar(255) DEFAULT NULL,
  `emp_other_email` varchar(255) DEFAULT NULL,
  `emp_home_no` varchar(255) DEFAULT NULL,
  `emp_location` varchar(255) DEFAULT NULL,
  `emp_shift` varchar(255) NOT NULL,
  `emp_city` varchar(255) DEFAULT NULL,
  `emp_province` varchar(255) DEFAULT NULL,
  `emp_country` varchar(255) DEFAULT NULL,
  `emp_postal_code` varchar(255) DEFAULT NULL,
  `emp_job_code` varchar(255) DEFAULT NULL,
  `emp_company` varchar(255) DEFAULT NULL,
  `emergency_contact_person` varchar(200) DEFAULT NULL,
  `emergency_contact_tp` varchar(15) DEFAULT NULL,
  `deleted` int(11) NOT NULL,
  `modified_user_id` varchar(255) DEFAULT NULL,
  `created_by` varchar(255) DEFAULT NULL,
  `created_at` timestamp NULL DEFAULT NULL,
  `updated_at` timestamp NULL DEFAULT NULL,
  `factory_id` int(11) DEFAULT NULL,
  `job_category_id` int(11) DEFAULT NULL,
  `work_category_id` int(11) DEFAULT NULL
) ENGINE=InnoDB DEFAULT CHARSET=utf8;

--
-- Dumping data for table `employees`
--

INSERT INTO `employees` (`id`, `emp_id`, `emp_fp_id`, `emp_etfno`, `service_no`, `emp_etfno_a`, `is_resigned`, `emp_name_with_initial`, `calling_name`, `emp_first_name`, `emp_med_name`, `emp_last_name`, `emp_fullname`, `emp_nick_name`, `emp_status`, `emp_birthday`, `emp_gender`, `emp_marital_status`, `emp_nationality`, `emp_salary_grade`, `emp_join_date`, `emp_permanent_date`, `emp_assign_date`, `tp1`, `tp2`, `emp_address`, `emp_address_2`, `emp_addressT1`, `emp_address_T2`, `emp_national_id`, `emp_con_mobile`, `emp_work_telephone`, `emp_mobile`, `emp_department`, `no_of_casual_leaves`, `no_of_annual_leaves`, `emp_drive_license`, `emp_license_expire_date`, `emp_work_phone_no`, `emp_email`, `emp_other_email`, `emp_home_no`, `emp_location`, `emp_shift`, `emp_city`, `emp_province`, `emp_country`, `emp_postal_code`, `emp_job_code`, `emp_company`, `emergency_contact_person`, `emergency_contact_tp`, `deleted`, `modified_user_id`, `created_by`, `created_at`, `updated_at`, `factory_id`, `job_category_id`, `work_category_id`) VALUES
(1, 123, 0, '123', '', 0, 0, 'TEst', 'Test', 'TEst', 'teST', 'teST', 'Test Employee', NULL, '1', NULL, NULL, NULL, NULL, NULL, NULL, '', '', '1234567890', NULL, NULL, NULL, '', '', '123456789v', NULL, NULL, '1234567890', 8, '0.0', '0.0', NULL, NULL, NULL, NULL, NULL, NULL, '1', '', NULL, NULL, NULL, NULL, '49', '1', NULL, NULL, 0, NULL, NULL, '2024-04-02 03:58:27', '2024-04-02 03:58:27', NULL, NULL, NULL),
(2, 88, 0, '88', '', 0, 0, 'P S Herath', 'Sunethra', 'Piyadasage', 'Sunethra', 'Herath', 'P Sunethra Herath', NULL, '1', '1973-10-20', 'Female', 'Married', 'Srilankan', NULL, '2008-06-23', '', '', '0765674216', NULL, '72,Kondom, Premarathra Road, Liyanagemulla, Seeduwa', NULL, '', '', '737942708V', NULL, '0112260060', '0765674216', 10, '0.0', '0.0', NULL, NULL, NULL, NULL, NULL, NULL, '1', '2', NULL, NULL, NULL, NULL, '9', '1', NULL, NULL, 0, NULL, NULL, '2024-04-14 22:47:40', '2024-04-15 00:48:47', NULL, 4, NULL),
(3, 149, 0, '149', '', 0, 0, 'B Swarnathilaka Perera', 'Swarna', 'Biyanwilage', 'Swarnathilaka', 'Perera', 'Biyanwilage Swarnathilaka Perera', NULL, '1', '1960-11-25', 'Female', 'Married', 'Srilankan', NULL, '2010-09-07', '', '', '762631006', NULL, '185/C1,Samagi Mawatha, Kotugoda', NULL, '', '', '608303987V', NULL, '0112260060', '762631006', 10, '0.0', '0.0', NULL, NULL, NULL, NULL, NULL, NULL, '1', '2', NULL, NULL, NULL, NULL, '54', '1', NULL, NULL, 0, NULL, NULL, '2024-04-14 23:08:32', '2024-04-15 01:08:06', NULL, 4, NULL),
(4, 167, 0, '167', '', 0, 0, 'W M N Damayanthi Weerasingha', 'Nayana', 'Nayana', 'Damayanthi', 'Weerasingha', 'Nayana Damayanthi  Weerasingha', NULL, '1', '1979-02-22', 'Female', 'Married', 'Srilankan', NULL, '2011-10-06', '', '', '776224194', NULL, '23/11/1, Pallawewa aadi, Ambalama', 'no.30, Policiya Pitipasa, Hingurangala', '', '', '795534180V', NULL, '0112260060', '776224194', 5, '0.0', '0.0', NULL, NULL, NULL, NULL, NULL, NULL, '1', '5', NULL, NULL, NULL, NULL, '49', '1', NULL, NULL, 0, NULL, NULL, '2024-04-15 00:13:26', '2024-08-26 01:28:13', NULL, 4, NULL),
(5, 178, 0, '178', '', 0, 0, 'S Chandramalar', 'malar', 'Sonaiah', 'Chandra', 'malar', 'Sonaiah Chadramalar', NULL, '1', '1984-03-05', 'Female', 'Unmarried', 'Srilankan', NULL, '2011-12-05', '', '', '763115673', NULL, 'Ruwanella estate,Ruwanwella', NULL, '', '', '845653038V', NULL, '0112260060', '763115673', 10, '0.0', '0.0', NULL, NULL, NULL, NULL, NULL, NULL, '1', '2', NULL, NULL, NULL, NULL, '55', '1', NULL, NULL, 0, NULL, NULL, '2024-04-15 01:23:36', '2024-04-15 01:24:33', NULL, 4, NULL),
(6, 191, 0, '191', '', 0, 0, 'N Kusuma Fernando', 'kusuma', 'Nangalage', 'Kusuma', 'Fernando', 'Nangalage Kusuma Fernando', NULL, '1', '1958-04-13', 'Female', 'Married', 'Srilankan', NULL, '2012-05-11', '', '', '779477350', NULL, '445/5, Kandha Mawatha, kurana, Katunayaka', NULL, '', '', '586041681V', NULL, '0112260060', '779477350', 10, '0.0', '0.0', NULL, NULL, NULL, NULL, NULL, NULL, '1', '2', NULL, NULL, NULL, NULL, '56', '1', NULL, NULL, 0, NULL, NULL, '2024-04-15 03:37:18', '2024-04-15 03:40:30', NULL, 4, NULL),
(7, 215, 0, '215', '', 0, 0, 'K P J Silva', 'Pearly', 'Kovilage', 'Pearly Jayalath', 'Silva', 'Kovilage Pearly Jayalath Silva', NULL, '1', '1959-02-17', 'Female', 'Married', 'Srilankan', NULL, '2012-10-11', '', '', '764047690', NULL, '222/5, Mukalangamuwa South, Seeduwa', NULL, '', '', '595483050V', NULL, '0112260060', '764047690', 10, '0.0', '0.0', NULL, NULL, NULL, NULL, NULL, NULL, '1', '2', NULL, NULL, NULL, NULL, '54', '1', NULL, NULL, 0, NULL, NULL, '2024-04-15 03:48:43', '2024-04-15 03:49:42', NULL, 4, NULL),
(8, 328, 0, '328', '', 0, 0, 'B M Irangani', 'Irangani', 'Balasuriya', 'Mudiyansalage Irangani', 'Jayarathna', 'Balasuriya Mudiyansalage Irangani Jayarathna', NULL, '1', '1961-09-29', 'Female', 'Married', 'Srilankan', NULL, '2014-03-12', '', '', '773464132', NULL, '72/A, Nadagamuwa, Kotugoda', NULL, '', '', '617730774V', NULL, '0112260060', '773464132', 10, '0.0', '0.0', NULL, NULL, NULL, NULL, NULL, NULL, '1', '2', NULL, NULL, NULL, NULL, '56', '1', NULL, NULL, 0, NULL, NULL, '2024-04-15 03:57:15', '2024-04-15 03:58:10', NULL, 4, NULL),
(9, 568, 0, '568', '', 0, 0, 'S M Malani', 'Kumari', 'Samaranayake', 'Mudiyansalage', 'Malani', 'Samaranayake Mudiyansalage Malani', NULL, '1', '1975-04-06', 'Female', 'Married', 'Srilankan', NULL, '2017-01-19', '', '', '771035359', NULL, 'R.P.801,14 Mawatha Rajapaksha pura, Seeduwa', NULL, '', '', '757973688V', NULL, '0112260060', '771035359', 10, '0.0', '0.0', NULL, NULL, NULL, NULL, NULL, NULL, '1', '2', NULL, NULL, NULL, NULL, '56', '1', NULL, NULL, 0, NULL, NULL, '2024-04-15 04:02:01', '2024-04-15 04:03:30', NULL, 4, NULL),
(10, 547, 0, '547', '', 0, 0, 'J A D Sandiya', 'Sandiya', 'Jayakodi Arachige', 'Dhon', 'Sandiya', 'Jayakodi Arachige Dhon Sandiya', NULL, '1', '1962-04-17', 'Female', 'Married', 'Srilankan', NULL, '2016-11-01', '', '', '778301330', NULL, '61, Aangampitiya East, Waikkala', NULL, '', '', '626082785V', NULL, '0112260060', '778301330', 10, '0.0', '0.0', NULL, NULL, NULL, NULL, NULL, NULL, '1', '2', NULL, NULL, NULL, NULL, '54', '1', NULL, NULL, 0, NULL, NULL, '2024-04-15 04:18:39', '2024-04-17 04:28:13', NULL, 4, NULL),
(11, 577, 0, '577', '', 0, 0, 'W D Gishan Lakmal', 'Lakmal', 'Walimulidewage', 'Gishan Lakmal', 'Fernando', 'Walimulidewage Gishan Lakmal', NULL, '1', '1990-10-28', 'Male', 'Married', 'Srilankan', NULL, '2017-02-22', '', '', '771796605', NULL, '37/05 Yatiyan, Minuwangoda', NULL, '', '', '903023414V', NULL, '0112260060', '771796605', 5, '0.0', '0.0', NULL, NULL, NULL, NULL, NULL, NULL, '1', '2', NULL, NULL, NULL, NULL, '50', '1', NULL, NULL, 0, NULL, NULL, '2024-04-17 01:00:59', '2024-04-17 01:10:46', NULL, 4, NULL),
(12, 520, 0, '520', '', 0, 0, 'Y Dinesh', 'Dinesh', 'Yogarathnam', 'Dinesh', 'Dinesh', 'Yogarathnam Dinesh', NULL, '1', '1996-04-02', 'Male', 'Unmarried', 'Srilankan', NULL, '2016-07-22', '', '', '778096735', NULL, 'Rook Wood Estate, Hewhate.', NULL, '', '', '960934172V', NULL, '0112260060', '778096735', 10, '0.0', '0.0', NULL, NULL, NULL, NULL, NULL, NULL, '1', '2', NULL, NULL, NULL, NULL, '60', '1', NULL, NULL, 0, NULL, NULL, '2024-04-17 01:15:36', '2024-10-01 09:42:28', NULL, 4, NULL),
(13, 598, 0, '598', '', 0, 0, 'S K Alexander', 'Rajah', 'S', 'K', 'Raja', 'S K Alexander', NULL, '1', '1964-12-25', 'Male', 'Married', 'Srilankan', NULL, '2017-07-01', '', '', '123456789', NULL, 'Rawanagoda, Akaramalai', NULL, '', '', 'n/a', NULL, '0112260060', '123456789', 13, '0.0', '0.0', NULL, NULL, NULL, NULL, NULL, NULL, '1', '2', NULL, NULL, NULL, NULL, '9', '1', NULL, NULL, 0, NULL, NULL, '2024-04-17 23:41:11', '2024-04-17 23:42:17', NULL, 4, NULL),
(14, 654, 0, '654', '', 0, 0, 'M K A Mukthadeer', 'Abdul', 'Mohamed', 'Kaleel abdul', 'Mukthadeer', 'Mohamed Kaleel Abdul Mukthadeer', NULL, '1', '1972-06-29', 'Male', 'Select', 'Select', NULL, '2001-01-20', '', '', '767996599', NULL, '293,Hijra Mawatha, Old Town, Madampe', NULL, '', '', '19721810105', NULL, '0112260060', '767996599', 5, '0.0', '0.0', NULL, NULL, NULL, NULL, NULL, NULL, '1', '5', NULL, NULL, NULL, NULL, '49', '1', NULL, NULL, 0, NULL, NULL, '2024-04-17 23:50:32', '2024-08-30 04:57:03', NULL, 4, NULL),
(15, 667, 0, '667', '', 0, 0, 'P Vimalakumaran', 'Vimal', 'Paramanathan', 'Vimalakumaran', 'Vimalakumaran', 'Paramanathan Vimalakumaran', NULL, '1', '1970-03-07', 'Male', 'Married', 'Srilankan', NULL, '2018-03-19', '', '', '123456789', NULL, 'Nelukulam, Vavuniya', NULL, '', '', '700670139V', NULL, '0112260060', '123456789', 5, '0.0', '0.0', NULL, NULL, NULL, NULL, NULL, NULL, '1', '5', NULL, NULL, NULL, NULL, '48', '1', NULL, NULL, 0, NULL, NULL, '2024-04-17 23:55:12', '2024-04-17 23:56:20', NULL, 4, NULL),
(16, 685, 0, '685', '', 0, 0, 'D M Somawathi', 'Somawathi', 'Dondasekara', 'Mudiyansalage', 'Somawathi', 'Dondasekara Mudiyansalage Somawathi', NULL, '1', '1977-09-02', 'Female', 'Married', 'Srilankan', NULL, '2018-06-02', '', '', '704246927', NULL, '01 Division, Rukwood Estate, Hewaheta', NULL, '', '', '197774603934', NULL, '0112260060', '704246927', 10, '0.0', '0.0', NULL, NULL, NULL, NULL, NULL, NULL, '1', '2', NULL, NULL, NULL, NULL, '56', '1', NULL, NULL, 0, NULL, NULL, '2024-04-18 00:46:35', '2024-04-18 00:48:35', NULL, 4, NULL),
(17, 728, 0, '728', '', 0, 0, 'A Magalechumi', 'lechumi', 'Alagan', 'Magalechumi', 'Magalechumi', 'Alagan Magalechumi', NULL, '1', '1966-07-20', 'Female', 'Married', 'Srilankan', NULL, '2018-09-19', '', '', '113121222', NULL, 'Anhol Section, Mahakanda Estate, Poonagala', NULL, '', '', '667023459V', NULL, '0112260060', '113121222', 10, '0.0', '0.0', NULL, NULL, NULL, NULL, NULL, NULL, '1', '2', NULL, NULL, NULL, NULL, '57', '1', NULL, NULL, 0, NULL, NULL, '2024-04-18 00:52:55', '2024-04-18 02:27:17', NULL, 4, NULL),
(18, 773, 0, '773', '', 0, 0, 'B Balendiran', 'bala', 'Balakrishnan', 'Balendiran', 'Bala', 'Balakrishnan Balendiran', NULL, '1', '1988-07-29', 'Male', 'Married', 'Srilankan', NULL, '2018-11-26', '', '', '767781545', NULL, '47/11A,Wington Estate, Lower Division, Haidry, Rozzalla', NULL, '', '', '198821110020', NULL, '0112260060', '767781545', 5, '0.0', '0.0', NULL, NULL, NULL, NULL, NULL, NULL, '1', '5', NULL, NULL, NULL, NULL, '49', '1', NULL, NULL, 0, NULL, NULL, '2024-04-18 01:24:40', '2024-04-18 02:25:46', NULL, 4, NULL),
(19, 1264, 0, '1264', '', 0, 0, 'T G J Hemalatha', 'janaki', 'Telkara Gedara', 'Janaki', 'Hemalatha', 'Telkara Gedara Janaki Hemalatha', NULL, '1', '1960-08-26', 'Female', 'Married', 'Srilankan', NULL, '2019-01-09', '', '', '743360982', NULL, '446/2/B,St.Sebastiyan Mawatha, Katunayaka', NULL, '', '', '196073910048', NULL, '0112260060', '743360982', 10, '0.0', '0.0', NULL, NULL, NULL, NULL, NULL, NULL, '1', '2', NULL, NULL, NULL, NULL, '57', '1', NULL, NULL, 0, NULL, NULL, '2024-04-18 02:30:39', '2024-12-31 00:38:13', NULL, 4, NULL),
(20, 795, 0, '795', '', 0, 0, 'A P Swarnalatha', 'Paranawithana', 'Ahagama', 'Paranawithanage', 'Swarnalatha', 'Ahagama Paranawithanage Swarnalatha', NULL, '1', '1963-08-13', 'Female', 'Married', 'Srilankan', NULL, '2019-01-18', '', '', '725831712', NULL, 'Liyanagemulla, seeduwa', NULL, '', '', '637262491V', NULL, '0112260060', '725831712', 10, '0.0', '0.0', NULL, NULL, NULL, NULL, NULL, NULL, '1', '2', NULL, NULL, NULL, NULL, '56', '1', NULL, NULL, 0, NULL, NULL, '2024-04-18 03:06:46', '2024-10-16 04:39:07', NULL, 4, NULL),
(21, 797, 0, '797', '', 0, 0, 'H.M.Nandawathi', 'Nandawathi', 'Herath', 'Mudiyansalage', 'Nandawathi', 'Herath Mudiyansalage Nandawathi', NULL, '1', '1961-12-21', 'Female', 'Married', 'Srilankan', NULL, '2019-02-11', '', '', '727257417', NULL, 'School House, Yalagamuwa', NULL, '', '', '618562964V', NULL, '0112260060', '727257417', 10, '0.0', '0.0', NULL, NULL, NULL, NULL, NULL, NULL, '1', '2', NULL, NULL, NULL, NULL, '54', '1', NULL, NULL, 0, NULL, NULL, '2024-04-18 03:54:40', '2024-04-18 03:57:25', NULL, 4, NULL),
(22, 1228, 0, '1228', '', 0, 0, 'R Nadeesh', 'Nadeesh', 'Rengaraj', 'Nadeesh', 'Nadeesh', 'Rengaraj Nadeesh', NULL, '1', '2000-01-30', 'Male', 'Married', 'Srilankan', NULL, '2019-03-05', '', '', '741188140', NULL, 'Muruganthenna Estate, Norton Bridge', NULL, '', '', '200003002324', NULL, '0112260060', '741188140', 10, '0.0', '0.0', NULL, NULL, NULL, NULL, NULL, NULL, '1', '2', NULL, NULL, NULL, NULL, '9', '1', NULL, NULL, 0, NULL, NULL, '2024-04-18 04:03:19', '2024-10-30 00:11:04', NULL, 4, NULL),
(23, 832, 0, '832', '', 0, 0, 'J A K Jayasinghe', 'Jayasinghe', 'Jayasinghe Arachilage', 'Karunawathi', 'Jayasinghe', 'Jayasinghe Arachilage Karunawathi Jayasinghe', NULL, '1', '1966-01-19', 'Female', 'Married', 'Srilankan', NULL, '2019-05-16', '', '', '711420730', NULL, '128, Uthanvida, Melsiripura', NULL, '', '', '665192296V', NULL, '0112260060', '711420730', 10, '0.0', '0.0', NULL, NULL, NULL, NULL, NULL, NULL, '1', '2', NULL, NULL, NULL, NULL, '56', '1', NULL, NULL, 1, NULL, NULL, '2024-04-18 04:08:42', '2024-04-18 04:10:08', NULL, 4, NULL),
(24, 848, 0, '848', '', 0, 0, 'B Karunawathi', 'Karunawathi', 'B', 'Karunawathi', 'karunawathi', 'B Karunawathi', NULL, '1', '1969-01-15', 'Female', 'Married', 'Srilankan', NULL, '2019-07-15', '', '', '743867569', NULL, NULL, NULL, '', '', '695153619V', NULL, '0112260060', '743867569', 10, '0.0', '0.0', NULL, NULL, NULL, NULL, NULL, NULL, '1', '2', NULL, NULL, NULL, NULL, '54', '1', NULL, NULL, 0, NULL, NULL, '2024-04-18 04:16:35', '2024-04-18 04:17:09', NULL, 4, NULL),
(25, 863, 0, '863', '', 0, 0, 'W Ranjani', 'Ranjani', 'Wallayya', 'Ranjanie', 'Ranjani', 'Wallayya Ranjani', NULL, '1', '1969-03-11', 'Female', 'Married', 'Srilankan', NULL, '2019-07-18', '', '', '778122667', NULL, '59, Station Road, Seeduwa', NULL, '', '', '196957103169', NULL, '0112260060', '778122667', 10, '0.0', '0.0', NULL, NULL, NULL, NULL, NULL, NULL, '1', '2', NULL, NULL, NULL, NULL, '57', '1', NULL, NULL, 0, NULL, NULL, '2024-04-18 04:20:02', '2024-04-18 04:21:07', NULL, 4, NULL),
(26, 865, 0, '865', '', 0, 0, 'H Ruparanjani', 'Ruparanjani', 'Hendalandya', 'Ruparanjani', 'Ruparanjani', 'Hendalandya Ruparanjani', NULL, '1', '1953-05-20', 'Female', 'Married', 'Srilankan', NULL, '2019-09-01', '', '', '765375937', NULL, '176/1, Udammita, JA-ELA', NULL, '', '', '536351388V', NULL, '0112260060', '765375937', 10, '0.0', '0.0', NULL, NULL, NULL, NULL, NULL, NULL, '1', '2', NULL, NULL, NULL, NULL, '54', '1', NULL, NULL, 0, NULL, NULL, '2024-04-18 04:23:45', '2024-04-18 04:24:39', NULL, 4, NULL),
(27, 870, 0, '870', '', 0, 0, 'T Ramesh kumar', 'Ramesh kumar', 'Thangavel', 'Rameshkumar', 'Rameshkumar', 'Thangavel Rameshkumar', NULL, '1', '1983-04-27', 'Male', 'Married', 'Srilankan', NULL, '2019-09-03', '', '', '123456789', NULL, 'Eonwil, Rattota', NULL, '', '', '831182580V', NULL, '0112260060', '123456789', 5, '0.0', '0.0', NULL, NULL, NULL, NULL, NULL, NULL, '1', '2', NULL, NULL, NULL, NULL, '49', '1', NULL, NULL, 0, NULL, NULL, '2024-04-18 04:27:17', '2024-04-18 04:28:22', NULL, 4, NULL),
(28, 1303, 0, '1303', '', 0, 0, 'M A D Ilanga Mangalika', 'Ilanga Mangalika', 'Welalawa Arachige', 'Don Ilanga', 'Mangalika', 'Welalawa Arachige Don Ilanga Mangalika', NULL, '1', '1969-09-29', 'Female', 'Married', 'Srilankan', NULL, '2019-10-15', '', '', '755159457', NULL, '222/2, Mukalangamuwa south, seeduwa', NULL, '', '', '697732268V', NULL, '0112260060', '755159457', 10, '0.0', '0.0', NULL, NULL, NULL, NULL, NULL, NULL, '1', '2', NULL, NULL, NULL, NULL, '57', '1', NULL, NULL, 0, NULL, NULL, '2024-04-18 04:32:22', '2025-02-23 22:14:22', NULL, 4, NULL),
(29, 880, 0, '880', '', 0, 0, 'D A Karunathilaka', 'Karunathilaka', 'Disanayaka', 'Achchillage', 'karunathilaka', 'Disanayaka Achchilage Karunathilaka', NULL, '1', '1957-12-28', 'Male', 'Married', 'Srilankan', NULL, '2019-11-19', '', '', '123456789', NULL, '494/7, Mukalangamuwa, Seeduwa', NULL, '', '', '573631978V', NULL, '0112260060', '123456789', 13, '0.0', '0.0', NULL, NULL, NULL, NULL, NULL, NULL, '1', '2', NULL, NULL, NULL, NULL, '9', '1', NULL, NULL, 0, NULL, NULL, '2024-04-18 04:38:37', '2024-04-18 04:40:29', NULL, 4, NULL),
(30, 888, 0, '888', '', 0, 0, 'H A S Jayasinghe', 'H A S Jayasinghe', 'Hewa Adepitiyage', 'Sunil', 'Jayasinghe', 'Hewa Adepitiyage Sunil Jayasinghe', NULL, '1', '1955-12-21', 'Male', 'Married', 'Srilankan', NULL, '2019-08-01', '', '', '0114554556', NULL, 'R.P.537, Ecolanis Road, Rajapakshapura, Bandarawatha, seeduwa', NULL, '', '', '553563755V', NULL, '0112260060', '0716587255', 7, '0.0', '0.0', NULL, NULL, NULL, NULL, NULL, NULL, '1', '2', NULL, NULL, NULL, NULL, '9', '1', NULL, NULL, 0, NULL, NULL, '2024-04-18 04:45:06', '2024-04-18 04:47:43', NULL, 4, NULL),
(31, 892, 0, '892', '', 0, 0, 'R N Lakshmi Silva', 'Lakshmi Silva', 'Ranmuni', 'Nirupa', 'Lakshmi Silva', 'Ranmuni Nirupa Lakshmi silva', NULL, '1', '1967-05-25', 'Female', 'Married', 'Srilankan', NULL, '2019-12-03', '', '', '764483720', NULL, '111/1, Gama Mada Road, Ambalamulla, seeduwa', NULL, '', '', '196764604484', NULL, '0112260060', '764483720', 10, '0.0', '0.0', NULL, NULL, NULL, NULL, NULL, NULL, '1', '2', NULL, NULL, NULL, NULL, '57', '1', NULL, NULL, 0, NULL, NULL, '2024-04-18 05:12:38', '2024-04-18 05:13:34', NULL, 4, NULL),
(32, 900, 0, '900', '', 0, 0, 'M B Sathiyaraj', 'Sathiyaraj', 'Manikam', 'Balachandran', 'Sathiyaraj', 'M B Sathiyaraj', NULL, '1', '2001-11-25', 'Male', 'Married', 'Srilankan', NULL, '2020-02-05', '', '', '761211856', NULL, 'Molala, Ratthota,Dhanrantha', NULL, '', '', '200133002729', NULL, '0112260060', '761211856', 5, '0.0', '0.0', NULL, NULL, NULL, NULL, NULL, NULL, '1', '5', NULL, NULL, NULL, NULL, '49', '1', NULL, NULL, 0, NULL, NULL, '2024-04-18 05:15:50', '2024-04-18 05:16:54', NULL, 4, NULL),
(33, 903, 0, '903', '', 0, 0, 'R I B Sittamma', 'Ratnamala', 'Ratnamala Irugal', 'Bandaralage', 'Sittamma', 'Ratnamala Irugal Bandaralage Sittamma', NULL, '1', '1957-09-20', 'Female', 'Married', 'Srilankan', NULL, '2020-02-01', '', '', '762408970', NULL, '454/A,3, Weliwata, Ratholuwa', NULL, '', '', '195777401212', NULL, '0112260060', '762408970', 10, '0.0', '0.0', NULL, NULL, NULL, NULL, NULL, NULL, '1', '2', NULL, NULL, NULL, NULL, '57', '1', NULL, NULL, 0, NULL, NULL, '2024-04-18 05:19:50', '2024-04-18 05:20:50', NULL, 4, NULL),
(34, 915, 0, '915', '', 915, 0, 'C.Manoj kumar', 'Manoj', 'Chandra Mohan', 'Manoj Kumar', 'Manoj Kumar', 'Chandra Mohan Manoj kumar', NULL, '1', '1991-12-30', 'Male', 'Married', 'Srilankan', NULL, '2020-05-04', '', '', '0766614491', NULL, '149, Vijayakatupotha, Chilaw', NULL, '', '', '913651596 V', NULL, '0112260060', '0775423325', 2, '0.0', '0.0', NULL, '14', NULL, NULL, NULL, NULL, '1', '2', NULL, NULL, NULL, NULL, '42', '1', NULL, NULL, 0, NULL, NULL, '2024-05-07 00:30:51', '2024-05-14 04:18:41', NULL, 3, NULL),
(35, 920, 0, '920', '', 0, 0, 'M Premalatha silva', 'Premalatha', 'Malvahandi', 'Premalatha', 'Silva', 'Malvahandi Premalatha Silva', NULL, '1', NULL, NULL, 'Select', 'Select', NULL, NULL, '', '', '12456789', NULL, NULL, NULL, '', '', '636383163V', NULL, '0112260060', '123465789', 10, '0.0', '0.0', NULL, NULL, NULL, NULL, NULL, NULL, '1', '2', NULL, NULL, NULL, NULL, '57', '1', NULL, NULL, 0, NULL, NULL, '2024-05-14 04:26:13', '2024-08-21 01:08:28', NULL, 4, NULL),
(36, 930, 0, '930', '', 0, 0, 'M F M Arafath', 'Arafath', 'Mohamed', 'F', 'Arafath', 'M F M Arafath', NULL, '1', NULL, NULL, 'Select', 'Select', NULL, NULL, '', '', '123456789', NULL, NULL, NULL, '', '', '200304213265', NULL, '0112260060', '123456789', 5, '0.0', '0.0', NULL, NULL, NULL, NULL, NULL, NULL, '1', '5', NULL, NULL, NULL, NULL, '50', '1', NULL, NULL, 0, NULL, NULL, '2024-05-14 04:28:42', '2024-10-02 05:01:51', NULL, 4, NULL),
(37, 936, 0, '936', '', 0, 0, 'A Kumar', 'Kumar', 'A', 'Kumar', 'Kumar', 'A Kumar', NULL, '1', NULL, NULL, NULL, NULL, NULL, NULL, '', '', '123456789', NULL, NULL, NULL, '', '', '196934401854', NULL, '0112260060', '123456789', 3, '0.0', '0.0', NULL, NULL, NULL, NULL, NULL, NULL, '1', '5', NULL, NULL, NULL, NULL, '8', '1', NULL, NULL, 0, NULL, NULL, '2024-05-14 04:30:33', '2024-05-14 04:30:33', NULL, NULL, NULL),
(38, 937, 0, '937', '', 0, 0, 'D P Jayarathnam', 'Patrik', 'Dorairaja', 'Patrik', 'Rajaratnam', 'D P Jayarathnam', NULL, '1', NULL, NULL, 'Select', 'Select', NULL, NULL, '', '', '123456789', NULL, NULL, NULL, '', '', '6822418641V', NULL, '0112260060', '123456789', 5, '0.0', '0.0', NULL, NULL, NULL, NULL, NULL, NULL, '1', '5', NULL, NULL, NULL, NULL, '59', '1', NULL, NULL, 0, NULL, NULL, '2024-05-14 04:34:58', '2024-10-02 05:41:53', NULL, 4, NULL),
(39, 948, 0, '948', '', 0, 0, 'S Indrani Rosa', 'Indrani', 'S', 'Indrani Rosa', 'Indrani', 'S Indrani Rosa', NULL, '1', NULL, NULL, 'Select', 'Select', NULL, NULL, '', '', '123456789', NULL, NULL, NULL, '', '', '596483542V', NULL, '0112260060', '123456789', 10, '0.0', '0.0', NULL, NULL, NULL, NULL, NULL, NULL, '1', '2', NULL, NULL, NULL, NULL, '54', '1', NULL, NULL, 0, NULL, NULL, '2024-05-14 04:37:18', '2024-08-23 02:29:06', NULL, 4, NULL),
(40, 965, 0, '965', '', 0, 0, 'S B M Rajakaruna', 'Rajakaruna', 'Subadra', 'Bandaramanike', 'Rajakaruna', 'S B M Rajakaruna', NULL, '1', NULL, NULL, 'Select', 'Select', NULL, NULL, '', '', '123456789', NULL, NULL, NULL, '', '', '688572657V', NULL, NULL, '123456789', 10, '0.0', '0.0', NULL, NULL, NULL, NULL, NULL, NULL, '1', '2', NULL, NULL, NULL, NULL, '57', '1', NULL, NULL, 0, NULL, NULL, '2024-05-14 04:41:25', '2024-08-23 02:29:47', NULL, 4, NULL),
(41, 1007, 0, '1007', '', 0, 0, 'G Pradeepan', 'Pradeep', 'Ghanasekaran', 'Pradeepan', 'Pradeep', 'G Pradeepan', NULL, '1', NULL, NULL, 'Select', 'Select', NULL, NULL, '', '', '1234566789', NULL, NULL, NULL, '', '', '200014410088', NULL, '0112260060', '12345789', 5, '0.0', '0.0', NULL, NULL, NULL, NULL, NULL, NULL, '1', '5', NULL, NULL, NULL, NULL, '49', '1', NULL, NULL, 0, NULL, NULL, '2024-05-14 04:56:33', '2024-10-15 22:24:27', NULL, 4, NULL),
(42, 1037, 0, '1037', '', 0, 0, 'V Kanagaratnam', 'kanagaratnam', 'V', 'Kanagaratnam', 'Kanagaratnam', 'V Kanagaratnam', NULL, '1', NULL, NULL, 'Select', 'Select', NULL, NULL, '', '', '1234566789', NULL, NULL, NULL, '', '', '903101393 V', NULL, '0112260060', '12345789', 3, '0.0', '0.0', NULL, NULL, NULL, NULL, NULL, NULL, '1', '5', NULL, NULL, NULL, NULL, '8', '1', NULL, NULL, 0, NULL, NULL, '2024-05-14 05:14:08', '2024-09-23 22:23:53', NULL, 4, NULL),
(43, 1038, 0, '1038', '', 0, 0, 'K H Shameera Prasanna', 'Shameera', 'K H', 'Shameera', 'Prasanna', 'K H Shameera Prasanna', NULL, '1', NULL, NULL, 'Select', 'Select', NULL, NULL, '', '', '1234566789', NULL, NULL, NULL, '', '', '199314800456', NULL, '0112260060', '12345789', 6, '0.0', '0.0', NULL, NULL, NULL, NULL, NULL, NULL, '1', '2', NULL, NULL, NULL, NULL, '47', '1', NULL, NULL, 0, NULL, NULL, '2024-05-14 05:17:18', '2024-10-02 05:47:37', NULL, 4, NULL),
(44, 1040, 0, '1040', '', 0, 0, 'M L M L Perera', 'Lorita', 'M L M L', 'Perera', 'Perera', 'M L M L Perera', NULL, '1', NULL, NULL, 'Select', 'Select', NULL, NULL, '', '', '1234566789', NULL, NULL, NULL, '', '', '615490423V', NULL, '0112260060', '12345789', 5, '0.0', '0.0', NULL, NULL, NULL, NULL, NULL, NULL, '1', '2', NULL, NULL, NULL, NULL, '9', '1', NULL, NULL, 0, NULL, NULL, '2024-05-14 22:00:55', '2024-10-02 00:22:39', NULL, 4, NULL),
(45, 1041, 0, '1041', '', 0, 0, 'S Mahendran', 'Vijay', 'S', 'Mahendran', 'Mahendran', 'S Mahendran', NULL, '1', NULL, NULL, 'Select', 'Select', NULL, NULL, '', '', '1234789', NULL, NULL, NULL, '', '', '200035103896', NULL, '0112260060', '077123478', 5, '0.0', '0.0', NULL, NULL, NULL, NULL, NULL, NULL, '1', '5', NULL, NULL, NULL, NULL, '58', '1', NULL, NULL, 0, NULL, NULL, '2024-05-27 08:46:30', '2024-10-02 05:18:21', NULL, 4, NULL),
(46, 1046, 0, '1046', '', 0, 0, 'G Kobinath', 'Gobi', 'G', 'Kobinath', 'Kobinath', 'G Kobinath', NULL, '1', NULL, NULL, 'Select', 'Select', NULL, NULL, '', '', '1234789', NULL, NULL, NULL, '', '', '993600920 V', NULL, '0112260060', '1234789', 10, '0.0', '0.0', NULL, NULL, NULL, NULL, NULL, NULL, '1', '5', NULL, NULL, NULL, NULL, '9', '1', NULL, NULL, 0, NULL, NULL, '2024-05-27 08:58:35', '2024-08-23 02:31:11', NULL, 4, NULL),
(47, 1051, 0, '1051', '', 0, 0, 'G Thivya', 'Thivya', 'Gobalakrishnan', 'Thivya', 'Thivya', 'Gobalakrishnan  Thivya', NULL, '1', NULL, NULL, 'Select', 'Select', NULL, NULL, '', '', '1234789', NULL, NULL, NULL, '', '', '975321045v', NULL, '0112260060', '1234789', 2, '0.0', '0.0', NULL, NULL, NULL, NULL, NULL, NULL, '1', '2', NULL, NULL, NULL, NULL, '62', '1', NULL, NULL, 0, NULL, NULL, '2024-05-27 09:05:16', '2024-08-25 07:33:08', NULL, 3, NULL),
(48, 1058, 0, '1058', '', 0, 0, 'A Niroshan', 'Niroshan', 'A', 'Niroshan', 'Niroshan', 'A Niroshan', NULL, '1', NULL, NULL, 'Select', 'Select', NULL, NULL, '', '', '1234789', NULL, NULL, NULL, '', '', '851794778 V', NULL, '0112260060', '1234789', 5, '0.0', '0.0', NULL, NULL, NULL, NULL, NULL, NULL, '1', '5', NULL, NULL, NULL, NULL, '49', '1', NULL, NULL, 0, NULL, NULL, '2024-05-27 09:07:22', '2024-10-02 00:36:56', NULL, 4, NULL),
(49, 1071, 0, '1071', '', 0, 0, 'G Selvanathan', 'Nadan', 'G', 'Selvanathan', 'Selvanathan', 'G Selvanathan', NULL, '1', NULL, NULL, 'Select', 'Select', NULL, NULL, '', '', '1234789', NULL, NULL, NULL, '', '', '762280655V', NULL, '0112260060', '1234789', 3, '0.0', '0.0', NULL, NULL, NULL, NULL, NULL, NULL, '1', '2', NULL, NULL, NULL, NULL, '8', '1', NULL, NULL, 0, NULL, NULL, '2024-05-27 09:09:30', '2024-09-23 22:23:41', NULL, 4, NULL),
(50, 1075, 0, '1075', '', 0, 0, 'N Balendiran', 'Bala', 'N', 'Balendran', 'Balendiran', 'N Balendiran', NULL, '1', NULL, NULL, 'Select', 'Select', NULL, NULL, '', '', '1234789', NULL, NULL, NULL, '', '', '650843134 X', NULL, '0112260060', '1234789', 10, '0.0', '0.0', NULL, NULL, NULL, NULL, NULL, NULL, '1', '2', NULL, NULL, NULL, NULL, '56', '1', NULL, NULL, 0, NULL, NULL, '2024-05-27 09:13:07', '2024-08-23 02:43:47', NULL, 4, NULL),
(51, 1078, 0, '1078', '', 0, 0, 'S Sridaran', 'Sridar', 'S', 'Sridaran', 'Sridaran', 'S Sridaran', NULL, '1', NULL, NULL, 'Select', 'Select', NULL, NULL, '', '', '1234789', NULL, NULL, NULL, '', '', '860613573V', NULL, '0112260060', '1234789', 13, '0.0', '0.0', NULL, NULL, NULL, NULL, NULL, NULL, '1', '2', NULL, NULL, NULL, NULL, '9', '1', NULL, NULL, 0, NULL, NULL, '2024-05-27 09:15:19', '2024-08-27 00:59:46', NULL, 5, NULL),
(52, 1080, 0, '1080', '', 0, 0, 'R Rajeewan', 'Rajeewan', 'R', 'Rajeewan', 'Rajeewan', 'R Rajeewan', NULL, '1', NULL, NULL, 'Select', 'Select', NULL, NULL, '', '', '1234789', NULL, NULL, NULL, '', '', '199204602340', NULL, '0112260060', '1234789', 10, '0.0', '0.0', NULL, NULL, NULL, NULL, NULL, NULL, '1', '5', NULL, NULL, NULL, NULL, '9', '1', NULL, NULL, 0, NULL, NULL, '2024-05-27 09:17:00', '2024-07-22 00:47:35', NULL, 4, NULL),
(53, 1089, 0, '1089', '', 0, 0, 'R Rammyawathi', 'Rammya', 'R P', 'Rammyawathi', 'Rammyawathi', 'R Rammyawathi', NULL, '1', NULL, NULL, 'Select', 'Select', NULL, NULL, '', '', '1234789', NULL, NULL, NULL, '', '', '705621128V', NULL, '0112260060', '1234789', 10, '0.0', '0.0', NULL, NULL, NULL, NULL, NULL, NULL, '1', '2', NULL, NULL, NULL, NULL, '55', '1', NULL, NULL, 0, NULL, NULL, '2024-05-27 09:18:33', '2024-08-23 02:42:06', NULL, 4, NULL),
(54, 1093, 0, '1093', '', 0, 0, 'R Ganesan', 'Ganesan', 'R', 'Ganesan', 'Ganesan', 'R Ganesan', NULL, '1', NULL, NULL, 'Select', 'Select', NULL, NULL, '', '', '1234789', NULL, NULL, NULL, '', '', '198730704523', NULL, '0112260060', '1234789', 7, '0.0', '0.0', NULL, NULL, NULL, NULL, NULL, NULL, '1', '5', NULL, NULL, NULL, NULL, '9', '1', NULL, NULL, 0, NULL, NULL, '2024-05-27 09:21:29', '2024-08-23 02:48:50', NULL, 4, NULL),
(55, 1094, 0, '1094', '', 0, 0, 'N Ganesan', 'Ganesan', 'N', 'Ganesan', 'Ganesan', 'N Ganesan', NULL, '1', NULL, NULL, 'Select', 'Select', NULL, NULL, '', '', '1234789', NULL, NULL, NULL, '', '', '196126600468', NULL, '0112260060', '1234789', 2, '0.0', '0.0', NULL, NULL, NULL, NULL, NULL, NULL, '1', '2', NULL, NULL, NULL, NULL, '61', '1', NULL, NULL, 0, NULL, NULL, '2024-05-27 09:23:22', '2024-08-25 07:52:52', NULL, 3, NULL),
(56, 1098, 0, '1098', '', 0, 0, 'K M Kanthi', 'Kanthi', 'K M', 'Kanthi', 'Kanthi', 'K M Kanthi', NULL, '1', NULL, NULL, 'Select', 'Select', NULL, NULL, '', '', '1234789', NULL, NULL, NULL, '', '', '705311129V', NULL, '0112260060', '1234789', 10, '0.0', '0.0', NULL, NULL, NULL, NULL, NULL, NULL, '1', '2', NULL, NULL, NULL, NULL, '54', '1', NULL, NULL, 0, NULL, NULL, '2024-05-27 09:24:58', '2024-08-23 04:49:20', NULL, 4, NULL),
(57, 1101, 0, '1101', '', 0, 0, 'G Samantha Silva', 'Samantha', 'G', 'Samantha', 'Silva', 'G Samantha Silva', NULL, '1', NULL, NULL, 'Select', 'Select', NULL, NULL, '', '', '1234789', NULL, NULL, NULL, '', '', '636654094V', NULL, '0112260060', '1234789', 10, '0.0', '0.0', NULL, NULL, NULL, NULL, NULL, NULL, '1', '2', NULL, NULL, NULL, NULL, '9', '1', NULL, NULL, 0, NULL, NULL, '2024-05-27 09:27:07', '2024-08-23 05:03:54', NULL, 4, NULL),
(58, 1102, 0, '1102', '', 0, 0, 'W Bommi Amma', 'Bommi', 'W', 'Bommi', 'Amma', 'W Bommi Amma', NULL, '1', NULL, NULL, 'Select', 'Select', NULL, NULL, '', '', '12347890', NULL, NULL, NULL, '', '', '1234789v', NULL, '0112260060', '12347890', 10, '0.0', '0.0', NULL, NULL, NULL, NULL, NULL, NULL, '1', '2', NULL, NULL, NULL, NULL, '57', '1', NULL, NULL, 0, NULL, NULL, '2024-06-09 11:26:38', '2024-08-23 05:12:03', NULL, 4, NULL),
(59, 1111, 0, '1111', '', 0, 0, 'M Chandrani Silva', 'Chandrani', 'M', 'Chandrani', 'Silva', 'M Chandrani Silva', NULL, '1', NULL, NULL, 'Select', 'Select', NULL, NULL, '', '', '1234567', NULL, NULL, NULL, '', '', '1234789v', NULL, '0112260060', '1234567', 10, '0.0', '0.0', NULL, NULL, NULL, NULL, NULL, NULL, '1', '2', NULL, NULL, NULL, NULL, '9', '1', NULL, NULL, 0, NULL, NULL, '2024-06-09 11:48:17', '2024-08-23 05:24:05', NULL, 4, NULL),
(60, 1112, 0, '1112', '', 0, 0, 'A A G Pathma somalatha', 'pathma', 'A A G', 'Pathma', 'somalatha', 'A A G Pathma Somalatha', NULL, '1', NULL, NULL, 'Select', 'Select', NULL, NULL, '', '', '123456789', NULL, NULL, NULL, '', '', '696032009V', NULL, '0112260060', '123456789', 10, '0.0', '0.0', NULL, NULL, NULL, NULL, NULL, NULL, '1', '2', NULL, NULL, NULL, NULL, '54', '1', NULL, NULL, 0, NULL, NULL, '2024-06-11 00:54:28', '2024-08-23 05:34:14', NULL, 4, NULL),
(61, 1113, 0, '1113', '', 0, 0, 'R G Kamalawathi', 'Kamala', 'R G', 'Kamalawathi', 'kamalawathi', 'R G Kamalawathi', NULL, '1', NULL, NULL, 'Select', 'Select', NULL, NULL, '', '', '1234566789', NULL, NULL, NULL, '', '', '637821458v', NULL, '0112260060', '12345789', 10, '0.0', '0.0', NULL, NULL, NULL, NULL, NULL, NULL, '1', '2', NULL, NULL, NULL, NULL, '9', '1', NULL, NULL, 0, NULL, NULL, '2024-06-11 00:55:56', '2024-08-27 01:18:59', NULL, 4, NULL),
(62, 1116, 0, '1116', '', 0, 0, 'A A Rohana', 'Rohana', 'A A', 'Rohana', 'Rohana', 'A A Rohana', NULL, '1', NULL, NULL, 'Select', 'Select', NULL, NULL, '', '', '1234566789', NULL, NULL, NULL, '', '', '711670718V', NULL, '0112260060', '12345789', 5, '0.0', '0.0', NULL, NULL, NULL, NULL, NULL, NULL, '1', '5', NULL, NULL, NULL, NULL, '49', '1', NULL, NULL, 0, NULL, NULL, '2024-06-11 01:06:15', '2024-10-02 00:59:06', NULL, 4, NULL),
(63, 1114, 0, '1114', '', 0, 0, 'G Subashini', 'Suba', 'Gobalakrishnan', 'Subashini', 'Subashini', 'Gobalakrishnan Subashini', NULL, '1', NULL, NULL, 'Select', 'Select', NULL, NULL, '', '', '0776779159', NULL, NULL, NULL, '', '', '985903034 V', NULL, '0112260060', '0775423325', 2, '0.0', '0.0', NULL, NULL, NULL, NULL, NULL, NULL, '1', '2', NULL, NULL, NULL, NULL, '5', '1', NULL, NULL, 0, NULL, NULL, '2024-06-11 01:07:06', '2024-08-25 08:39:48', NULL, 3, NULL),
(64, 1117, 0, '1117', '', 0, 0, 'T H Piyal Rohan', 'Piyal Rohan', 'T H', 'Piyal', 'Rohan', 'T H Piyal Rohan', NULL, '1', NULL, NULL, 'Select', 'Select', NULL, NULL, '', '', '1234566789', NULL, NULL, NULL, '', '', '622740451V', NULL, '0112260060', '12345789', 10, '0.0', '0.0', NULL, NULL, NULL, NULL, NULL, NULL, '1', '2', NULL, NULL, NULL, NULL, '54', '1', NULL, NULL, 0, NULL, NULL, '2024-06-11 01:08:32', '2024-10-02 04:36:32', NULL, 4, NULL),
(65, 1118, 0, '1118', '', 0, 0, 'R Antony', 'Antony', 'R', 'Antony', 'Antony', 'R Antony', NULL, '1', NULL, NULL, 'Select', 'Select', NULL, NULL, '', '', '1234566789', NULL, NULL, NULL, '', '', '900832710V', NULL, '0112260060', '12345789', 5, '0.0', '0.0', NULL, NULL, NULL, NULL, NULL, NULL, '1', '5', NULL, NULL, NULL, NULL, '49', '1', NULL, NULL, 0, NULL, NULL, '2024-06-11 01:09:37', '2024-08-24 00:34:16', NULL, 4, NULL),
(66, 1124, 0, '1124', '', 0, 0, 'S S N Piriyadarshani', 'Piriyadarshani', 'S S N', 'Piriyadarshani', 'Priyadarshani', 'S S N Priyadarshani', NULL, '1', NULL, NULL, 'Select', 'Select', NULL, NULL, '', '', '1234566789', NULL, NULL, NULL, '', '', '885492610V', NULL, '0112260060', '12345789', 10, '0.0', '0.0', NULL, NULL, NULL, NULL, NULL, NULL, '1', '2', NULL, NULL, NULL, NULL, '56', '1', NULL, NULL, 0, NULL, NULL, '2024-06-11 01:13:39', '2024-08-24 01:37:39', NULL, 4, NULL),
(67, 1125, 0, '1125', '', 0, 0, 'W C Damayanthi', 'Damayanthi', 'W C', 'Damayanthi', 'Damayanthi', 'W C Damayanthi', NULL, '1', NULL, NULL, 'Select', 'Select', NULL, NULL, '', '', '1234566789', NULL, NULL, NULL, '', '', '765232163V', NULL, '0112260060', '12345789', 10, '0.0', '0.0', NULL, NULL, NULL, NULL, NULL, NULL, '1', '2', NULL, NULL, NULL, NULL, '54', '1', NULL, NULL, 0, NULL, NULL, '2024-06-11 02:53:18', '2024-08-24 01:48:27', NULL, 4, NULL),
(68, 1302, 0, '1302', '', 0, 0, 'M A M Justin Deroshan', 'Justin', 'M A M', 'Justin', 'Deroshan', 'M A M Justin Deroshan', NULL, '1', NULL, 'Male', 'Married', 'Srilankan', NULL, NULL, '', '', '1234566789', NULL, NULL, NULL, '', '', '872921826V', NULL, '0112260060', '12345789', 10, '0.0', '0.0', NULL, NULL, NULL, NULL, NULL, NULL, '1', '2', NULL, NULL, NULL, NULL, '48', '1', NULL, NULL, 0, NULL, NULL, '2024-06-11 02:55:59', '2025-02-20 05:47:46', NULL, 4, NULL),
(69, 1128, 0, '1128', '', 0, 0, 'S Kusumawathi Silva', 'Kusuma', 'S', 'Kusumawathi', 'Silva', 'S Kusumawathi Silva', NULL, '1', NULL, NULL, NULL, NULL, NULL, NULL, '', '', '1234566789', NULL, NULL, NULL, '', '', '586822640V', NULL, '0112260060', '12345789', 10, '0.0', '0.0', NULL, NULL, NULL, NULL, NULL, NULL, '1', '2', NULL, NULL, NULL, NULL, '9', '1', NULL, NULL, 0, NULL, NULL, '2024-06-11 02:57:59', '2024-06-11 02:57:59', NULL, NULL, NULL),
(70, 1131, 0, '1131', '', 0, 0, 'S Gunarathnam', 'Guna', 'S', 'Gunarathnam', 'Gunarathnam', 'S Gunarathnam', NULL, '1', NULL, NULL, 'Select', 'Select', NULL, NULL, '', '', '1234566789', NULL, NULL, NULL, '', '', '650592476 V', NULL, '0112260060', '12345789', 3, '0.0', '0.0', NULL, NULL, NULL, NULL, NULL, NULL, '1', '5', NULL, NULL, NULL, NULL, '8', '1', NULL, NULL, 0, NULL, NULL, '2024-06-11 02:59:23', '2024-09-23 22:23:28', NULL, 4, NULL),
(71, 1135, 0, '1135', '', 0, 0, 'S Vijayakanth', 'Vijayakanth', 'S', 'Vijayakanth', 'Vijayakanth', 'S Vijayakanth', NULL, '1', NULL, NULL, 'Select', 'Select', NULL, NULL, '', '', '1234566789', NULL, NULL, NULL, '', '', '921082169 V', NULL, '0112260060', '12345789', 10, '0.0', '0.0', NULL, NULL, NULL, NULL, NULL, NULL, '1', '2', NULL, NULL, NULL, NULL, '56', '1', NULL, NULL, 0, NULL, NULL, '2024-06-11 03:00:45', '2024-08-24 03:20:30', NULL, 4, NULL),
(72, 1136, 0, '1136', '', 0, 0, 'S Diluk Sampath', 'Sampath', 'S', 'Diluk Sampath', 'Fernando', 'S Diluk Sampath', NULL, '1', NULL, NULL, NULL, NULL, NULL, NULL, '', '', '1234566789', NULL, NULL, NULL, '', '', '961013631V', NULL, '0112260060', '12345789', 6, '0.0', '0.0', NULL, NULL, NULL, NULL, NULL, NULL, '1', '2', NULL, NULL, NULL, NULL, '47', '1', NULL, NULL, 0, NULL, NULL, '2024-06-11 03:02:29', '2024-06-11 03:02:29', NULL, NULL, NULL),
(73, 1137, 0, '1137', '', 0, 0, 'L P C Damayanthi', 'Damayanthi', 'L P C', 'Damayanthi', 'Damayanthi', 'L P C Damayanthi', NULL, '1', NULL, NULL, 'Select', 'Select', NULL, NULL, '', '', '1234566789', NULL, NULL, NULL, '', '', '798324373V', NULL, NULL, '12345789', 10, '0.0', '0.0', NULL, NULL, NULL, NULL, NULL, NULL, '1', '2', NULL, NULL, NULL, NULL, '9', '1', NULL, NULL, 0, NULL, NULL, '2024-06-11 03:04:11', '2024-08-24 03:18:25', NULL, 4, NULL),
(74, 1143, 0, '1143', '', 0, 0, 'S Saranya', 'Saranya', 'S', 'Saranya', 'Saranya', 'S Saranya', NULL, '1', NULL, NULL, 'Select', 'Select', NULL, NULL, '', '', '1234566789', NULL, NULL, NULL, '', '', '200650604966', NULL, '0112260060', '12345789', 10, '0.0', '0.0', NULL, NULL, NULL, NULL, NULL, NULL, '1', '2', NULL, NULL, NULL, NULL, '56', '1', NULL, NULL, 0, NULL, NULL, '2024-06-11 03:06:58', '2024-08-24 03:59:45', NULL, 4, NULL),
(75, 1149, 0, '1149', '', 0, 0, 'H M Sunethra Herath', 'Herath', 'H M', 'Sunethra', 'Herath', 'H M Sunethra Herath', NULL, '1', NULL, NULL, 'Select', 'Select', NULL, NULL, '', '', '1234566789', NULL, NULL, NULL, '', '', '795885536V', NULL, '0112260060', '12345789', 10, '0.0', '0.0', NULL, NULL, NULL, NULL, NULL, NULL, '1', '2', NULL, NULL, NULL, NULL, '9', '1', NULL, NULL, 0, NULL, NULL, '2024-06-11 03:08:21', '2024-08-24 04:56:44', NULL, 4, NULL),
(76, 1151, 0, '1151', '', 0, 0, 'H Nandawathi Silva', 'Nandawathi', 'H', 'Nandawathi', 'Silva', 'H Nandawathi Silva', NULL, '1', NULL, NULL, 'Select', 'Select', NULL, NULL, '', '', '1234566789', NULL, NULL, NULL, '', '', '557643850V', NULL, '0112260060', '12345789', 10, '0.0', '0.0', NULL, NULL, NULL, NULL, NULL, NULL, '1', '2', NULL, NULL, NULL, NULL, '54', '1', NULL, NULL, 0, NULL, NULL, '2024-06-11 03:10:13', '2024-08-24 05:09:57', NULL, 4, NULL),
(77, 1152, 0, '1152', '', 0, 0, 'M K Sunil Thisera', 'Sunil Thisera', 'M K', 'Sunil', 'Thisera', 'M K Sunil Thisera', NULL, '1', NULL, NULL, 'Select', 'Select', NULL, NULL, '', '', '1234566789', NULL, NULL, NULL, '', '', '532250650V', NULL, '0112260060', '12345789', 5, '0.0', '0.0', NULL, NULL, NULL, NULL, NULL, NULL, '1', '2', NULL, NULL, NULL, NULL, '9', '1', NULL, NULL, 0, NULL, NULL, '2024-06-11 03:12:37', '2024-08-24 05:39:33', NULL, 4, NULL),
(78, 1157, 0, '1157', '', 0, 0, 'G Malith Chamika', 'Malith', 'G', 'Malth', 'Chamika', 'G Malith Chamika', NULL, '1', NULL, NULL, 'Select', 'Select', NULL, NULL, '', '', '1234566789', NULL, NULL, NULL, '', '', '200427904614', NULL, '0112260060', '12345789', 5, '0.0', '0.0', NULL, NULL, NULL, NULL, NULL, NULL, '1', '5', NULL, NULL, NULL, NULL, '49', '1', NULL, NULL, 0, NULL, NULL, '2024-06-11 03:44:04', '2024-08-24 05:54:58', NULL, 4, NULL),
(79, 1161, 0, '1161', '', 0, 0, 'D V D Sudhath Kumar', 'Sudhath', 'D V D', 'Sudhath', 'Kumar', 'D V D Sudhath Kumar', NULL, '1', NULL, NULL, 'Select', 'Select', NULL, NULL, '', '', '1234566789', NULL, NULL, NULL, '', '', '771181104 V', NULL, '0112260060', '12345789', 5, '0.0', '0.0', NULL, NULL, NULL, NULL, NULL, NULL, '1', '5', NULL, NULL, NULL, NULL, '49', '1', NULL, NULL, 0, NULL, NULL, '2024-06-11 03:45:56', '2024-10-02 03:22:14', NULL, 4, NULL),
(80, 1166, 0, '1166', '', 0, 0, 'M A Chandrika Manorathna', 'Chandrika', 'M A', 'Chandirika', 'Manorathna', 'M A Chandrika Manorathna', NULL, '1', NULL, NULL, 'Select', 'Select', NULL, NULL, '', '', '1234566789', NULL, NULL, NULL, '', '', '806602043V', NULL, '0112260060', '12345789', 10, '0.0', '0.0', NULL, NULL, NULL, NULL, NULL, NULL, '1', '2', NULL, NULL, NULL, NULL, '57', '1', NULL, NULL, 0, NULL, NULL, '2024-06-11 03:48:19', '2024-08-24 06:03:35', NULL, 4, NULL),
(81, 1167, 0, '1167', '', 0, 0, 'B M L M Basanayaka', 'Lakshan', 'B M L M', 'Basanayaka', 'Basanayaka', 'B M L M Basanayaka', NULL, '1', NULL, NULL, 'Select', 'Select', NULL, NULL, '', '', '1234566789', NULL, NULL, NULL, '', '', '200229410145', NULL, '0112260060', '12345789', 10, '0.0', '0.0', NULL, NULL, NULL, NULL, NULL, NULL, '1', '5', NULL, NULL, NULL, NULL, '9', '1', NULL, NULL, 0, NULL, NULL, '2024-06-11 03:50:41', '2024-08-24 06:23:46', NULL, 4, NULL),
(82, 1168, 0, '1168', '', 0, 0, 'M Udayaraj', 'Udaya', 'M', 'Udayaraj', 'Udaya', 'M Udayaraj', NULL, '1', NULL, NULL, 'Select', 'Select', NULL, NULL, '', '', '1234566789', NULL, NULL, NULL, '', '', '931974149V', NULL, '0112260060', '12345789', 3, '0.0', '0.0', NULL, NULL, NULL, NULL, NULL, NULL, '1', '5', NULL, NULL, NULL, NULL, '8', '1', NULL, NULL, 0, NULL, NULL, '2024-06-11 03:52:05', '2024-09-27 01:09:29', NULL, 4, NULL),
(83, 1169, 0, '1169', '', 0, 0, 'C Valiekannu', 'Vasanthi', 'C', 'Valliekannu', 'Vallikannu', 'C Valliekannu', NULL, '1', NULL, NULL, 'Select', 'Select', NULL, NULL, '', '', '1234566789', NULL, NULL, NULL, '', '', '196052003582', NULL, '0112260060', '12345789', 10, '0.0', '0.0', NULL, NULL, NULL, NULL, NULL, NULL, '1', '2', NULL, NULL, NULL, NULL, '9', '1', NULL, NULL, 0, NULL, NULL, '2024-06-11 03:53:49', '2024-08-24 06:53:37', NULL, 4, NULL),
(84, 1170, 0, '1170', '', 0, 0, 'K Santhikumar', 'Chandru', 'K', 'Santhikumar', 'Santhikumar', 'K Santhi kumar', NULL, '1', NULL, NULL, 'Select', 'Select', NULL, NULL, '', '', NULL, NULL, NULL, NULL, '', '', '931734288V', NULL, '0112260060', '12345789', 5, '0.0', '0.0', NULL, NULL, NULL, NULL, NULL, NULL, '1', '5', NULL, NULL, NULL, NULL, '48', '1', NULL, NULL, 0, NULL, NULL, '2024-06-11 03:55:14', '2024-09-24 04:24:32', NULL, 4, NULL),
(85, 1172, 0, '1172', '', 0, 0, 'R Sri Vidhya', 'Vidhya', 'R', 'Srividhya', 'Srividhya', 'R Srividya', NULL, '1', NULL, NULL, 'Select', 'Select', NULL, NULL, '', '', '1234566789', NULL, NULL, NULL, '', '', '199151301891', NULL, '0112260060', '12345789', 10, '0.0', '0.0', NULL, NULL, NULL, NULL, NULL, NULL, '1', '2', NULL, NULL, NULL, NULL, '48', '1', NULL, NULL, 0, NULL, NULL, '2024-06-11 03:57:36', '2024-09-30 21:54:25', NULL, 4, NULL),
(86, 1173, 0, '1173', '', 0, 0, 'M M I S B Manthilaka', 'Manthilaka', 'M M I S B', 'Manthilaka', 'Manthilaka', 'M M I S B Manthilaka', NULL, '1', NULL, NULL, 'Select', 'Select', NULL, NULL, '', '', '1234566789', NULL, NULL, NULL, '', '', '200409512088', NULL, '0112260060', '12345789', 5, '0.0', '0.0', NULL, NULL, NULL, NULL, NULL, NULL, '1', '5', NULL, NULL, NULL, NULL, '59', '1', NULL, NULL, 0, NULL, NULL, '2024-06-11 04:00:01', '2024-08-24 07:36:39', NULL, 4, NULL),
(87, 1174, 0, '1174', '', 0, 0, 'M G M Rajapaksha', 'Mahinda Rajapaksha', 'M G', 'Mahinda', 'Rajapaksha', 'M G M Rajapaksha', NULL, '1', NULL, NULL, 'Select', 'Select', NULL, NULL, '', '', '1234566789', NULL, NULL, NULL, '', '', '199122301453', NULL, '0112260060', '12345789', 5, '0.0', '0.0', NULL, NULL, NULL, NULL, NULL, NULL, '1', '5', NULL, NULL, NULL, NULL, '49', '1', NULL, NULL, 0, NULL, NULL, '2024-06-11 04:02:00', '2024-08-24 07:35:21', NULL, 4, NULL),
(88, 1175, 0, '1175', '', 0, 0, 'M M Y Dilrukshi', 'Yamuna', 'M M', 'Yamuna', 'Dilrukshi', 'M M Yamuna Dilrukshi', NULL, '1', NULL, NULL, 'Select', 'Select', NULL, NULL, '', '', '1234566789', NULL, NULL, NULL, '', '', '796070293 V', NULL, '0112260060', '12345789', 10, '0.0', '0.0', NULL, NULL, NULL, NULL, NULL, NULL, '1', '2', NULL, NULL, NULL, NULL, '9', '1', NULL, NULL, 0, NULL, NULL, '2024-06-11 04:03:56', '2024-08-24 07:49:48', NULL, 4, NULL),
(89, 1176, 0, '1176', '', 0, 0, 'N S N Kanthi Silva', 'Kanthi', 'N S N', 'Kanthi', 'Silva', 'N S N Kanthi Silva', NULL, '1', NULL, NULL, 'Select', 'Select', NULL, NULL, '', '', '1234566789', NULL, NULL, NULL, '', '', '196762504382', NULL, '0112260060', '12345789', 10, '0.0', '0.0', NULL, NULL, NULL, NULL, NULL, NULL, '1', '2', NULL, NULL, NULL, NULL, '9', '1', NULL, NULL, 0, NULL, NULL, '2024-06-11 04:05:34', '2024-08-24 08:01:26', NULL, 4, NULL),
(90, 1177, 0, '1177', '', 0, 0, 'S S Wimalawansa', 'Sampath Wimalawansa', 'S', 'Sampath', 'Wimalawansa', 'S S Wimalawansa', NULL, '1', NULL, NULL, NULL, NULL, NULL, NULL, '', '', '1234566789', NULL, NULL, NULL, '', '', '903494387V', NULL, '0112260060', '12345789', 5, '0.0', '0.0', NULL, NULL, NULL, NULL, NULL, NULL, '1', '2', NULL, NULL, NULL, NULL, '49', '1', NULL, NULL, 0, NULL, NULL, '2024-06-11 04:07:28', '2024-06-11 04:07:28', NULL, NULL, NULL),
(91, 1299, 0, '1299', '', 0, 0, 'G Indirawathi', 'Indirawathi', 'G', 'Indirawathi', 'Indirawathi', 'G Indirawathi', NULL, '1', NULL, NULL, 'Select', 'Select', NULL, NULL, '', '', '1234566789', NULL, NULL, NULL, '', '', '678172260V', NULL, '0112260060', '12345789', 10, '0.0', '0.0', NULL, NULL, NULL, NULL, NULL, NULL, '1', '2', NULL, NULL, NULL, NULL, '9', '1', NULL, NULL, 0, NULL, NULL, '2024-06-11 04:09:37', '2025-01-30 02:54:49', NULL, 4, NULL),
(92, 1181, 0, '1181', '', 0, 0, 'L Lakshini', 'Lakshini', 'L', 'Lakshini', 'Lakshini', 'L Lakshini', NULL, '1', NULL, NULL, NULL, NULL, NULL, NULL, '', '', '1234566789', NULL, NULL, NULL, '', '', '200557303622', NULL, '0112260060', '12345789', 10, '0.0', '0.0', NULL, NULL, NULL, NULL, NULL, NULL, '1', '2', NULL, NULL, NULL, NULL, '56', '1', NULL, NULL, 0, NULL, NULL, '2024-06-11 04:12:08', '2024-06-11 04:12:08', NULL, NULL, NULL),
(93, 1182, 0, '1182', '', 0, 0, 'J K R Malkanthi', 'Malkanthi', 'J K R', 'Malkanthi', 'Malkanthi', 'J K R Malkanthi', NULL, '1', NULL, NULL, 'Select', 'Select', NULL, NULL, '', '', '1234566789', NULL, NULL, NULL, '', '', '836632192V', NULL, NULL, '12345789', 10, '0.0', '0.0', NULL, NULL, NULL, NULL, NULL, NULL, '1', '2', NULL, NULL, NULL, NULL, '9', '1', NULL, NULL, 0, NULL, NULL, '2024-06-11 04:31:23', '2024-08-24 08:31:40', NULL, 4, NULL),
(94, 1183, 0, '1183', '', 0, 0, 'N Thanujan', 'Thanujan', 'N', 'Thanujan', 'Thanujan', 'N Thanujan', NULL, '1', NULL, NULL, 'Select', 'Select', NULL, NULL, '', '', '1234566789', NULL, NULL, NULL, '', '', '199932412899', NULL, '0112260060', '12345789', 5, '0.0', '0.0', NULL, NULL, NULL, NULL, NULL, NULL, '1', '5', NULL, NULL, NULL, NULL, '49', '1', NULL, NULL, 0, NULL, NULL, '2024-06-11 04:34:32', '2024-08-24 09:58:15', NULL, 4, NULL),
(95, 1185, 0, '1185', '', 0, 0, 'R Perimbanayaki', 'Perimbanayaki', 'R', 'Perimbanayaki', 'Perimbanayaki', 'R Perimbanayaki', NULL, '1', NULL, NULL, NULL, NULL, NULL, NULL, '', '', '1234566789', NULL, NULL, NULL, '', '', '896194011v', NULL, '0112260060', '12345789', 10, '0.0', '0.0', NULL, NULL, NULL, NULL, NULL, NULL, '1', '2', NULL, NULL, NULL, NULL, '57', '1', NULL, NULL, 0, NULL, NULL, '2024-06-11 04:49:45', '2024-06-11 04:49:45', NULL, NULL, NULL),
(96, 1187, 0, '1187', '', 0, 0, 'A Vignesh', 'Vignesh', 'A', 'Vignesh', 'Vignesh', 'A Vignesh', NULL, '1', NULL, NULL, 'Select', 'Select', NULL, NULL, '', '', '1234566789', NULL, NULL, NULL, '', '', '962761011V', NULL, '0112260060', '12345789', 5, '0.0', '0.0', NULL, NULL, NULL, NULL, NULL, NULL, '1', '2', NULL, NULL, NULL, NULL, '49', '1', NULL, NULL, 0, NULL, NULL, '2024-06-11 04:51:07', '2024-08-24 10:42:36', NULL, 4, NULL),
(97, 1189, 0, '1189', '', 0, 0, 'P M Pushpamala Perera', 'Pushpamala', 'P M', 'Pushpamala', 'Perera', 'P M Pushpamala Perera', NULL, '1', NULL, NULL, 'Select', 'Select', NULL, NULL, '', '', '1234566789', NULL, NULL, NULL, '', '', '735201743V', NULL, '0112260060', '12345789', 10, '0.0', '0.0', NULL, NULL, NULL, NULL, NULL, NULL, '1', '2', NULL, NULL, NULL, NULL, '55', '1', NULL, NULL, 0, NULL, NULL, '2024-06-11 04:56:13', '2024-08-24 23:05:31', NULL, 4, NULL),
(98, 1190, 0, '1190', '', 0, 0, 'C Dammika Fernando', 'Dammika', 'C', 'Dammika', 'Fernando', 'C Dammika Fernando', NULL, '1', NULL, NULL, 'Select', 'Select', NULL, NULL, '', '', '1234566789', NULL, NULL, NULL, '', '', '648173105V', NULL, '0112260060', '12345789', 10, '0.0', '0.0', NULL, NULL, NULL, NULL, NULL, NULL, '1', '2', NULL, NULL, NULL, NULL, '55', '1', NULL, NULL, 0, NULL, NULL, '2024-06-11 04:57:50', '2024-08-24 23:38:47', NULL, 4, NULL),
(99, 1191, 0, '1191', '', 0, 0, 'P Agila', 'Agila', 'P', 'Agila', 'Agila', 'P Agila', NULL, '1', NULL, NULL, 'Select', 'Select', NULL, NULL, '', '', '1234566789', NULL, NULL, NULL, '', '', '955121635V', NULL, '0112260060', '12345789', 7, '0.0', '0.0', NULL, NULL, NULL, NULL, NULL, NULL, '1', '2', NULL, NULL, NULL, NULL, '46', '1', NULL, NULL, 0, NULL, NULL, '2024-06-11 04:59:18', '2024-10-02 06:04:28', NULL, 4, NULL),
(100, 1192, 0, '1192', '', 0, 0, 'S Pushpakumar', 'Pushpakumar', 'S', 'Pushpakumar', 'Kumar', 'S Pushpakumar', NULL, '1', NULL, NULL, 'Select', 'Select', NULL, NULL, '', '', '1234566789', NULL, NULL, NULL, '', '', '950973269V', NULL, NULL, '12345789', 7, '0.0', '0.0', NULL, NULL, NULL, NULL, NULL, NULL, '1', '2', NULL, NULL, NULL, NULL, '9', '1', NULL, NULL, 0, NULL, NULL, '2024-06-11 05:08:23', '2024-08-24 22:42:12', NULL, 4, NULL),
(101, 1193, 0, '1193', '', 0, 0, 'H M Gihan Maduranga', 'Maduranga', 'H M', 'Gihan', 'Maduranga', 'H M Gihan Maduranga', NULL, '1', NULL, NULL, 'Select', 'Select', NULL, NULL, '', '', '1234566789', NULL, NULL, NULL, '', '', '981940881V', NULL, '0112260060', '12345789', 10, '0.0', '0.0', NULL, NULL, NULL, NULL, NULL, NULL, '1', '5', NULL, NULL, NULL, NULL, '9', '1', NULL, NULL, 0, NULL, NULL, '2024-06-11 05:10:27', '2024-08-24 22:31:31', NULL, 4, NULL),
(102, 1194, 0, '1194', '', 0, 0, 'K Hema Malani', 'Hema malani', 'K', 'Hema', 'Malani', 'K Hema Malani', NULL, '1', NULL, NULL, 'Select', 'Select', NULL, NULL, '', '', '1234566789', NULL, NULL, NULL, '', '', '200263903938', NULL, '0112260060', '12345789', 10, '0.0', '0.0', NULL, NULL, NULL, NULL, NULL, NULL, '1', '2', NULL, NULL, NULL, NULL, '56', '1', NULL, NULL, 0, NULL, NULL, '2024-06-11 05:21:16', '2024-08-24 22:13:52', NULL, 4, NULL),
(103, 1195, 0, '1195', '', 0, 0, 'T Dinogen', 'Dinogen', 'T', 'Dinogen', 'Dinogen', 'T Dinogen', NULL, '1', NULL, NULL, 'Select', 'Select', NULL, NULL, '', '', '1234566789', NULL, NULL, NULL, '', '', '200124103950', NULL, '0112260060', '12345789', 5, '0.0', '0.0', NULL, NULL, NULL, NULL, NULL, NULL, '1', '2', NULL, NULL, NULL, NULL, '4', '1', NULL, NULL, 0, NULL, NULL, '2024-06-11 05:22:43', '2024-08-24 23:58:18', NULL, 4, NULL),
(104, 1197, 0, '1197', '', 0, 0, 'H A D Pupudu Dharshani', 'Darshani', 'H A D', 'Puputhu', 'Dharshani', 'H A D Pupudu Dharshani', NULL, '1', NULL, NULL, 'Select', 'Select', NULL, NULL, '', '', '1234566789', NULL, NULL, NULL, '', '', '846282505V', NULL, '0112260060', '12345789', 10, '0.0', '0.0', NULL, NULL, NULL, NULL, NULL, NULL, '1', '2', NULL, NULL, NULL, NULL, '9', '1', NULL, NULL, 0, NULL, NULL, '2024-06-11 05:24:44', '2024-08-25 00:05:18', NULL, 4, NULL);
INSERT INTO `employees` (`id`, `emp_id`, `emp_fp_id`, `emp_etfno`, `service_no`, `emp_etfno_a`, `is_resigned`, `emp_name_with_initial`, `calling_name`, `emp_first_name`, `emp_med_name`, `emp_last_name`, `emp_fullname`, `emp_nick_name`, `emp_status`, `emp_birthday`, `emp_gender`, `emp_marital_status`, `emp_nationality`, `emp_salary_grade`, `emp_join_date`, `emp_permanent_date`, `emp_assign_date`, `tp1`, `tp2`, `emp_address`, `emp_address_2`, `emp_addressT1`, `emp_address_T2`, `emp_national_id`, `emp_con_mobile`, `emp_work_telephone`, `emp_mobile`, `emp_department`, `no_of_casual_leaves`, `no_of_annual_leaves`, `emp_drive_license`, `emp_license_expire_date`, `emp_work_phone_no`, `emp_email`, `emp_other_email`, `emp_home_no`, `emp_location`, `emp_shift`, `emp_city`, `emp_province`, `emp_country`, `emp_postal_code`, `emp_job_code`, `emp_company`, `emergency_contact_person`, `emergency_contact_tp`, `deleted`, `modified_user_id`, `created_by`, `created_at`, `updated_at`, `factory_id`, `job_category_id`, `work_category_id`) VALUES
(105, 1198, 0, '1198', '', 0, 0, 'M M Yasoda Dilhani', 'Yasoda Dilhani', 'M M', 'Yasoda Dilhani', 'Dilhani', 'M M Yasoda Dilhani', NULL, '1', NULL, NULL, 'Select', 'Select', NULL, NULL, '', '', '1234566789', NULL, NULL, NULL, '', '', '200380412791', NULL, NULL, '12345789', 10, '0.0', '0.0', NULL, NULL, NULL, NULL, NULL, NULL, '1', '2', NULL, NULL, NULL, NULL, '55', '1', NULL, NULL, 0, NULL, NULL, '2024-06-11 05:28:57', '2024-08-25 00:08:38', NULL, 4, NULL),
(106, 1199, 0, '1199', '', 0, 0, 'M G Nilushana Widuranga', 'Nilushana Widuranga', 'M G', 'Nilushana', 'Widuranga', 'M G Nilushana Widuranga', NULL, '1', NULL, NULL, 'Select', 'Select', NULL, NULL, '', '', '1234566789', NULL, NULL, NULL, '', '', '200108101851', NULL, '0112260060', '12345789', 10, '0.0', '0.0', NULL, NULL, NULL, NULL, NULL, NULL, '1', '4', NULL, NULL, NULL, NULL, '55', '1', NULL, NULL, 0, NULL, NULL, '2024-06-11 05:31:47', '2024-08-26 05:43:46', NULL, 4, NULL),
(107, 1200, 0, '1200', '', 0, 0, 'K Shanmugaraja', 'Shanmugaraja', 'k', 'Shanumugaraja', 'Shanmugaraja', 'K Shanmugaraja', NULL, '1', NULL, NULL, 'Select', 'Select', NULL, NULL, '', '', '1234566789', NULL, NULL, NULL, '', '', '197810905834', NULL, '0112260060', '12345789', 10, '0.0', '0.0', NULL, NULL, NULL, NULL, NULL, NULL, '1', '5', NULL, NULL, NULL, NULL, '9', '1', NULL, NULL, 0, NULL, NULL, '2024-06-11 05:34:06', '2024-08-26 09:25:16', NULL, 4, NULL),
(108, 1201, 0, '1201', '', 0, 0, 'D M Renuka Perera', 'Renuka Perera', 'D M', 'Renuka', 'Perera', 'D M Renuka Perera', NULL, '1', NULL, NULL, 'Select', 'Select', NULL, NULL, '', '', '1234566789', NULL, NULL, NULL, '', '', '736810735 V', NULL, NULL, '12345789', 10, '0.0', '0.0', NULL, NULL, NULL, NULL, NULL, NULL, '1', '2', NULL, NULL, NULL, NULL, '57', '1', NULL, NULL, 0, NULL, NULL, '2024-06-11 05:35:33', '2024-08-24 23:48:16', NULL, 4, NULL),
(109, 1202, 0, '1202', '', 0, 0, 'S Devirani', 'Devirani', 'S', 'Devirani', 'Devirani', 'S Devirani', NULL, '1', NULL, NULL, 'Select', 'Select', NULL, NULL, '', '', '1234566789', NULL, NULL, NULL, '', '', '965434267 V', NULL, '0112260060', '12345789', 10, '0.0', '0.0', NULL, NULL, NULL, NULL, NULL, NULL, '1', '2', NULL, NULL, NULL, NULL, '56', '1', NULL, NULL, 0, NULL, NULL, '2024-06-11 05:41:48', '2024-10-02 02:26:11', NULL, 4, NULL),
(110, 1203, 0, '1203', '', 0, 0, 'M K Ratnawathi', 'Ratnawathi', 'M K', 'Ratnawathi', 'Ratnawathi', 'M K Ratnawathi', NULL, '1', NULL, NULL, 'Select', 'Select', NULL, NULL, '', '', '1234566789', NULL, NULL, NULL, '', '', '196068201557', NULL, NULL, '12345789', 10, '0.0', '0.0', NULL, NULL, NULL, NULL, NULL, NULL, '1', '2', NULL, NULL, NULL, NULL, '55', '1', NULL, NULL, 0, NULL, NULL, '2024-06-11 05:43:32', '2024-08-26 09:29:01', NULL, 4, NULL),
(111, 1204, 0, '1204', '', 0, 0, 'R M Nandini Kumari', 'Nandini Kumari', 'R M', 'Nandini Kumari', 'Nandini Kumari', 'R M Nandini Kumari', NULL, '1', NULL, NULL, 'Select', 'Select', NULL, NULL, '', '', '1234566789', NULL, NULL, NULL, '', '', '196680502096', NULL, '0112260060', '12345789', 10, '0.0', '0.0', NULL, NULL, NULL, NULL, NULL, NULL, '1', '2', NULL, NULL, NULL, NULL, '57', '1', NULL, NULL, 0, NULL, NULL, '2024-06-11 05:45:27', '2024-08-26 10:33:12', NULL, 4, NULL),
(112, 1207, 0, '1207', '', 0, 0, 'Y Hiroshan', 'Y Hiroshan', 'Y', 'Hiroshan', 'Hiroshan', 'Y Hiroshan', NULL, '1', NULL, NULL, 'Select', 'Select', NULL, NULL, '', '', '1234566789', NULL, NULL, NULL, '', '', '199914003388', NULL, '0112260060', '12345789', 10, '0.0', '0.0', NULL, NULL, NULL, NULL, NULL, NULL, '1', '5', NULL, NULL, NULL, NULL, '55', '1', NULL, NULL, 0, NULL, NULL, '2024-06-11 05:47:10', '2024-08-26 23:54:41', NULL, 4, NULL),
(113, 1209, 0, '1209', '', 0, 0, 'T Thushanthan', 'T Thushanthan', 'T', 'Thushanthan', 'Thushanthan', 'T Thushanthan', NULL, '1', NULL, NULL, 'Select', 'Select', NULL, NULL, '', '', '1234566789', NULL, NULL, NULL, '', '', '200234800706', NULL, '0112260060', '12345789', 5, '0.0', '0.0', NULL, NULL, NULL, NULL, NULL, NULL, '1', '5', NULL, NULL, NULL, NULL, '49', '1', NULL, NULL, 1, NULL, NULL, '2024-06-11 05:49:17', '2024-12-05 05:23:27', NULL, 4, NULL),
(114, 1210, 0, '1210', '', 0, 0, 'K Shashini', 'Shashini', 'K', 'Shashini', '.Shashini', 'K Shashini', NULL, '1', NULL, NULL, 'Select', 'Select', NULL, NULL, '', '', '1234566789', NULL, NULL, NULL, '', '', '200357512887', NULL, '0112260060', '12345789', 2, '0.0', '0.0', NULL, NULL, NULL, NULL, NULL, NULL, '1', '2', NULL, NULL, NULL, NULL, '46', '1', NULL, NULL, 0, NULL, NULL, '2024-06-11 05:50:37', '2024-08-25 09:17:20', NULL, 3, NULL),
(115, 1211, 0, '1211', '', 0, 0, 'N Yamuna', 'Yamuna', 'N', 'Yamuna', 'Yamuna', 'N Yamuna', NULL, '1', NULL, NULL, 'Select', 'Select', NULL, NULL, '', '', '1234566789', NULL, NULL, NULL, '', '', '995532590V', NULL, '0112260060', '12345789', 2, '0.0', '0.0', NULL, NULL, NULL, NULL, NULL, NULL, '1', '2', NULL, NULL, NULL, NULL, '24', '1', NULL, NULL, 0, NULL, NULL, '2024-06-11 05:54:57', '2024-08-25 09:19:45', NULL, 3, NULL),
(116, 1212, 0, '1212', '', 0, 0, 'S Sathiyanadan', 'Sathiyanadan', 'S', 'Sathiyanadan', 'Sathiyanadan', 'S Sathiyanadan', NULL, '1', NULL, NULL, 'Select', 'Select', NULL, NULL, '', '', '1234566789', NULL, NULL, NULL, '', '', '199933011402', NULL, '0112260060', '12345789', 5, '0.0', '0.0', NULL, NULL, NULL, NULL, NULL, NULL, '1', '5', NULL, NULL, NULL, NULL, '49', '1', NULL, NULL, 0, NULL, NULL, '2024-06-11 05:57:32', '2024-08-27 00:02:04', NULL, 4, NULL),
(117, 1213, 0, '1213', '', 0, 0, 'S Dheniyal Skepar', 'Dheniyal Skepar', 'S', 'Dheniyal Skepar', 'Dheniyal Skepar', 'S Dheniyal Skepar', NULL, '1', NULL, NULL, 'Select', 'Select', NULL, NULL, '', '', '1234566789', NULL, NULL, NULL, '', '', '200304813110', NULL, '0112260060', '12345789', 10, '0.0', '0.0', NULL, NULL, NULL, NULL, NULL, NULL, '1', '5', NULL, NULL, NULL, NULL, '55', '1', NULL, NULL, 0, NULL, NULL, '2024-06-11 05:58:58', '2024-08-27 00:17:27', NULL, 4, NULL),
(118, 1153, 0, '1153', '', 0, 0, 'P Prabhu', 'Prabhu', 'P', 'Prabhu', 'Prabhu', 'P Prabhu', NULL, '1', NULL, NULL, 'Select', 'Select', NULL, NULL, '', '', '1234566789', NULL, NULL, NULL, '', '', '1234567899', NULL, '0112260060', '12345789', 5, '0.0', '0.0', NULL, NULL, NULL, NULL, NULL, NULL, '1', '5', NULL, NULL, NULL, NULL, '9', '1', NULL, NULL, 1, NULL, NULL, '2024-06-11 23:13:25', '2025-01-08 03:28:12', NULL, 4, NULL),
(119, 1180, 0, '1180', '', 0, 0, 'M Mery Snika', 'Mery snika', 'M', 'Mery Snika', 'Mery Snika', 'M Mery Snika', NULL, '1', NULL, NULL, NULL, NULL, NULL, NULL, '', '', '1234566789', NULL, NULL, NULL, '', '', '200170500570', NULL, '0112260060', '12345789', 10, '0.0', '0.0', NULL, NULL, NULL, NULL, NULL, NULL, '1', '2', NULL, NULL, NULL, NULL, '56', '1', NULL, NULL, 0, NULL, NULL, '2024-06-12 00:42:22', '2024-06-12 00:42:22', NULL, NULL, NULL),
(120, 1307, 0, '1307', '', 0, 0, 'S Thangaraja', 'S Thangaraja', 'S', 'Thangaraja', 'Thangaraja', 'S Thangaraja', NULL, '1', NULL, NULL, 'Select', 'Select', NULL, NULL, '', '', '1234566789', NULL, NULL, NULL, '', '', '200021900309', NULL, '0112260060', '12345789', 5, '0.0', '0.0', NULL, NULL, NULL, NULL, NULL, NULL, '1', '5', NULL, NULL, NULL, NULL, '49', '1', NULL, NULL, 0, NULL, NULL, '2024-06-12 01:20:27', '2025-02-23 22:21:56', NULL, NULL, NULL),
(121, 1186, 0, '1186', '', 0, 0, 'M Manonmani', 'Manonmani', 'M', 'Manonmani', 'Manonmani', 'M Manonmani', NULL, '1', NULL, NULL, 'Select', 'Select', NULL, NULL, '', '', '1234566789', NULL, NULL, NULL, '', '', '776931470X', NULL, '0112260060', '12345789', 10, '0.0', '0.0', NULL, NULL, NULL, NULL, NULL, NULL, '1', '2', NULL, NULL, NULL, NULL, '9', '1', NULL, NULL, 0, NULL, NULL, '2024-06-12 01:30:25', '2024-07-18 01:07:25', NULL, 4, NULL),
(122, 1196, 0, '1196', '', 0, 0, 'H M A Pushpa kumara Herath', 'Herath', 'H M A', 'Pushpakumara', 'Herath', 'H M A Pushpa kumara Herath', NULL, '1', NULL, NULL, NULL, NULL, NULL, NULL, '', '', '1234566789', NULL, NULL, NULL, '', '', '811981745V', NULL, '0112260060', '12345789', 7, '0.0', '0.0', NULL, NULL, NULL, NULL, NULL, NULL, '1', '2', NULL, NULL, NULL, NULL, '9', '1', NULL, NULL, 0, NULL, NULL, '2024-06-12 04:13:52', '2024-06-12 04:13:52', NULL, NULL, NULL),
(123, 1205, 0, '1205', '', 0, 0, 'P Sivakumar', 'Sivakumar', 'P', 'Sivakumar', 'Sivakumar', 'P Sivakumar', NULL, '1', NULL, NULL, NULL, NULL, NULL, NULL, '', '', '1234566789', NULL, NULL, NULL, '', '', '200011500826', NULL, '0112260060', '12345789', 5, '0.0', '0.0', NULL, NULL, NULL, NULL, NULL, NULL, '1', '5', NULL, NULL, NULL, NULL, '49', '1', NULL, NULL, 0, NULL, NULL, '2024-06-12 05:52:29', '2024-06-12 05:52:29', NULL, NULL, NULL),
(124, 1206, 0, '1206', '', 0, 0, 'C Danushan', 'Danushan', 'C', 'Danushan', 'Danushan', 'C Danushan', NULL, '1', NULL, NULL, NULL, NULL, NULL, NULL, '', '', '12347890', NULL, NULL, NULL, '', '', '1234789v', NULL, '0112260060', '12347890', 5, '0.0', '0.0', NULL, NULL, NULL, NULL, NULL, NULL, '1', '5', NULL, NULL, NULL, NULL, '49', '1', NULL, NULL, 0, NULL, NULL, '2024-06-12 09:15:06', '2024-06-12 09:15:06', NULL, NULL, NULL),
(125, 1208, 0, '1208', '', 0, 0, 'D S Sureshan', 'Sureshan', 'D S', 'Sureshan', 'Sureshan', 'D S Sureshan', NULL, '1', NULL, NULL, NULL, NULL, NULL, NULL, '', '', '12347890', NULL, NULL, NULL, '', '', '1234789v', NULL, '0112260060', '12347890', 5, '0.0', '0.0', NULL, NULL, NULL, NULL, NULL, NULL, '1', '5', NULL, NULL, NULL, NULL, '49', '1', NULL, NULL, 0, NULL, NULL, '2024-06-12 09:18:36', '2024-06-12 09:18:36', NULL, NULL, NULL),
(126, 1301, 0, '1301', '', 0, 0, 'K P D Anulawathi', 'Anulawathi', 'K P D', 'Anulawathi', 'Anulawathi', 'K P D Anulawathi', NULL, '1', NULL, NULL, NULL, NULL, NULL, NULL, '', '', '12347890', NULL, NULL, NULL, '', '', '1234789v', NULL, '0112260060', '12347890', 10, '0.0', '0.0', NULL, NULL, NULL, NULL, NULL, NULL, '1', '2', NULL, NULL, NULL, NULL, '9', '1', NULL, NULL, 1, NULL, NULL, '2024-06-12 09:24:05', '2024-06-12 09:24:05', NULL, NULL, NULL),
(127, 842, 0, '842', '', 0, 0, 'H R T I Jayasingha', 'Tharindu', 'H R T I', 'Jayasingha', 'Jayasinghe', 'H R T I Jayasingha', NULL, '1', NULL, NULL, 'Select', 'Select', NULL, NULL, '', '', '1234566789', NULL, NULL, NULL, '', '', '893050949 V', NULL, '0112260060', '12345789', 6, '0.0', '0.0', NULL, NULL, NULL, NULL, NULL, NULL, '1', '2', NULL, NULL, NULL, NULL, '47', '1', NULL, NULL, 0, NULL, NULL, '2024-06-13 23:46:20', '2024-09-27 23:28:09', NULL, 4, NULL),
(128, 890, 0, '890', '', 0, 0, 'M Manoj Prasath', 'Manoj Prasath', 'M', 'Manoj Prasath', 'Manoj Prasath', 'M Manoj Prasath', NULL, '1', NULL, NULL, 'Select', 'Select', NULL, NULL, '', '', '1234566789', NULL, NULL, NULL, '', '', '980713288 V', NULL, '0112260060', '12345789', 5, '0.0', '0.0', NULL, NULL, NULL, NULL, NULL, NULL, '1', '5', NULL, NULL, NULL, NULL, '48', '1', NULL, NULL, 0, NULL, NULL, '2024-06-14 01:06:19', '2024-09-28 00:23:14', NULL, 4, NULL),
(129, 1108, 0, '1108', '', 0, 0, 'M S B Imrani', 'Imrani', 'M S B', 'Imrani', 'Imrani', 'M S B Imrani', NULL, '1', NULL, NULL, 'Select', 'Select', NULL, NULL, '', '', '1234566789', NULL, NULL, NULL, '', '', '618325300 V', NULL, '0112260060', '12345789', 10, '0.0', '0.0', NULL, NULL, NULL, NULL, NULL, NULL, '1', '2', NULL, NULL, NULL, NULL, '9', '1', NULL, NULL, 0, NULL, NULL, '2024-06-14 03:56:22', '2024-10-02 05:06:59', NULL, 4, NULL),
(130, 1171, 0, '1171', '', 0, 0, 'A M Sisira Kumara', 'sisira', 'A M', 'Sisira Kumara', 'Sisira', 'A M Sisira Kumara', NULL, '1', NULL, NULL, NULL, NULL, NULL, NULL, '', '', '1234566789', NULL, NULL, NULL, '', '', '831002042V', NULL, '0112260060', '12345789', 10, '0.0', '0.0', NULL, NULL, NULL, NULL, NULL, NULL, '1', '2', NULL, NULL, NULL, NULL, '47', '1', NULL, NULL, 0, NULL, NULL, '2024-06-18 00:49:06', '2024-06-18 00:49:06', NULL, NULL, NULL),
(131, 1301, 0, '1301', '', 0, 0, 'G Swarna Priya', 'priya', 'G', 'Swarna Priya', 'priya', 'G Swarna Priya', NULL, '1', NULL, NULL, 'Select', 'Select', NULL, NULL, '', '', '1234566789', NULL, NULL, NULL, '', '', '200164203896', NULL, '0112260060', '12345789', 10, '0.0', '0.0', NULL, NULL, NULL, NULL, NULL, NULL, '1', '2', NULL, NULL, NULL, NULL, '48', '1', NULL, NULL, 0, NULL, NULL, '2024-06-18 05:13:57', '2024-10-02 02:58:23', NULL, 4, NULL),
(132, 1302, 0, '1302', '', 0, 0, 'M Krishanth', 'krishanth', 'M', 'Krishanth', 'Krishanth', 'M Krishanth', NULL, '1', NULL, NULL, 'Select', 'Select', NULL, NULL, '', '', '1234566789', NULL, NULL, NULL, '', '', '200204403095', NULL, '0112260060', '12345789', 5, '0.0', '0.0', NULL, NULL, NULL, NULL, NULL, NULL, '1', '5', NULL, NULL, NULL, NULL, '48', '1', NULL, NULL, 0, NULL, NULL, '2024-06-18 05:15:05', '2024-10-02 02:57:21', NULL, 4, NULL),
(133, 307, 0, '307', '', 0, 0, 'k Sivakumar', 'Siva', 'k', 'Sivakumar', 'Kumar', 'K Sivakumar', NULL, '1', NULL, NULL, 'Select', 'Select', NULL, NULL, '', '', '0777226005', NULL, NULL, NULL, '', '', '860592460V', NULL, '0112260060', '0777226005', 2, '0.0', '0.0', NULL, NULL, NULL, NULL, NULL, NULL, '1', '2', NULL, NULL, NULL, NULL, '43', '1', NULL, NULL, 0, NULL, NULL, '2024-07-31 01:15:48', '2024-08-25 04:34:04', NULL, 3, NULL),
(134, 623, 0, '623', '', 623, 0, 'G.Ilanjiya', 'Ilanjiya', 'G', 'Ilanjiya', 'Ilanjiya', 'G.Ilanjiya', NULL, '1', NULL, NULL, 'Select', 'Select', NULL, NULL, '', '', '0766607242', NULL, NULL, NULL, '', '', '905901907V', NULL, '0112260060', '0766607242', 2, '0.0', '0.0', NULL, NULL, NULL, NULL, NULL, NULL, '1', '2', NULL, NULL, NULL, NULL, '5', '1', NULL, NULL, 0, NULL, NULL, '2024-07-31 01:18:32', '2024-08-25 04:56:12', NULL, 3, NULL),
(135, 645, 0, '645', '', 0, 0, 'P Vasudevan', 'Vasu', 'P', 'Vasudevan', 'Vasu', 'P Vasudevan', NULL, '1', NULL, NULL, 'Select', 'Select', NULL, NULL, '', '', '0775200484', NULL, NULL, NULL, '', '', '743641442V', NULL, '0112260060', '0775200484', 2, '0.0', '0.0', NULL, NULL, NULL, NULL, NULL, NULL, '1', '2', NULL, NULL, NULL, NULL, '63', '1', NULL, NULL, 0, NULL, NULL, '2024-07-31 01:25:40', '2024-08-25 05:14:31', NULL, 3, NULL),
(136, 0, 0, 't1', '', 0, 0, 'M Pradeepkumar', 'Pradeep', 'M Pradeepkumar', 'M Pradeepkumar', 'M Pradeepkumar', 'M Pradeepkumar', NULL, '2', NULL, NULL, NULL, NULL, NULL, NULL, '', '', '123456789', NULL, NULL, NULL, '', '', '123456789', NULL, '0112260060', '12345789', 5, '0.0', '0.0', NULL, NULL, NULL, NULL, NULL, NULL, '1', '5', NULL, NULL, NULL, NULL, '9', '1', NULL, NULL, 0, NULL, NULL, '2024-08-15 03:03:04', '2024-08-15 03:03:04', NULL, NULL, NULL),
(137, 800, 0, '800', '', 0, 0, 'S Harini', 'Harini', 'S', 'Harini', 'Harini', 'S Harini', NULL, '1', NULL, NULL, 'Select', 'Select', NULL, NULL, '', '', '12347890', NULL, NULL, NULL, '', '', '1234789v', NULL, '0112260060', '12347890', 2, '0.0', '0.0', NULL, NULL, NULL, NULL, NULL, NULL, '1', '2', NULL, NULL, NULL, NULL, '46', '1', NULL, NULL, 0, NULL, NULL, '2024-08-25 05:38:53', '2024-08-25 05:39:14', NULL, 3, NULL),
(138, 887, 0, '887', '', 0, 0, 'P Ushani Devi', 'Ushani', 'P', 'Ushani', 'Devi', 'P Ushani Devi', NULL, '1', NULL, NULL, 'Select', 'Select', NULL, NULL, '', '', '12347890', NULL, NULL, NULL, '', '', '1234789v', NULL, '0112260060', '12347890', 2, '0.0', '0.0', NULL, NULL, NULL, NULL, NULL, NULL, '1', '2', NULL, NULL, NULL, NULL, '65', '1', NULL, NULL, 0, NULL, NULL, '2024-08-25 07:07:53', '2024-08-25 07:08:17', NULL, 3, NULL),
(139, 1159, 0, '1159', '', 0, 0, 'B Thinithi Kavindiya', 'Thinithi', 'B', 'Thinithi', 'Kavindiya', 'B Thinithi Kavindiya', NULL, '1', NULL, NULL, 'Select', 'Select', NULL, NULL, '', '', '12347890', NULL, NULL, NULL, '', '', '1234789v', NULL, '0112260060', '12347890', 2, '0.0', '0.0', NULL, NULL, NULL, NULL, NULL, NULL, '1', '2', NULL, NULL, NULL, NULL, '5', '1', NULL, NULL, 0, NULL, NULL, '2024-08-25 08:57:49', '2024-08-25 08:58:28', NULL, 3, NULL),
(140, 1160, 0, '1160', '', 0, 0, 'S Kowshika', 'Kowshika', 'S', 'Kowshika', 'Kowshika', 'S Kowshika', NULL, '1', NULL, NULL, 'Select', 'Select', NULL, NULL, '', '', '12347890', NULL, NULL, NULL, '', '', '1234789v', NULL, '0112260060', '12347890', 2, '0.0', '0.0', NULL, NULL, NULL, NULL, NULL, NULL, '1', '2', NULL, NULL, NULL, NULL, '53', '1', NULL, NULL, 0, NULL, NULL, '2024-08-25 09:15:04', '2024-08-25 09:56:50', NULL, 3, NULL),
(141, 1214, 0, '1214', '', 0, 0, 'R Jesudas', 'Jesudas', 'R', 'Jesudas', 'Jesudas', 'R Jesudas', NULL, '1', NULL, NULL, 'Select', 'Select', NULL, NULL, '', '', '1234566789', NULL, NULL, NULL, '', '', '123456789', NULL, '0112260060', '12345789', 5, '0.0', '0.0', NULL, NULL, NULL, NULL, NULL, NULL, '1', '5', NULL, NULL, NULL, NULL, '59', '1', NULL, NULL, 0, NULL, NULL, '2024-08-27 03:59:34', '2024-08-27 03:59:58', NULL, 4, NULL),
(142, 1217, 0, '1217', '', 1217, 0, 'K M K R Peries', 'Peries', 'K M K R', 'Peries', 'Peries', 'K M K R Peries', NULL, '1', NULL, NULL, 'Select', 'Select', NULL, NULL, '', '', '1234566789', NULL, NULL, NULL, '', '', '123456789', NULL, '0112260060', '12345789', 10, '0.0', '0.0', NULL, NULL, NULL, NULL, NULL, NULL, '1', '2', NULL, NULL, NULL, NULL, '57', '1', NULL, NULL, 0, NULL, NULL, '2024-08-27 04:01:56', '2024-09-30 23:41:22', NULL, 4, NULL),
(143, 1218, 0, '1218', '', 0, 0, 'J A S Pradeep', 'Pradeep', 'J A S', 'Pradeep', 'Pradeep', 'J A S Pradeep', NULL, '1', NULL, NULL, 'Select', 'Select', NULL, NULL, '', '', '1234566789', NULL, NULL, NULL, '', '', '123456789', NULL, '0112260060', '12345789', 10, '0.0', '0.0', NULL, NULL, NULL, NULL, NULL, NULL, '1', '2', NULL, NULL, NULL, NULL, '9', '1', NULL, NULL, 0, NULL, NULL, '2024-08-27 04:07:02', '2024-09-30 23:22:58', NULL, 4, NULL),
(144, 1220, 0, '1220', '', 0, 0, 'M krishan', 'krishan', 'M', 'Krishan', 'Krishan', 'M krishan', NULL, '1', NULL, NULL, 'Select', 'Select', NULL, NULL, '', '', '1234566789', NULL, NULL, NULL, '', '', '123456789', NULL, '0112260060', '12345789', 5, '0.0', '0.0', NULL, NULL, NULL, NULL, NULL, NULL, '1', '2', NULL, NULL, NULL, NULL, '59', '1', NULL, NULL, 0, NULL, NULL, '2024-08-27 04:08:45', '2024-10-02 02:35:00', NULL, 4, NULL),
(145, 1223, 0, '1223', '', 0, 0, 'P P Deivanai', 'Deivanai', 'P P', 'Deivanai', 'Deivanai', 'P P Deivanai', NULL, '1', NULL, NULL, 'Select', 'Select', NULL, NULL, '', '', '1234566789', NULL, NULL, NULL, '', '', '123456789', NULL, '0112260060', '12345789', 10, '0.0', '0.0', NULL, NULL, NULL, NULL, NULL, NULL, '1', '2', NULL, NULL, NULL, NULL, '54', '1', NULL, NULL, 0, NULL, NULL, '2024-08-27 05:13:08', '2024-09-25 22:59:31', NULL, 4, NULL),
(146, 1224, 0, '1224', '', 0, 0, 'D M Kumari', 'Kumari', 'D M', 'Kumari', 'Kumari', 'D M Kumari', NULL, '1', NULL, NULL, NULL, NULL, NULL, NULL, '', '', '1234566789', NULL, NULL, NULL, '', '', '123456789', NULL, '0112260060', '12345789', 10, '0.0', '0.0', NULL, NULL, NULL, NULL, NULL, NULL, '1', '2', NULL, NULL, NULL, NULL, '54', '1', NULL, NULL, 0, NULL, NULL, '2024-08-27 05:17:58', '2024-08-27 05:17:58', NULL, NULL, NULL),
(147, 1225, 0, '1225', '', 0, 0, 'V Susila Kanthi', 'Susila Kanthi', 'V', 'Susila', 'Kanthi', 'V Susila Kanthi', NULL, '1', NULL, NULL, 'Select', 'Select', NULL, NULL, '', '', '1234566789', NULL, NULL, NULL, '', '', '123456789', NULL, '0112260060', '12345789', 10, '0.0', '0.0', NULL, NULL, NULL, NULL, NULL, NULL, '1', '2', NULL, NULL, NULL, NULL, '9', '1', NULL, NULL, 0, NULL, NULL, '2024-08-27 05:19:26', '2024-10-02 02:06:29', NULL, 4, NULL),
(148, 1226, 0, '1226', '', 0, 0, 'S M D Chathurika', 'Chathurika', 'S M D', 'Chathurika', 'Chathurika', 'S M D Chathurika', NULL, '1', NULL, NULL, 'Select', 'Select', NULL, NULL, '', '', '1234566789', NULL, NULL, NULL, '', '', '123456789', NULL, '0112260060', '12345789', 10, '0.0', '0.0', NULL, NULL, NULL, NULL, NULL, NULL, '1', '2', NULL, NULL, NULL, NULL, '9', '1', NULL, NULL, 0, NULL, NULL, '2024-08-27 05:20:37', '2024-10-02 02:05:17', NULL, 4, NULL),
(149, 1227, 0, '1227', '', 0, 0, 'P Kirushanthi', 'Kirushanthi', 'P', 'Kirushanthi', 'Kirushanthi', 'P Kirushanthi', NULL, '1', NULL, NULL, 'Select', 'Select', NULL, NULL, '', '', '1234566789', NULL, NULL, NULL, '', '', '123456789', NULL, '0112260060', '12345789', 10, '0.0', '0.0', NULL, NULL, NULL, NULL, NULL, NULL, '1', '2', NULL, NULL, NULL, NULL, '9', '1', NULL, NULL, 0, NULL, NULL, '2024-08-27 05:22:01', '2024-10-02 02:18:04', NULL, 4, NULL),
(150, 1229, 0, '1229', '', 0, 0, 'R Kethiswaran', 'Kethis', 'R', 'Kethiswaran', 'Kethiswaran', 'R Kethiswaran', NULL, '1', NULL, NULL, NULL, NULL, NULL, NULL, '', '', '1234566789', NULL, NULL, NULL, '', '', '123456789', NULL, '0112260060', '12345789', 5, '0.0', '0.0', NULL, NULL, NULL, NULL, NULL, NULL, '1', '2', NULL, NULL, NULL, NULL, '49', '1', NULL, NULL, 0, NULL, NULL, '2024-08-27 05:23:18', '2024-08-27 05:23:18', NULL, NULL, NULL),
(151, 1230, 0, '1230', '', 0, 0, 'T K Kirushanthi', 'Kirushanthi', 'T K', 'Kirushanthi', 'Kirushanthi', 'T K Kirushanthi', NULL, '1', NULL, NULL, NULL, NULL, NULL, NULL, '', '', '1234566789', NULL, NULL, NULL, '', '', '123456789', NULL, '0112260060', '12345789', 7, '0.0', '0.0', NULL, NULL, NULL, NULL, NULL, NULL, '1', '2', NULL, NULL, NULL, NULL, '9', '1', NULL, NULL, 0, NULL, NULL, '2024-08-27 05:26:27', '2024-08-27 05:26:27', NULL, NULL, NULL),
(152, 1231, 0, '1231', '', 0, 0, 'V Sugetharan', 'Sugi', 'V', 'Sugetharan', 'Sugi', 'V Sugetharan', NULL, '1', NULL, NULL, 'Select', 'Select', NULL, NULL, '', '', '1234566789', NULL, NULL, NULL, '', '', '123456789', NULL, '0112260060', '12345789', 5, '0.0', '0.0', NULL, NULL, NULL, NULL, NULL, NULL, '1', '2', NULL, NULL, NULL, NULL, '49', '1', NULL, NULL, 0, NULL, NULL, '2024-08-27 05:27:39', '2024-10-02 02:33:09', NULL, 4, NULL),
(153, 1232, 0, '1232', '', 0, 0, 'S Yogachandran', 'Yogachandran', 'S', 'Yogachandran', 'Yogachandran', 'S Yogachandran', NULL, '1', NULL, NULL, NULL, NULL, NULL, NULL, '', '', '1234566789', NULL, NULL, NULL, '', '', '123456789', NULL, '0112260060', '12345789', 7, '0.0', '0.0', NULL, NULL, NULL, NULL, NULL, NULL, '1', '5', NULL, NULL, NULL, NULL, '9', '1', NULL, NULL, 0, NULL, NULL, '2024-08-27 05:29:07', '2024-08-27 05:29:07', NULL, NULL, NULL),
(154, 1221, 0, '1221', '', 0, 0, 'M Thiruganasampanthar', 'Thiruganasampanthar', 'M', 'Thiruganasampanthar', 'Thiruganasampanthar', 'M Thiruganasampanthar', NULL, '1', NULL, NULL, 'Select', 'Select', NULL, NULL, '', '', '1234566789', NULL, NULL, NULL, '', '', '197232702351', NULL, '0112260060', '12345789', 5, '0.0', '0.0', NULL, NULL, NULL, NULL, NULL, NULL, '1', '2', NULL, NULL, NULL, NULL, '9', '1', NULL, NULL, 0, NULL, NULL, '2024-09-25 22:53:55', '2024-09-25 22:54:15', NULL, 4, NULL),
(155, 1235, 0, '1235', '', 0, 0, 'M G N Tharu prabha', 'Tharu prabha', 'M G N', 'Tharu prabha', 'Tharu prabha', 'M G N Tharu prabha', NULL, '1', NULL, NULL, 'Select', 'Select', NULL, NULL, '', '', '1234566789', NULL, NULL, NULL, '', '', '200683302368', NULL, '0112260060', '12345789', 10, '0.0', '0.0', NULL, NULL, NULL, NULL, NULL, NULL, '1', '2', NULL, NULL, NULL, NULL, '55', '1', NULL, NULL, 0, NULL, NULL, '2024-09-26 02:42:29', '2024-09-26 02:42:56', NULL, 4, NULL),
(156, 1237, 0, '1237', '', 0, 0, 'T Sasidran', 'T Sasidran', 'T', 'Sasidran', 'Sasidran', 'T Sasidran', NULL, '1', NULL, NULL, 'Select', 'Select', NULL, NULL, '', '', '1234566789', NULL, NULL, NULL, '', '', '933234665v', NULL, '0112260060', '12345789', 5, '0.0', '0.0', NULL, NULL, NULL, NULL, NULL, NULL, '1', '2', NULL, NULL, NULL, NULL, '59', '1', NULL, NULL, 0, NULL, NULL, '2024-09-26 02:49:42', '2024-10-02 03:02:03', NULL, 4, NULL),
(157, 1238, 0, '1238', '', 0, 0, 'Y Kaseedaran', 'Kaseedaran', 'Y', 'Kaseedaran', 'Kaseedaran', 'Y Kaseedaran', NULL, '1', NULL, NULL, 'Select', 'Select', NULL, NULL, '', '', '1234566789', NULL, NULL, NULL, '', '', '200422904883', NULL, '0112260060', '12345789', 10, '0.0', '0.0', NULL, NULL, NULL, NULL, NULL, NULL, '1', '2', NULL, NULL, NULL, NULL, '57', '1', NULL, NULL, 0, NULL, NULL, '2024-09-26 02:51:48', '2024-10-02 00:11:31', NULL, 4, NULL),
(158, 1242, 0, '1242', '', 0, 0, 'W Krishan Kumar', 'Krishan Kumar', 'W', 'Krishan Kumar', 'Kumar', 'W Krishan Kumar', NULL, '1', NULL, NULL, 'Select', 'Select', NULL, NULL, '', '', '1234566789', NULL, NULL, NULL, '', '', '199131804106', NULL, '0112260060', '12345789', 5, '0.0', '0.0', NULL, NULL, NULL, NULL, NULL, NULL, '1', '5', NULL, NULL, NULL, NULL, '59', '1', NULL, NULL, 0, NULL, NULL, '2024-09-26 02:53:32', '2024-10-02 00:18:22', NULL, 4, NULL),
(159, 1244, 0, '1244', '', 0, 0, 'D M Chandani Menike', 'Chandani Menike', 'D M', 'Chandani Menike', 'Chandani Menike', 'D M Chandani Menike', NULL, '1', NULL, NULL, 'Select', 'Select', NULL, NULL, '', '', '1234566789', NULL, NULL, NULL, '', '', '725220634V', NULL, '0112260060', '12345789', 10, '0.0', '0.0', NULL, NULL, NULL, NULL, NULL, NULL, '1', '2', NULL, NULL, NULL, NULL, '9', '1', NULL, NULL, 0, NULL, NULL, '2024-09-26 03:33:47', '2024-10-02 02:19:51', NULL, 4, NULL),
(160, 1246, 0, '1246', '', 0, 0, 'S Yogakumar', 'S Yogakumar', 'S', 'Yogakumar', 'Yogakumar', 'S Yogakumar', NULL, '1', NULL, NULL, 'Select', 'Select', NULL, NULL, '', '', '1234566789', NULL, NULL, NULL, '', '', '200421105040', NULL, '0112260060', '12345789', 10, '0.0', '0.0', NULL, NULL, NULL, NULL, NULL, NULL, '1', '5', NULL, NULL, NULL, NULL, '56', '1', NULL, NULL, 0, NULL, NULL, '2024-09-26 03:35:15', '2024-10-02 01:39:51', NULL, 4, NULL),
(161, 1248, 0, '1248', '', 0, 0, 'N Y G Indika Jayasurendra', 'Indika Jayasurendra', 'N Y G', 'Indika Jayasurendra', 'Indika Jayasurendra', 'N Y G Indika Jayasurendra', NULL, '1', NULL, NULL, 'Select', 'Select', NULL, NULL, '', '', '1234566789', NULL, NULL, NULL, '', '', '841151631V', NULL, '0112260060', '12345789', 10, '0.0', '0.0', NULL, NULL, NULL, NULL, NULL, NULL, '1', '5', NULL, NULL, NULL, NULL, '55', '1', NULL, NULL, 0, NULL, NULL, '2024-09-26 03:36:52', '2024-10-02 01:38:31', NULL, 4, NULL),
(162, 1250, 0, '1250', '', 0, 0, 'R Kitnasamy', 'Kitnasamy', 'R', 'Kitnasamy', 'Kitnasamy', 'R Kitnasamy', NULL, '1', NULL, NULL, 'Select', 'Select', NULL, NULL, '', '', '1234566789', NULL, NULL, NULL, '', '', '198013203642', NULL, '0112260060', '12345789', 5, '0.0', '0.0', NULL, NULL, NULL, NULL, NULL, NULL, '1', '5', NULL, NULL, NULL, NULL, '59', '1', NULL, NULL, 0, NULL, NULL, '2024-09-26 03:45:18', '2024-10-02 00:16:51', NULL, 4, NULL),
(163, 1251, 0, '1251', '', 0, 0, 'P Visagan', 'Visagan', 'P', 'Visagan', 'Visagan', 'P Visagan', NULL, '1', NULL, NULL, NULL, NULL, NULL, NULL, '', '', '1234566789', NULL, NULL, NULL, '', '', '200119904399', NULL, '0112260060', '12345789', 5, '0.0', '0.0', NULL, NULL, NULL, NULL, NULL, NULL, '1', '5', NULL, NULL, NULL, NULL, '58', '1', NULL, NULL, 0, NULL, NULL, '2024-09-26 03:49:42', '2024-09-26 03:49:42', NULL, NULL, NULL),
(164, 1260, 0, '1260', '', 0, 0, 'L P D Jayantha', 'Jayantha', 'L P D', 'Jayantha', 'Jayantha', 'L P D Jayantha', NULL, '1', NULL, NULL, 'Select', 'Select', NULL, NULL, '', '', '1234566789', NULL, NULL, NULL, '', '', '735113976V', NULL, '0112260060', '12345789', 10, '0.0', '0.0', NULL, NULL, NULL, NULL, NULL, NULL, '1', '2', NULL, NULL, NULL, NULL, '9', '1', NULL, NULL, 0, NULL, NULL, '2024-09-26 03:51:14', '2024-10-02 02:18:47', NULL, 4, NULL),
(165, 1261, 0, '1261', '', 0, 0, 'M Selladurai', 'Selladurai', 'M', 'Selladurai', 'Selladurai', 'M Selladurai', NULL, '1', NULL, NULL, 'Select', 'Select', NULL, NULL, '', '', '1234566789', NULL, NULL, NULL, '', '', '196301005935', NULL, '0112260060', '12345789', 5, '0.0', '0.0', NULL, NULL, NULL, NULL, NULL, NULL, '1', '5', NULL, NULL, NULL, NULL, '48', '1', NULL, NULL, 0, NULL, NULL, '2024-09-26 03:54:47', '2024-09-27 00:44:53', NULL, 4, NULL),
(166, 1262, 0, '1262', '', 0, 0, 'D G K Chamara Banadara', 'D G K Chamara Banadara', 'D G K', 'Chamara Banadara', 'Chamara Banadara', 'D G K Chamara Banadara', NULL, '1', NULL, NULL, 'Select', 'Select', NULL, NULL, '', '', '1234566789', NULL, NULL, NULL, '', '', '200120200266', NULL, '0112260060', '12345789', 10, '0.0', '0.0', NULL, NULL, NULL, NULL, NULL, NULL, '1', '5', NULL, NULL, NULL, NULL, '56', '1', NULL, NULL, 0, NULL, NULL, '2024-09-26 03:58:36', '2024-10-02 00:15:26', NULL, 4, NULL),
(167, 1263, 0, '1263', '', 0, 0, 'I Yogaraj', 'Yogaraj', 'I', 'Yogaraj', 'Yogaraj', 'I Yogaraj', NULL, '1', NULL, NULL, 'Select', 'Select', NULL, NULL, '', '', '1234566789', NULL, NULL, NULL, '', '', '721271560V', NULL, '0112260060', '12345789', 3, '0.0', '0.0', NULL, NULL, NULL, NULL, NULL, NULL, '1', '5', NULL, NULL, NULL, NULL, '8', '1', NULL, NULL, 0, NULL, NULL, '2024-09-26 04:05:23', '2024-09-27 01:09:46', NULL, 4, NULL),
(168, 1264, 0, '1264', '', 0, 0, 'T G J Hemalatha', 'Janaki Hemalatha', 'T G J', 'Hemalatha', 'Hemalatha', 'T G J Hemalatha', NULL, '1', NULL, NULL, 'Select', 'Select', NULL, NULL, '', '', '1234566789', NULL, NULL, NULL, '', '', '196073910048', NULL, '0112260060', '12345789', 10, '0.0', '0.0', NULL, NULL, NULL, NULL, NULL, NULL, '1', '2', NULL, NULL, NULL, NULL, '57', '1', NULL, NULL, 1, NULL, NULL, '2024-09-26 04:08:38', '2024-09-27 02:32:16', NULL, 4, NULL),
(169, 1266, 0, '1266', '', 0, 0, 'V Lidushan', 'Lidushan', 'V', 'Lidushan', 'Lidushan', 'V Lidushan', NULL, '1', NULL, NULL, 'Select', 'Select', NULL, NULL, '', '', '1234566789', NULL, NULL, NULL, '', '', '200232401710', NULL, '0112260060', '12345789', 5, '0.0', '0.0', NULL, NULL, NULL, NULL, NULL, NULL, '1', '5', NULL, NULL, NULL, NULL, '59', '1', NULL, NULL, 0, NULL, NULL, '2024-09-26 04:10:58', '2024-10-02 01:31:00', NULL, 4, NULL),
(170, 1267, 0, '1267', '', 0, 0, 'S Kirushanthan', 'Kirushanthan', 'S', 'Kirushanthan', 'Kirushanthan', 'S Kirushanthan', NULL, '1', NULL, NULL, 'Select', 'Select', NULL, NULL, '', '', '1234566789', NULL, NULL, NULL, '', '', '200418704444', NULL, '0112260060', '12345789', 10, '0.0', '0.0', NULL, NULL, NULL, NULL, NULL, NULL, '1', '5', NULL, NULL, NULL, NULL, '55', '1', NULL, NULL, 0, NULL, NULL, '2024-09-26 04:12:40', '2024-09-27 03:13:10', NULL, 4, NULL),
(171, 1300, 0, '1300', '', 0, 0, 'K P D Anulawathi', 'Anulawathi', 'K P D', 'Anulawathi', 'Anulawathi', 'K P D Anulawathi', NULL, '1', NULL, NULL, 'Select', 'Select', NULL, NULL, '', '', '1234566789', NULL, NULL, NULL, '', '', '635452161V', NULL, '0112260060', '12345789', 10, '0.0', '0.0', NULL, NULL, NULL, NULL, NULL, NULL, '1', '2', NULL, NULL, NULL, NULL, '9', '1', NULL, NULL, 0, NULL, NULL, '2024-09-26 04:16:25', '2024-10-02 02:54:27', NULL, 4, NULL),
(172, 1268, 0, '1268', '', 0, 0, 'D G R Udayangani', 'Ramya', 'D G R', 'Udayangani', 'Udayangani', 'D G R Udayangani', NULL, '1', NULL, NULL, 'Select', 'Select', NULL, NULL, '', '', '1234566789', NULL, NULL, NULL, '', '', '123456789', NULL, '0112260060', '12345789', 10, '0.0', '0.0', NULL, NULL, NULL, NULL, NULL, NULL, '1', '2', NULL, NULL, NULL, NULL, '9', '1', NULL, NULL, 0, NULL, NULL, '2024-10-01 00:36:47', '2024-10-02 02:13:44', NULL, 4, NULL),
(173, 1269, 0, '1269', '', 0, 0, 'S Thiyageswaran', 'Thiyageswaran', 'S', 'Thiyageswaran', 'Thiyageswaran', 'S Thiyageswaran', NULL, '1', NULL, NULL, 'Select', 'Select', NULL, NULL, '', '', '12345678', NULL, NULL, NULL, '', '', '1234568', NULL, '0112260060', '12345789', 10, '0.0', '0.0', NULL, NULL, NULL, NULL, NULL, NULL, '1', '5', NULL, NULL, NULL, NULL, '9', '1', NULL, NULL, 0, NULL, NULL, '2024-10-01 00:38:04', '2024-10-01 22:40:45', NULL, 4, NULL),
(174, 1270, 0, '1270', '', 0, 0, 'W N Pushpa Malkanthi', 'Pushpa Malkanthi', 'W N', 'Pushpa Malkanthi', 'Pushpa Malkanthi', 'W N Pushpa Malkanthi', NULL, '1', NULL, NULL, 'Select', 'Select', NULL, NULL, '', '', '1234566789', NULL, NULL, NULL, '', '', '1234568', NULL, '0112260060', '12345789', 10, '0.0', '0.0', NULL, NULL, NULL, NULL, NULL, NULL, '1', '2', NULL, NULL, NULL, NULL, '9', '1', NULL, NULL, 0, NULL, NULL, '2024-10-01 00:39:18', '2024-10-02 02:15:02', NULL, 4, NULL),
(175, 1271, 0, '1271', '', 0, 0, 'J A K Jayasinghe', 'J A K Jayasinghe', 'J A K', 'Jayasinghe', 'Jayasinghe', 'J A K Jayasinghe', NULL, '1', NULL, NULL, 'Select', 'Select', NULL, NULL, '', '', '1234566789', NULL, NULL, NULL, '', '', '1234568', NULL, '0112260060', '12345789', 10, '0.0', '0.0', NULL, NULL, NULL, NULL, NULL, NULL, '1', '2', NULL, NULL, NULL, NULL, '9', '1', NULL, NULL, 0, NULL, NULL, '2024-10-01 00:41:08', '2024-10-02 02:14:34', NULL, 4, NULL),
(176, 1272, 0, '1272', '', 0, 0, 'W Ranjanie', 'Ranjanie', 'W', 'Ranjanie', 'Ranjanie', 'W Ranjanie', NULL, '1', NULL, NULL, 'Select', 'Select', NULL, NULL, '', '', '1234566789', NULL, NULL, NULL, '', '', '1234568', NULL, '0112260060', '12345789', 10, '0.0', '0.0', NULL, NULL, NULL, NULL, NULL, NULL, '1', '2', NULL, NULL, NULL, NULL, '9', '1', NULL, NULL, 1, NULL, NULL, '2024-10-01 00:42:26', '2024-10-02 02:14:47', NULL, 4, NULL),
(177, 1272, 0, '1272', '', 0, 0, 'R Iraj', 'Iraj', 'R', 'Iraj', 'Iraj', 'R Iraj', NULL, '1', NULL, NULL, 'Select', 'Select', NULL, NULL, '', '', '1234566789', NULL, NULL, NULL, '', '', '1234568', NULL, '0112260060', '12345789', 5, '0.0', '0.0', NULL, NULL, NULL, NULL, NULL, NULL, '1', '5', NULL, NULL, NULL, NULL, '9', '1', NULL, NULL, 0, NULL, NULL, '2024-10-01 00:43:29', '2024-10-09 04:24:02', NULL, 4, NULL),
(178, 1273, 0, '1273', '', 0, 0, 'J Praveen Kumar', 'Praveen', 'J', 'Praveen', 'Kumar', 'J Praveen Kumar', NULL, '1', NULL, NULL, 'Select', 'Select', NULL, NULL, '', '', '123456789', NULL, NULL, NULL, '', '', '200232510126', NULL, '0112260060', '123456789', 10, '0.0', '0.0', NULL, NULL, NULL, NULL, NULL, NULL, '1', '5', NULL, NULL, NULL, NULL, '9', '1', NULL, NULL, 0, NULL, NULL, '2024-10-24 05:19:01', '2024-10-24 05:36:50', NULL, 4, NULL),
(179, 1274, 0, '1274', '', 0, 0, 'S Deivarasa', 'Deivarasa', 'S', 'Deivarasa', 'Deivarasa', 'S Deivarasa', NULL, '1', NULL, NULL, 'Select', 'Select', NULL, NULL, '', '', '123456789', NULL, NULL, NULL, '', '', '953173689V', NULL, '0112260060', '123456789', 5, '0.0', '0.0', NULL, NULL, NULL, NULL, NULL, NULL, '1', '5', NULL, NULL, NULL, NULL, '59', '1', NULL, NULL, 0, NULL, NULL, '2024-10-24 05:20:38', '2024-10-24 05:37:02', NULL, 4, NULL),
(180, 1275, 0, '1275', '', 0, 0, 'G S Nawaneedan', 'navaneedan', 'G S', 'Nawaneedan', 'nawaneedan', 'G S Nawaneedan', NULL, '1', NULL, NULL, 'Select', 'Select', NULL, NULL, '', '', '123456789', NULL, NULL, NULL, '', '', '200022210081', NULL, '0112260060', '123456789', 5, '0.0', '0.0', NULL, NULL, NULL, NULL, NULL, NULL, '1', '5', NULL, NULL, NULL, NULL, '58', '1', NULL, NULL, 0, NULL, NULL, '2024-10-24 05:22:54', '2024-10-24 05:37:16', NULL, 4, NULL),
(181, 1276, 0, '1276', '', 0, 0, 'S Suganthan', 'Suganthan', 'S', 'Suganthan', 'Suganthan', 'S Suganthan', NULL, '1', NULL, NULL, 'Select', 'Select', NULL, NULL, '', '', '123456789', NULL, NULL, NULL, '', '', '200229502213', NULL, '0112260060', '123456789', 10, '0.0', '0.0', NULL, NULL, NULL, NULL, NULL, NULL, '1', '5', NULL, NULL, NULL, NULL, '55', '1', NULL, NULL, 0, NULL, NULL, '2024-10-24 05:24:53', '2024-10-24 05:37:35', NULL, 4, NULL),
(182, 1277, 0, '1277', '', 0, 0, 'B G Chandurika', 'Chandurika', 'B G', 'Chandurika', 'Chandurika', 'B G Chandurika', NULL, '1', NULL, NULL, 'Select', 'Select', NULL, NULL, '', '', '12345678', NULL, NULL, NULL, '', '', '748620621V', NULL, '0112260060', '12345678', 10, '0.0', '0.0', NULL, NULL, NULL, NULL, NULL, NULL, '1', '2', NULL, NULL, NULL, NULL, '9', '1', NULL, NULL, 0, NULL, NULL, '2024-10-24 05:26:26', '2024-10-24 05:37:49', NULL, 4, NULL),
(183, 1278, 0, '1278', '', 0, 0, 'A  G D Chandralatha Menike', 'Chandralatha', 'A  G D', 'Chandralatha', 'Menike', 'A  G D Chandralatha Menike', NULL, '1', NULL, NULL, 'Select', 'Select', NULL, NULL, '', '', '12345678', NULL, NULL, NULL, '', '', '705723486V', NULL, '0112260060', '12345678', 10, '0.0', '0.0', NULL, NULL, NULL, NULL, NULL, NULL, '1', '2', NULL, NULL, NULL, NULL, '9', '1', NULL, NULL, 0, NULL, NULL, '2024-10-24 05:28:42', '2024-10-24 05:38:05', NULL, 4, NULL),
(184, 1279, 0, '1279', '', 0, 0, 'A RamShankar', 'Shankar', 'A', 'Ram', 'Shangar', 'A RamShankar', NULL, '1', NULL, NULL, 'Select', 'Select', NULL, NULL, '', '', '12345678', NULL, NULL, NULL, '', '', '750763960V', NULL, '0112260060', '12345678', 3, '0.0', '0.0', NULL, NULL, NULL, NULL, NULL, NULL, '1', '5', NULL, NULL, NULL, NULL, '8', '1', NULL, NULL, 0, NULL, NULL, '2024-10-24 05:30:43', '2024-10-30 00:26:14', NULL, 4, NULL),
(185, 1280, 0, '1280', '', 0, 0, 'S Saji kanth', 'Sajith', 'S', 'Sajith', 'Kanth', 'S Saji kanth', NULL, '1', NULL, NULL, 'Select', 'Select', NULL, NULL, '', '', '12345678', NULL, NULL, NULL, '', '', '200501601876', NULL, '0112260060', '12345678', 2, '0.0', '0.0', NULL, NULL, NULL, NULL, NULL, NULL, '1', '2', NULL, NULL, NULL, NULL, '62', '1', NULL, NULL, 0, NULL, NULL, '2024-10-25 01:08:34', '2024-10-25 01:09:38', NULL, 3, NULL),
(186, 1281, 0, '1281', '', 0, 0, 's sadurshini', 'sadu', 's', 'Sadurshini', 'sadu', 's sadurshini', NULL, '1', NULL, NULL, 'Select', 'Select', NULL, NULL, '', '', '1234566789', NULL, NULL, NULL, '', '', '123456891111', NULL, '0112260060', '123457891', 10, '0.0', '0.0', NULL, NULL, NULL, NULL, NULL, NULL, '1', '2', NULL, NULL, NULL, NULL, '9', '1', NULL, NULL, 0, NULL, NULL, '2024-12-05 02:44:43', '2025-01-30 02:30:08', NULL, 4, NULL),
(187, 1282, 0, '1282', '', 0, 0, 'S.Sadhurshika', 'sadu', 's', 'Sadhurshika', 'sadu', 'Sadhurshika', NULL, '1', NULL, 'Female', 'Unmarried', 'Select', NULL, NULL, '', '', '1234566789', NULL, NULL, NULL, '', '', '123456891111', NULL, '0112260060', '12345789', 10, '0.0', '0.0', NULL, NULL, NULL, NULL, NULL, NULL, '1', '2', NULL, NULL, NULL, NULL, '9', '1', NULL, NULL, 0, NULL, NULL, '2024-12-05 03:07:46', '2025-01-30 02:29:12', NULL, 4, NULL),
(188, 1285, 0, '1285', '', 0, 0, 'k Nalika Fernando', 'Nalika', 'K', 'Nalika', 'Fernando', 'Nalika fernando', NULL, '1', NULL, NULL, 'Select', 'Select', NULL, NULL, '', '', '1234566789', NULL, NULL, NULL, '', '', '123456891111', NULL, NULL, '1234566789', 10, '0.0', '0.0', NULL, NULL, NULL, NULL, NULL, NULL, '1', '2', NULL, NULL, NULL, NULL, '9', '1', NULL, NULL, 0, NULL, NULL, '2024-12-05 04:09:50', '2024-12-05 04:20:11', NULL, 4, NULL),
(189, 1283, 0, '1283', '', 0, 0, 'A sadurshan', 'Sadu', 'A', 'Sadurshan', 'sadu', 'A sadurshan', NULL, '1', NULL, NULL, 'Select', 'Select', NULL, NULL, '', '', '1234566789', NULL, NULL, NULL, '', '', '123456891111', NULL, '0112260060', '123457891', 10, '0.0', '0.0', NULL, NULL, NULL, NULL, NULL, NULL, '1', '5', NULL, NULL, NULL, NULL, '9', '1', NULL, NULL, 0, NULL, NULL, '2024-12-05 04:29:36', '2024-12-24 00:09:11', NULL, 4, NULL),
(190, 1284, 0, '1284', '', 0, 0, 'M Rasalingam', 'rasalingam', 'M', 'Rasalingam', 'lingam', 'M Rasalingam', NULL, '1', NULL, NULL, 'Select', 'Select', NULL, NULL, '', '', '1234566789', NULL, NULL, NULL, '', '', '123456891111', NULL, '0112260060', '123457891', 5, '0.0', '0.0', NULL, NULL, NULL, NULL, NULL, NULL, '1', '5', NULL, NULL, NULL, NULL, '9', '1', NULL, NULL, 0, NULL, NULL, '2024-12-05 04:51:55', '2025-01-08 03:56:21', NULL, 4, NULL),
(191, 1286, 0, '1286', '', 1286, 0, 'T.Thushanthan', 'Thushan', 'T', 'Thushanthan', 'Thushan', 'T.Thushanthan', NULL, '1', NULL, NULL, 'Select', 'Select', NULL, NULL, '', '', '1234566789', NULL, NULL, NULL, '', '', '123456891111', NULL, '0112260060', '123457891', 5, '0.0', '0.0', NULL, NULL, NULL, NULL, NULL, NULL, '1', '5', NULL, NULL, NULL, NULL, '9', '1', NULL, NULL, 0, NULL, NULL, '2024-12-05 05:05:50', '2024-12-05 05:18:50', NULL, 4, NULL),
(192, 1287, 0, '1287', '', 0, 0, 'Roy', 'Roy', 'Roy', 'Roy', 'Roy', 'Roy', NULL, '1', NULL, NULL, 'Select', 'Select', NULL, NULL, '', '', '1234566789', NULL, NULL, NULL, '', '', '123456891111', NULL, '0112260060', '123457891', 10, '0.0', '0.0', NULL, NULL, NULL, NULL, NULL, NULL, '1', '5', NULL, NULL, NULL, NULL, '9', '1', NULL, NULL, 0, NULL, NULL, '2024-12-05 05:27:24', '2024-12-05 05:27:46', NULL, 4, NULL),
(193, 1288, 0, '1288', '', 0, 0, 'E G N K Ratnayaka', 'Ratnaya', 'E G N K', 'Ratnayaka', 'ratnayaka', 'E G N K Ratnayaka', NULL, '1', NULL, NULL, 'Select', 'Select', NULL, NULL, '', '', '1234566789', NULL, NULL, NULL, '', '', '123456891111', NULL, NULL, '123457891', 10, '0.0', '0.0', NULL, NULL, NULL, NULL, NULL, NULL, '1', '5', NULL, NULL, NULL, NULL, '9', '1', NULL, NULL, 0, NULL, NULL, '2024-12-05 05:52:01', '2024-12-05 06:00:49', NULL, 4, NULL),
(194, 1289, 0, '1289', '', 0, 0, 'S Srimala', 'mala', 'S', 'Sri', 'mala', 'S Srimala', NULL, '1', NULL, 'Female', 'Unmarried', 'Select', NULL, '2024-11-25', '', '', '1234566789', NULL, NULL, NULL, '', '', '123456891111', NULL, '0112260060', '12345789', 2, '0.0', '0.0', NULL, NULL, NULL, NULL, NULL, NULL, '1', '2', NULL, NULL, NULL, NULL, '24', '1', NULL, NULL, 0, NULL, NULL, '2024-12-06 00:58:00', '2024-12-19 03:57:59', NULL, 3, NULL),
(195, 1290, 0, '1290', '', 0, 0, 'R Shanthamma', 'R Shantha', 'R', 'Shanthamma', 'Shantha', 'R Shanthamma', NULL, '1', NULL, 'Female', 'Select', 'Select', NULL, '2024-08-23', '', '', '1234566789', NULL, NULL, NULL, '', '', '123456891111', NULL, '0112260060', '1234566789', 10, '0.0', '0.0', NULL, NULL, NULL, NULL, NULL, NULL, '1', '2', NULL, NULL, NULL, NULL, '9', '1', NULL, NULL, 0, NULL, NULL, '2025-01-07 21:55:54', '2025-01-07 22:30:42', NULL, 4, NULL),
(196, 1291, 0, '1291', '', 0, 0, 'S M A G G Wijayakon', 'Wijayakon', 'S M A G', 'G', 'Wijayakon', 'S M A G G Wijayakon', NULL, '1', NULL, NULL, 'Select', 'Select', NULL, NULL, '', '', '1234566789', NULL, NULL, NULL, '', '', '123456891111', NULL, NULL, '1234566789', 10, '0.0', '0.0', NULL, NULL, NULL, NULL, NULL, NULL, '1', '5', NULL, NULL, NULL, NULL, '9', '1', NULL, NULL, 0, NULL, NULL, '2025-01-07 22:58:28', '2025-01-07 23:23:13', NULL, 4, NULL),
(197, 1296, 0, '1296', '', 0, 0, 'R Madusha', 'madu', 'R', 'Madusha', 'Madu', 'R Madusha', NULL, '1', NULL, NULL, 'Select', 'Select', NULL, NULL, '', '', '1234566789', NULL, NULL, NULL, '', '', '123456891111', NULL, '0112260060', '12345789', 10, '0.0', '0.0', NULL, NULL, NULL, NULL, NULL, NULL, '1', '2', NULL, NULL, NULL, NULL, '9', '1', NULL, NULL, 0, NULL, NULL, '2025-01-08 00:21:09', '2025-01-08 00:31:27', NULL, 4, NULL),
(198, 1292, 0, '1292', '', 0, 0, 'P C Rajakaruna', 'karuna', 'P', 'c', 'Rajakaruna', 'P C Rajakaruna', NULL, '1', NULL, NULL, 'Select', 'Select', NULL, NULL, '', '', '1234566789', NULL, NULL, NULL, '', '', '123456891111', NULL, '0112260060', '1234566789', 10, '0.0', '0.0', NULL, NULL, NULL, NULL, NULL, NULL, '1', '2', NULL, NULL, NULL, NULL, '9', '1', NULL, NULL, 0, NULL, NULL, '2025-01-08 00:42:49', '2025-01-08 00:51:35', NULL, 3, NULL),
(199, 1293, 0, '1293', '', 0, 0, 'Anujan', 'Anu', 'Anujan', 'Anujan', 'Anujan', 'Anujan', NULL, '1', NULL, NULL, 'Select', 'Select', NULL, NULL, '', '', '1234566789', NULL, NULL, NULL, '', '', '123456891111', NULL, '0112260060', '12345789', 10, '0.0', '0.0', NULL, NULL, NULL, NULL, NULL, NULL, '1', '5', NULL, NULL, NULL, NULL, '9', '1', NULL, NULL, 0, NULL, NULL, '2025-01-08 01:06:11', '2025-01-08 01:06:35', NULL, 4, NULL),
(200, 1294, 0, '1294', '', 0, 0, 'R Aswin', 'Aswin', 'R', 'Aswin', 'Aswin', 'R Aswin', NULL, '1', NULL, 'Male', 'Select', 'Select', NULL, '2024-08-29', '', '', '1234566789', NULL, NULL, NULL, '', '', '123456891111', NULL, '0112260060', '12345789', 10, '0.0', '0.0', NULL, NULL, NULL, NULL, NULL, NULL, '1', '5', NULL, NULL, NULL, NULL, '9', '1', NULL, NULL, 1, NULL, NULL, '2025-01-08 01:40:41', '2025-01-08 02:59:45', NULL, 4, NULL),
(201, 1295, 0, '1295', '', 0, 0, 'K G D M PushpaKumara', 'Kumara', 'K G D M', 'Pushpa', 'Kumara', 'K G D M PushpaKumara', NULL, '1', NULL, NULL, 'Select', 'Select', NULL, NULL, '', '', '1234566789', NULL, NULL, NULL, '', '', '123456891111', NULL, NULL, '12345789', 10, '0.0', '0.0', NULL, NULL, NULL, NULL, NULL, NULL, '1', '5', NULL, NULL, NULL, NULL, '9', '1', NULL, NULL, 0, NULL, NULL, '2025-01-08 02:01:41', '2025-01-08 02:56:09', NULL, 4, NULL),
(202, 1297, 0, '1297', '', 0, 0, 'P Srikanthan', 'Srikanthan', 'P', NULL, 'Srikanthan', 'P Srikanthan', NULL, '1', NULL, NULL, 'Select', 'Select', NULL, NULL, '', '', '1234566789', NULL, NULL, NULL, '', '', 'P Srikanthan', NULL, '0112260060', '12345789', 5, '0.0', '0.0', NULL, NULL, NULL, NULL, NULL, NULL, '1', '5', NULL, NULL, NULL, NULL, '9', '1', NULL, NULL, 0, NULL, NULL, '2025-01-08 02:03:50', '2025-01-08 03:09:46', NULL, 4, NULL),
(203, 1298, 0, '1298', '', 0, 0, 'P Prabhu', 'Prabhu', 'P', 'Prabhu', 'Prabhu', 'P Prabhu', NULL, '1', NULL, NULL, 'Select', 'Select', NULL, NULL, '', '', '1234566789', NULL, NULL, NULL, '', '', '199715510182', NULL, '0112260060', '1234566789', 5, '0.0', '0.0', NULL, NULL, NULL, NULL, NULL, NULL, '1', '5', NULL, NULL, NULL, NULL, '59', '1', NULL, NULL, 0, NULL, NULL, '2025-01-08 02:22:53', '2025-01-08 03:40:15', NULL, 4, NULL),
(204, 1294, 0, '1294', '', 0, 0, 'R Aswin', 'Aswin', 'R', 'Aswin', 'Aswin', 'R Aswin', NULL, '1', NULL, NULL, 'Unmarried', 'Srilankan', NULL, NULL, '', '', '1234566789', NULL, NULL, NULL, '', '', '200631105830', NULL, '0112260060', '1234566789', 10, '0.0', '0.0', NULL, NULL, NULL, NULL, NULL, NULL, '1', '5', NULL, NULL, NULL, NULL, '56', '1', NULL, NULL, 0, NULL, NULL, '2025-01-08 03:24:32', '2025-01-24 04:42:55', NULL, 4, NULL),
(205, 1306, 0, '1306', '', 0, 0, 'D M D M Disanayake', 'Disanayake', 'D M', 'D M', 'Disanayake', 'D M D M Disanayake', NULL, '1', NULL, NULL, NULL, NULL, NULL, NULL, '', '', '1234566789', NULL, NULL, NULL, '', '', '922601798V', NULL, NULL, '1234566789', 10, '0.0', '0.0', NULL, NULL, NULL, NULL, NULL, NULL, '1', '5', NULL, NULL, NULL, NULL, '9', '1', NULL, NULL, 0, NULL, NULL, '2025-02-23 22:12:18', '2025-02-23 22:12:18', NULL, NULL, NULL),
(206, 1308, 0, '1308', '', 0, 0, 'S Udaya Kumar', 'Kumar', 'S', 'Udaya', 'Kumar', 'S Udaya Kumar', NULL, '1', NULL, NULL, NULL, NULL, NULL, NULL, '', '', '1234566789', NULL, NULL, NULL, '', '', '931963538V', NULL, NULL, '1234566789', 10, '0.0', '0.0', NULL, NULL, NULL, NULL, NULL, NULL, '1', '5', NULL, NULL, NULL, NULL, '56', '1', NULL, NULL, 0, NULL, NULL, '2025-02-23 22:20:32', '2025-02-23 22:20:32', NULL, NULL, NULL);

-- --------------------------------------------------------

--
-- Table structure for table `goodsreceived_info`
--

CREATE TABLE `goodsreceived_info` (
  `batch_id` int(11) NOT NULL,
  `goodsreceived_id` int(11) NOT NULL,
  `pack_no` int(11) NOT NULL COMMENT 'purchase-order-info-packno',
  `itemno` int(11) NOT NULL,
  `item_rev_price` double(10,4) NOT NULL,
  `quality_inspect_checkin` tinyint(4) NOT NULL COMMENT 'schedule-quality-inspection',
  `quality_inspect_checkout` tinyint(4) NOT NULL,
  `stock_location_checkin` tinyint(4) NOT NULL COMMENT 'review-location-stock',
  `item_location_id` int(11) DEFAULT NULL,
  `stock_reserve_estimate_rev` double(10,3) NOT NULL COMMENT 'mrmitem-stock-reserve-estimate-review-qty',
  `received_qty` double(10,3) NOT NULL,
  `qryuser` varchar(20) NOT NULL,
  `qrytime` datetime NOT NULL,
  `qrycancel` tinyint(4) NOT NULL DEFAULT 0
) ENGINE=InnoDB DEFAULT CHARSET=latin1;

-- --------------------------------------------------------

--
-- Table structure for table `goodsreceived_list`
--

CREATE TABLE `goodsreceived_list` (
  `goodsreceived_id` int(11) NOT NULL,
  `invoice_ref` varchar(100) NOT NULL,
  `received_date` date NOT NULL,
  `purchaseorder_id` int(11) NOT NULL,
  `supplierno` int(11) NOT NULL,
  `prepare_by` varchar(20) NOT NULL,
  `prep_time` datetime NOT NULL
) ENGINE=InnoDB DEFAULT CHARSET=latin1;

-- --------------------------------------------------------

--
-- Table structure for table `groups`
--

CREATE TABLE `groups` (
  `id` int(11) NOT NULL,
  `group_name` varchar(255) NOT NULL,
  `permission` text NOT NULL
) ENGINE=InnoDB DEFAULT CHARSET=utf8;

--
-- Dumping data for table `groups`
--

INSERT INTO `groups` (`id`, `group_name`, `permission`) VALUES
(1, 'Super Administrator', 'a:304:{i:0;s:10:\"createUser\";i:1;s:10:\"updateUser\";i:2;s:8:\"viewUser\";i:3;s:10:\"deleteUser\";i:4;s:11:\"createGroup\";i:5;s:11:\"updateGroup\";i:6;s:9:\"viewGroup\";i:7;s:11:\"deleteGroup\";i:8;s:17:\"createMachineType\";i:9;s:17:\"updateMachineType\";i:10;s:15:\"viewMachineType\";i:11;s:17:\"deleteMachineType\";i:12;s:11:\"createStore\";i:13;s:11:\"updateStore\";i:14;s:9:\"viewStore\";i:15;s:11:\"deleteStore\";i:16;s:11:\"createStyle\";i:17;s:11:\"updateStyle\";i:18;s:9:\"viewStyle\";i:19;s:11:\"deleteStyle\";i:20;s:16:\"createDepartment\";i:21;s:16:\"updateDepartment\";i:22;s:14:\"viewDepartment\";i:23;s:16:\"deleteDepartment\";i:24;s:13:\"createSection\";i:25;s:13:\"updateSection\";i:26;s:11:\"viewSection\";i:27;s:13:\"deleteSection\";i:28;s:13:\"createMachine\";i:29;s:13:\"updateMachine\";i:30;s:11:\"viewMachine\";i:31;s:13:\"deleteMachine\";i:32;s:26:\"createOperationsForMachine\";i:33;s:26:\"updateOperationsForMachine\";i:34;s:24:\"viewOperationsForMachine\";i:35;s:26:\"deleteOperationsForMachine\";i:36;s:10:\"createLine\";i:37;s:10:\"updateLine\";i:38;s:8:\"viewLine\";i:39;s:10:\"deleteLine\";i:40;s:13:\"updateCompany\";i:41;s:13:\"updateSetting\";i:42;s:11:\"viewProfile\";i:43;s:18:\"createMachineModel\";i:44;s:18:\"updateMachineModel\";i:45;s:16:\"viewMachineModel\";i:46;s:18:\"deleteMachineModel\";i:47;s:18:\"createMachineBrand\";i:48;s:18:\"updateMachineBrand\";i:49;s:16:\"viewMachineBrand\";i:50;s:18:\"deleteMachineBrand\";i:51;s:13:\"createFactory\";i:52;s:13:\"updateFactory\";i:53;s:11:\"viewFactory\";i:54;s:13:\"deleteFactory\";i:55;s:15:\"createMachineIn\";i:56;s:15:\"updateMachineIn\";i:57;s:13:\"viewMachineIn\";i:58;s:15:\"deleteMachineIn\";i:59;s:14:\"createEmployee\";i:60;s:14:\"updateEmployee\";i:61;s:12:\"viewEmployee\";i:62;s:14:\"deleteEmployee\";i:63;s:22:\"createMachineOperation\";i:64;s:22:\"updateMachineOperation\";i:65;s:20:\"viewMachineOperation\";i:66;s:22:\"deleteMachineOperation\";i:67;s:20:\"createMachineRequest\";i:68;s:20:\"updateMachineRequest\";i:69;s:18:\"viewMachineRequest\";i:70;s:20:\"deleteMachineRequest\";i:71;s:16:\"createStyleColor\";i:72;s:16:\"updateStyleColor\";i:73;s:14:\"viewStyleColor\";i:74;s:16:\"deleteStyleColor\";i:75;s:15:\"viewMachineScan\";i:76;s:24:\"createOperationBreakdown\";i:77;s:24:\"updateOperationBreakdown\";i:78;s:22:\"viewOperationBreakdown\";i:79;s:24:\"deleteOperationBreakdown\";i:80;s:10:\"createSlot\";i:81;s:10:\"updateSlot\";i:82;s:8:\"viewSlot\";i:83;s:10:\"deleteSlot\";i:84;s:20:\"createMachineRelease\";i:85;s:21:\"createMachineAllocate\";i:86;s:19:\"createMachineRepair\";i:87;s:19:\"updateMachineRepair\";i:88;s:17:\"viewMachineRepair\";i:89;s:19:\"deleteMachineRepair\";i:90;s:15:\"createStyleSize\";i:91;s:15:\"updateStyleSize\";i:92;s:13:\"viewStyleSize\";i:93;s:15:\"deleteStyleSize\";i:94;s:24:\"createEmployeeAllocation\";i:95;s:24:\"updateEmployeeAllocation\";i:96;s:22:\"viewEmployeeAllocation\";i:97;s:24:\"deleteEmployeeAllocation\";i:98;s:34:\"createOperationBreakdownAllocation\";i:99;s:34:\"updateOperationBreakdownAllocation\";i:100;s:32:\"viewOperationBreakdownAllocation\";i:101;s:34:\"deleteOperationBreakdownAllocation\";i:102;s:24:\"createMachineRentRequest\";i:103;s:24:\"updateMachineRentRequest\";i:104;s:22:\"viewMachineRentRequest\";i:105;s:24:\"deleteMachineRentRequest\";i:106;s:27:\"createMachineRequestApprove\";i:107;s:27:\"deleteMachineRequestApprove\";i:108;s:26:\"createMachineOnLoanRequest\";i:109;s:26:\"updateMachineOnLoanRequest\";i:110;s:24:\"viewMachineOnLoanRequest\";i:111;s:26:\"deleteMachineOnLoanRequest\";i:112;s:38:\"createMachineRentRequestReceiveMachine\";i:113;s:38:\"updateMachineRentRequestReceiveMachine\";i:114;s:36:\"viewMachineRentRequestReceiveMachine\";i:115;s:38:\"deleteMachineRentRequestReceiveMachine\";i:116;s:20:\"createMachineService\";i:117;s:20:\"updateMachineService\";i:118;s:18:\"viewMachineService\";i:119;s:20:\"deleteMachineService\";i:120;s:28:\"createMachineServicePostpone\";i:121;s:27:\"createMachineServiceCreated\";i:122;s:27:\"updateMachineServiceCreated\";i:123;s:25:\"viewMachineServiceCreated\";i:124;s:27:\"deleteMachineServiceCreated\";i:125;s:35:\"createMachineServiceCreatedComplete\";i:126;s:41:\"createMachineServiceCreatedCompleteRemove\";i:127;s:20:\"viewEmployeeServices\";i:128;s:23:\"viewServiceCostAnalysis\";i:129;s:20:\"viewUsedServiceItems\";i:130;s:26:\"createMachineRepairRequest\";i:131;s:26:\"updateMachineRepairRequest\";i:132;s:24:\"viewMachineRepairRequest\";i:133;s:26:\"deleteMachineRepairRequest\";i:134;s:27:\"createMachineRepairPostpone\";i:135;s:26:\"createMachineRepairCreated\";i:136;s:26:\"updateMachineRepairCreated\";i:137;s:24:\"viewMachineRepairCreated\";i:138;s:26:\"deleteMachineRepairCreated\";i:139;s:34:\"createMachineRepairCreatedComplete\";i:140;s:40:\"createMachineRepairCreatedCompleteRemove\";i:141;s:19:\"viewEmployeeRepairs\";i:142;s:22:\"viewRepairCostAnalysis\";i:143;s:19:\"viewUsedRepairItems\";i:144;s:20:\"viewMachineDashboard\";i:145;s:24:\"createMachineRequirement\";i:146;s:24:\"updateMachineRequirement\";i:147;s:22:\"viewMachineRequirement\";i:148;s:24:\"deleteMachineRequirement\";i:149;s:44:\"createMachineRentRequestReceiveMachineReturn\";i:150;s:32:\"createMachineOnLoanRequestReturn\";i:151;s:22:\"createSkillRequirement\";i:152;s:22:\"updateSkillRequirement\";i:153;s:20:\"viewSkillRequirement\";i:154;s:22:\"deleteSkillRequirement\";i:155;s:21:\"createTrainingProgram\";i:156;s:21:\"updateTrainingProgram\";i:157;s:19:\"viewTrainingProgram\";i:158;s:21:\"deleteTrainingProgram\";i:159;s:40:\"viewApprovedOperationBreakdownAllocation\";i:160;s:41:\"createOperationBreakdownAllocationApprove\";i:161;s:17:\"createLineBalance\";i:162;s:17:\"updateLineBalance\";i:163;s:15:\"viewLineBalance\";i:164;s:17:\"deleteLineBalance\";i:165;s:9:\"createGRN\";i:166;s:9:\"updateGRN\";i:167;s:7:\"viewGRN\";i:168;s:9:\"deleteGRN\";i:169;s:26:\"createMachineOperationDesc\";i:170;s:26:\"updateMachineOperationDesc\";i:171;s:24:\"viewMachineOperationDesc\";i:172;s:26:\"deleteMachineOperationDesc\";i:173;s:29:\"createMachineOperationProduct\";i:174;s:29:\"updateMachineOperationProduct\";i:175;s:27:\"viewMachineOperationProduct\";i:176;s:29:\"deleteMachineOperationProduct\";i:177;s:19:\"createStyleSchedule\";i:178;s:19:\"updateStyleSchedule\";i:179;s:17:\"viewStyleSchedule\";i:180;s:19:\"deleteStyleSchedule\";i:181;s:20:\"createLineAllocation\";i:182;s:20:\"updateLineAllocation\";i:183;s:18:\"viewLineAllocation\";i:184;s:20:\"deleteLineAllocation\";i:185;s:20:\"createStyleComponent\";i:186;s:20:\"updateStyleComponent\";i:187;s:18:\"viewStyleComponent\";i:188;s:20:\"deleteStyleComponent\";i:189;s:33:\"createMachineOperationDescApprove\";i:190;s:33:\"updateMachineOperationDescApprove\";i:191;s:31:\"viewMachineOperationDescApprove\";i:192;s:33:\"deleteMachineOperationDescApprove\";i:193;s:27:\"createStyleComponentApprove\";i:194;s:27:\"updateStyleComponentApprove\";i:195;s:25:\"viewStyleComponentApprove\";i:196;s:27:\"deleteStyleComponentApprove\";i:197;s:36:\"createMachineOperationProductApprove\";i:198;s:36:\"updateMachineOperationProductApprove\";i:199;s:34:\"viewMachineOperationProductApprove\";i:200;s:36:\"deleteMachineOperationProductApprove\";i:201;s:26:\"createStyleScheduleApprove\";i:202;s:26:\"updateStyleScheduleApprove\";i:203;s:24:\"viewStyleScheduleApprove\";i:204;s:26:\"deleteStyleScheduleApprove\";i:205;s:15:\"createSparePart\";i:206;s:15:\"updateSparePart\";i:207;s:13:\"viewSparePart\";i:208;s:15:\"deleteSparePart\";i:209;s:19:\"createPurchaseOrder\";i:210;s:19:\"updatePurchaseOrder\";i:211;s:17:\"viewPurchaseOrder\";i:212;s:19:\"deletePurchaseOrder\";i:213;s:26:\"createPurchaseOrderApprove\";i:214;s:16:\"createGRNApprove\";i:215;s:11:\"createStock\";i:216;s:11:\"updateStock\";i:217;s:9:\"viewStock\";i:218;s:11:\"deleteStock\";i:219;s:32:\"createMachineServiceItemAllocate\";i:220;s:32:\"updateMachineServiceItemAllocate\";i:221;s:30:\"viewMachineServiceItemAllocate\";i:222;s:32:\"deleteMachineServiceItemAllocate\";i:223;s:29:\"createMachineServiceItemIssue\";i:224;s:29:\"updateMachineServiceItemIssue\";i:225;s:27:\"viewMachineServiceItemIssue\";i:226;s:29:\"deleteMachineServiceItemIssue\";i:227;s:31:\"createMachineServiceItemReceive\";i:228;s:31:\"updateMachineServiceItemReceive\";i:229;s:29:\"viewMachineServiceItemReceive\";i:230;s:31:\"deleteMachineServiceItemReceive\";i:231;s:30:\"createMachineServiceItemReturn\";i:232;s:30:\"updateMachineServiceItemReturn\";i:233;s:28:\"viewMachineServiceItemReturn\";i:234;s:30:\"deleteMachineServiceItemReturn\";i:235;s:31:\"createSparePartReturnToSupplier\";i:236;s:31:\"updateSparePartReturnToSupplier\";i:237;s:29:\"viewSparePartReturnToSupplier\";i:238;s:31:\"deleteSparePartReturnToSupplier\";i:239;s:36:\"createMachineServiceItemReturnAccept\";i:240;s:36:\"updateMachineServiceItemReturnAccept\";i:241;s:34:\"viewMachineServiceItemReturnAccept\";i:242;s:36:\"deleteMachineServiceItemReturnAccept\";i:243;s:38:\"createSparePartReturnToSupplierApprove\";i:244;s:38:\"updateSparePartReturnToSupplierApprove\";i:245;s:36:\"viewSparePartReturnToSupplierApprove\";i:246;s:38:\"deleteSparePartReturnToSupplierApprove\";i:247;s:20:\"createHourlyDoneRate\";i:248;s:20:\"updateHourlyDoneRate\";i:249;s:18:\"viewHourlyDoneRate\";i:250;s:20:\"deleteHourlyDoneRate\";i:251;s:18:\"createCustomerInfo\";i:252;s:18:\"updateCustomerInfo\";i:253;s:16:\"viewCustomerInfo\";i:254;s:18:\"deleteCustomerInfo\";i:255;s:18:\"createSupplierInfo\";i:256;s:18:\"updateSupplierInfo\";i:257;s:16:\"viewSupplierInfo\";i:258;s:18:\"deleteSupplierInfo\";i:259;s:11:\"viewBinCart\";i:260;s:16:\"createCRMInquiry\";i:261;s:16:\"updateCRMInquiry\";i:262;s:14:\"viewCRMInquiry\";i:263;s:16:\"deleteCRMInquiry\";i:264;s:18:\"createCRMQuotation\";i:265;s:18:\"updateCRMQuotation\";i:266;s:16:\"viewCRMQuotation\";i:267;s:18:\"deleteCRMQuotation\";i:268;s:24:\"createCRMQuotationStatus\";i:269;s:24:\"updateCRMQuotationStatus\";i:270;s:22:\"viewCRMQuotationStatus\";i:271;s:24:\"deleteCRMQuotationStatus\";i:272;s:15:\"createCRMReason\";i:273;s:15:\"updateCRMReason\";i:274;s:13:\"viewCRMReason\";i:275;s:15:\"deleteCRMReason\";i:276;s:22:\"createCRMQuotationform\";i:277;s:22:\"updateCRMQuotationform\";i:278;s:20:\"viewCRMQuotationform\";i:279;s:22:\"deleteCRMQuotationform\";i:280;s:20:\"createCRMOrderdetail\";i:281;s:20:\"updateCRMOrderdetail\";i:282;s:18:\"viewCRMOrderdetail\";i:283;s:20:\"deleteCRMOrderdetail\";i:284;s:23:\"createCRMMaterialdetail\";i:285;s:23:\"updateCRMMaterialdetail\";i:286;s:21:\"viewCRMMaterialdetail\";i:287;s:23:\"deleteCRMMaterialdetail\";i:288;s:23:\"createCRMPrintingdetail\";i:289;s:23:\"updateCRMPrintingdetail\";i:290;s:21:\"viewCRMPrintingdetail\";i:291;s:23:\"deleteCRMPrintingdetail\";i:292;s:23:\"createCRMDeliverydetail\";i:293;s:23:\"updateCRMDeliverydetail\";i:294;s:21:\"viewCRMDeliverydetail\";i:295;s:23:\"deleteCRMDeliverydetail\";i:296;s:23:\"createCRMCompletedorder\";i:297;s:23:\"updateCRMCompletedorder\";i:298;s:21:\"viewCRMCompletedorder\";i:299;s:23:\"deleteCRMCompletedorder\";i:300;s:23:\"createMachineallocation\";i:301;s:23:\"updateMachineallocation\";i:302;s:21:\"viewMachineallocation\";i:303;s:23:\"deleteMachineallocation\";}'),
(10, 'Manager', 'a:47:{i:0;s:10:\"createUser\";i:1;s:10:\"updateUser\";i:2;s:8:\"viewUser\";i:3;s:10:\"deleteUser\";i:4;s:11:\"createGroup\";i:5;s:11:\"updateGroup\";i:6;s:9:\"viewGroup\";i:7;s:11:\"deleteGroup\";i:8;s:17:\"createMachineType\";i:9;s:17:\"updateMachineType\";i:10;s:15:\"viewMachineType\";i:11;s:17:\"deleteMachineType\";i:12;s:11:\"createStore\";i:13;s:11:\"updateStore\";i:14;s:9:\"viewStore\";i:15;s:11:\"deleteStore\";i:16;s:11:\"createStyle\";i:17;s:11:\"updateStyle\";i:18;s:9:\"viewStyle\";i:19;s:11:\"deleteStyle\";i:20;s:16:\"createDepartment\";i:21;s:16:\"updateDepartment\";i:22;s:14:\"viewDepartment\";i:23;s:16:\"deleteDepartment\";i:24;s:13:\"createSection\";i:25;s:13:\"updateSection\";i:26;s:11:\"viewSection\";i:27;s:13:\"deleteSection\";i:28;s:13:\"createMachine\";i:29;s:13:\"updateMachine\";i:30;s:11:\"viewMachine\";i:31;s:13:\"deleteMachine\";i:32;s:26:\"createOperationsForMachine\";i:33;s:26:\"updateOperationsForMachine\";i:34;s:24:\"viewOperationsForMachine\";i:35;s:26:\"deleteOperationsForMachine\";i:36;s:10:\"createLine\";i:37;s:10:\"updateLine\";i:38;s:8:\"viewLine\";i:39;s:10:\"deleteLine\";i:40;s:13:\"updateCompany\";i:41;s:13:\"updateSetting\";i:42;s:11:\"viewProfile\";i:43;s:18:\"createMachineModel\";i:44;s:18:\"updateMachineModel\";i:45;s:16:\"viewMachineModel\";i:46;s:18:\"deleteMachineModel\";}'),
(11, 'User', 'a:2:{i:0;s:13:\"updateSetting\";i:1;s:11:\"viewProfile\";}'),
(12, 'abc', 'a:5:{i:0;s:10:\"createUser\";i:1;s:10:\"updateUser\";i:2;s:8:\"viewUser\";i:3;s:10:\"deleteUser\";i:4;s:11:\"updateGroup\";}'),
(13, 'test 1', 'a:1:{i:0;s:10:\"createUser\";}'),
(14, 'test 2', 'a:1:{i:0;s:10:\"CreateUser\";}'),
(15, 'test 3', 'a:2:{i:0;s:10:\"createUser\";i:1;s:10:\"updateUser\";}');

-- --------------------------------------------------------

--
-- Table structure for table `hourly_done_rate`
--

CREATE TABLE `hourly_done_rate` (
  `id` int(11) NOT NULL,
  `emp_id` int(11) DEFAULT NULL,
  `line_id` int(11) DEFAULT NULL,
  `sabs_style_id` varchar(150) DEFAULT NULL,
  `operation_id` int(11) DEFAULT NULL,
  `machine_in_id` int(11) DEFAULT NULL,
  `slot_id` int(11) NOT NULL DEFAULT 0 COMMENT 'slot-id',
  `machine_allocation_current_id` int(11) NOT NULL DEFAULT 0 COMMENT 'mmachine-instslot-link',
  `qty` int(11) DEFAULT NULL,
  `hour` int(11) DEFAULT NULL,
  `date` date DEFAULT NULL,
  `is_deleted` int(11) NOT NULL DEFAULT 0,
  `deleted_at` timestamp NULL DEFAULT NULL,
  `deleted_by` int(11) DEFAULT NULL,
  `created_at` timestamp NULL DEFAULT NULL,
  `created_by` int(11) DEFAULT NULL,
  `updated_at` timestamp NULL DEFAULT NULL,
  `updated_by` int(11) DEFAULT NULL
) ENGINE=InnoDB DEFAULT CHARSET=utf8;

--
-- Dumping data for table `hourly_done_rate`
--

INSERT INTO `hourly_done_rate` (`id`, `emp_id`, `line_id`, `sabs_style_id`, `operation_id`, `machine_in_id`, `slot_id`, `machine_allocation_current_id`, `qty`, `hour`, `date`, `is_deleted`, `deleted_at`, `deleted_by`, `created_at`, `created_by`, `updated_at`, `updated_by`) VALUES
(1, 1, 1, '12345', 1, 1, 0, 0, 5, 1, '2023-02-23', 0, NULL, NULL, NULL, NULL, NULL, NULL),
(2, 1, 1, '12345', 1, 1, 0, 0, 12, 6, '2023-02-23', 0, NULL, NULL, NULL, NULL, NULL, NULL),
(3, 1, 1, '12345', 1, 1, 0, 0, 5, 2, '2023-02-23', 0, NULL, NULL, NULL, NULL, NULL, NULL);

-- --------------------------------------------------------

--
-- Table structure for table `incident_refactors`
--

CREATE TABLE `incident_refactors` (
  `job_id` int(11) NOT NULL COMMENT 'incident-list-job-id',
  `reflect_id` int(11) NOT NULL COMMENT 'reproduced-job-id'
) ENGINE=InnoDB DEFAULT CHARSET=latin1;

-- --------------------------------------------------------

--
-- Table structure for table `in_types`
--

CREATE TABLE `in_types` (
  `id` int(11) NOT NULL,
  `name` varchar(150) NOT NULL,
  `active` int(11) NOT NULL DEFAULT 1
) ENGINE=MyISAM DEFAULT CHARSET=latin1;

--
-- Dumping data for table `in_types`
--

INSERT INTO `in_types` (`id`, `name`, `active`) VALUES
(1, 'ssss', 1);

-- --------------------------------------------------------

--
-- Table structure for table `login`
--

CREATE TABLE `login` (
  `username` varchar(20) NOT NULL,
  `dispname` varchar(50) NOT NULL COMMENT 'display-name',
  `password` varchar(50) NOT NULL,
  `email_addr` varchar(200) DEFAULT NULL COMMENT 'user-email-address',
  `br_code` varchar(10) NOT NULL DEFAULT 'STAFF' COMMENT 'mbranchlist-br-code',
  `sponser` varchar(20) DEFAULT NULL COMMENT 'user name of the sponser',
  `qry_created` datetime NOT NULL,
  `qry_modified` datetime NOT NULL,
  `qry_accessed` datetime DEFAULT NULL
) ENGINE=InnoDB DEFAULT CHARSET=latin1;

--
-- Dumping data for table `login`
--

INSERT INTO `login` (`username`, `dispname`, `password`, `email_addr`, `br_code`, `sponser`, `qry_created`, `qry_modified`, `qry_accessed`) VALUES
('admin', 'admin', '21232f297a57a5a743894a0e4a801fc3', NULL, 'STAFF', NULL, '2020-09-03 04:40:55', '0000-00-00 00:00:00', NULL),
('lakmal', 'lakmal', 'cce04cc42c214bd10033bc10d0da508e', NULL, 'STAFF', NULL, '2020-09-03 04:40:55', '0000-00-00 00:00:00', NULL),
('techdiv', 'tech staff', 'a9a708eebbfd48267afb1f146caf5229', NULL, 'STAFF', 'admin', '0000-00-00 00:00:00', '0000-00-00 00:00:00', NULL);

-- --------------------------------------------------------

--
-- Table structure for table `machine_allocation_current`
--

CREATE TABLE `machine_allocation_current` (
  `id` int(11) NOT NULL,
  `machine_in_id` int(10) UNSIGNED NOT NULL,
  `slot_id` int(10) UNSIGNED NOT NULL,
  `allocated_date` date DEFAULT NULL
) ENGINE=MyISAM DEFAULT CHARSET=latin1;

--
-- Dumping data for table `machine_allocation_current`
--

INSERT INTO `machine_allocation_current` (`id`, `machine_in_id`, `slot_id`, `allocated_date`) VALUES
(1, 1, 1, '2024-07-10');

-- --------------------------------------------------------

--
-- Table structure for table `machine_allocation_history`
--

CREATE TABLE `machine_allocation_history` (
  `id` int(11) NOT NULL,
  `machine_in_id` int(10) UNSIGNED NOT NULL,
  `slot_id` int(10) UNSIGNED NOT NULL,
  `allocated_date` date NOT NULL,
  `released_date` date NOT NULL,
  `created_by` int(11) NOT NULL,
  `created_at` timestamp NOT NULL DEFAULT current_timestamp()
) ENGINE=MyISAM DEFAULT CHARSET=latin1;

-- --------------------------------------------------------

--
-- Table structure for table `machine_brands`
--

CREATE TABLE `machine_brands` (
  `id` int(11) NOT NULL,
  `name` varchar(255) NOT NULL,
  `active` int(11) NOT NULL
) ENGINE=InnoDB DEFAULT CHARSET=utf8;

--
-- Dumping data for table `machine_brands`
--

INSERT INTO `machine_brands` (`id`, `name`, `active`) VALUES
(7, 'MKITHA', 1);

-- --------------------------------------------------------

--
-- Table structure for table `machine_ins`
--

CREATE TABLE `machine_ins` (
  `id` int(11) NOT NULL,
  `active` int(11) NOT NULL,
  `machine_type_id` int(11) NOT NULL,
  `machine_model_id` int(11) NOT NULL,
  `s_no` varchar(150) NOT NULL,
  `bar_code` varchar(150) NOT NULL,
  `in_type_id` int(11) NOT NULL,
  `next_service_date` date DEFAULT NULL,
  `origin_date` date DEFAULT NULL,
  `factory_id` int(11) NOT NULL,
  `reference` text NOT NULL,
  `created_at` timestamp NOT NULL DEFAULT current_timestamp(),
  `updated_at` timestamp NULL DEFAULT NULL,
  `created_by` int(11) DEFAULT NULL,
  `updated_by` int(11) DEFAULT NULL,
  `is_deleted` int(11) NOT NULL DEFAULT 0,
  `deleted_at` timestamp NULL DEFAULT NULL,
  `deleted_by` int(11) DEFAULT NULL,
  `booking_startdate` datetime DEFAULT NULL,
  `booking_enddate` datetime DEFAULT NULL
) ENGINE=MyISAM DEFAULT CHARSET=latin1;

--
-- Dumping data for table `machine_ins`
--

INSERT INTO `machine_ins` (`id`, `active`, `machine_type_id`, `machine_model_id`, `s_no`, `bar_code`, `in_type_id`, `next_service_date`, `origin_date`, `factory_id`, `reference`, `created_at`, `updated_at`, `created_by`, `updated_by`, `is_deleted`, `deleted_at`, `deleted_by`, `booking_startdate`, `booking_enddate`) VALUES
(1, 1, 1, 1, 'S1', 'S1', 1, NULL, NULL, 1, 'w', '2023-03-15 09:00:13', NULL, NULL, NULL, 1, '2025-02-16 23:46:26', 1, '2025-03-20 12:25:46', '1900-01-21 12:25:57'),
(2, 1, 1, 1, 'S2', 'S2', 1, NULL, NULL, 1, 'w', '2023-03-15 09:00:13', NULL, NULL, NULL, 1, '2025-02-16 23:46:26', 1, NULL, NULL),
(3, 1, 1, 1, 'S3', 'S3', 1, NULL, NULL, 1, 'w', '2023-03-15 09:00:13', NULL, NULL, NULL, 1, '2025-02-16 23:46:26', 1, NULL, NULL),
(4, 1, 10, 2, 'sv24', 'aaaaa', 1, '2025-01-25', '2025-01-25', 0, 'ssss', '2025-01-23 00:09:25', NULL, 1, NULL, 1, '2025-02-16 23:46:26', 1, NULL, NULL),
(5, 1, 13, 3, 'sv23', 'aaaaa', 1, '0000-00-00', '2025-02-20', 0, 'ccccc', '2025-02-16 23:46:12', '2025-02-19 23:30:39', 1, 1, 0, NULL, NULL, NULL, NULL),
(6, 1, 13, 3, 'sv4', '45634', 1, '2025-02-20', '2025-02-21', 0, 'fff', '2025-02-20 00:27:55', NULL, 1, NULL, 0, NULL, NULL, NULL, NULL),
(7, 1, 13, 3, 'sv24', '45634', 1, '2025-02-21', '2025-02-20', 0, 'ttt', '2025-02-20 00:41:51', NULL, 1, NULL, 0, NULL, NULL, NULL, NULL),
(8, 1, 13, 3, 'sv23', '456677', 1, '2025-02-21', '2025-02-22', 0, 'dddd', '2025-02-20 00:50:46', NULL, 1, NULL, 0, NULL, NULL, NULL, NULL),
(9, 1, 13, 3, 'sv23', '456677', 1, '2025-02-20', '2025-02-21', 0, 'dddd', '2025-02-20 00:53:17', NULL, 1, NULL, 0, NULL, NULL, NULL, NULL),
(10, 1, 13, 3, 'sv23', '456677', 1, '2025-02-21', '2025-02-21', 0, 'ffff', '2025-02-20 00:57:32', NULL, 1, NULL, 0, NULL, NULL, NULL, NULL),
(11, 1, 13, 3, 'sv23', '456677', 1, '0000-00-00', '0000-00-00', 0, 'ddd', '2025-02-20 01:29:10', NULL, 1, NULL, 0, NULL, NULL, NULL, NULL),
(12, 1, 13, 3, '4444', '4444444', 1, '0000-00-00', '0000-00-00', 0, 'ddd', '2025-02-20 01:29:34', NULL, 1, NULL, 0, NULL, NULL, NULL, NULL);

-- --------------------------------------------------------

--
-- Table structure for table `machine_models`
--

CREATE TABLE `machine_models` (
  `id` int(11) NOT NULL,
  `name` varchar(255) NOT NULL,
  `active` int(11) NOT NULL
) ENGINE=InnoDB DEFAULT CHARSET=utf8;

--
-- Dumping data for table `machine_models`
--

INSERT INTO `machine_models` (`id`, `name`, `active`) VALUES
(3, 'YANMAR', 1);

-- --------------------------------------------------------

--
-- Table structure for table `machine_operations`
--

CREATE TABLE `machine_operations` (
  `id` int(11) NOT NULL,
  `machine_type_id` int(11) NOT NULL,
  `operation_id` int(11) NOT NULL,
  `created_at` timestamp NOT NULL DEFAULT current_timestamp(),
  `updated_at` timestamp NULL DEFAULT NULL,
  `created_by` int(11) DEFAULT NULL,
  `updated_by` int(11) DEFAULT NULL,
  `is_deleted` int(11) NOT NULL DEFAULT 0,
  `deleted_at` timestamp NULL DEFAULT NULL,
  `deleted_by` int(11) DEFAULT NULL
) ENGINE=MyISAM DEFAULT CHARSET=latin1;

-- --------------------------------------------------------

--
-- Table structure for table `machine_operation_desc`
--

CREATE TABLE `machine_operation_desc` (
  `id` int(11) NOT NULL,
  `machine_type_id` int(10) UNSIGNED NOT NULL,
  `operation_id` varchar(150) DEFAULT NULL,
  `operation_name` varchar(150) DEFAULT NULL,
  `description` text DEFAULT NULL,
  `criticality_id` int(11) DEFAULT NULL,
  `smv` double(10,2) NOT NULL,
  `rate` double(10,2) NOT NULL,
  `created_by` int(11) DEFAULT NULL,
  `is_approved` int(11) NOT NULL DEFAULT 0,
  `approved_at` date DEFAULT NULL,
  `approved_by` int(11) DEFAULT NULL,
  `documents` text DEFAULT NULL,
  `video` text DEFAULT NULL,
  `remarks` text DEFAULT NULL,
  `value_id` varchar(150) DEFAULT NULL,
  `unique_id` int(11) DEFAULT NULL,
  `created_at` timestamp NULL DEFAULT NULL,
  `updated_at` timestamp NULL DEFAULT NULL,
  `is_deleted` int(11) NOT NULL DEFAULT 0,
  `deleted_by` int(11) DEFAULT NULL,
  `deleted_at` timestamp NULL DEFAULT NULL
) ENGINE=MyISAM DEFAULT CHARSET=latin1;

--
-- Dumping data for table `machine_operation_desc`
--

INSERT INTO `machine_operation_desc` (`id`, `machine_type_id`, `operation_id`, `operation_name`, `description`, `criticality_id`, `smv`, `rate`, `created_by`, `is_approved`, `approved_at`, `approved_by`, `documents`, `video`, `remarks`, `value_id`, `unique_id`, `created_at`, `updated_at`, `is_deleted`, `deleted_by`, `deleted_at`) VALUES
(15, 5, '0016', 'Mark Placket placement', 'Cut Placket placement', 1, 0.32, 0.00, 1, 0, NULL, NULL, '', '', '', '', NULL, '2023-05-06 03:05:38', NULL, 1, 1, '2023-05-06 04:04:14'),
(16, 3, '0017', 'Attach Placket', 'Attach placket Single Placket', 1, 0.60, 0.00, 1, 0, NULL, NULL, '', '', '', '', NULL, '2023-05-06 03:20:05', NULL, 1, 1, '2023-05-06 04:04:14'),
(17, 3, '0018', 'Placket close with Cut', 'Cut at centre and close placket', 2, 0.60, 0.00, 1, 0, NULL, NULL, '', '', '', '', NULL, '2023-05-06 03:22:55', NULL, 1, 1, '2023-05-06 04:04:14'),
(18, 5, '0019', 'Placket Crease', 'Placket Crease by Fusing Folder', 1, 0.43, 0.00, 1, 1, '2023-05-08', 1, '', '', '', '', NULL, '2023-05-06 04:05:03', NULL, 0, NULL, NULL),
(19, 3, '0020', 'Placket Attach', 'Placket Attach & Center Cut', 1, 0.71, 0.00, 1, 1, '2023-05-08', 1, '', '', '', '', NULL, '2023-05-06 04:06:02', NULL, 0, NULL, NULL),
(20, 3, '0021', 'Placket Close & Edge Stitch', 'Button Hole Placket Close with Edge stitch', 2, 0.62, 0.00, 1, 1, '2023-05-08', 1, '', '', '', '', NULL, '2023-05-06 04:07:02', NULL, 0, NULL, NULL),
(21, 3, '0022', 'Lower Placket Close & Edge Stitch', 'Button Placket Close with Edge stitch', 2, 0.62, 0.00, 1, 1, '2023-05-08', 1, '', '', '', '', NULL, '2023-05-06 04:08:19', NULL, 0, NULL, NULL),
(22, 3, '0023', 'Placket Box Make', 'Make Placket Box with re-cut', 2, 0.73, 0.00, 1, 1, '2023-05-08', 1, '', '', '', '', NULL, '2023-05-06 04:09:55', NULL, 0, NULL, NULL),
(23, 3, '0024', 'Chest Patch Attach', 'Chest Patch Attach by Pattern Tacker', 1, 0.73, 0.00, 1, 1, '2023-05-08', 1, '', '', '', '', NULL, '2023-05-06 04:11:04', NULL, 0, NULL, NULL),
(24, 2, 'OL0025', 'Shoulder Attach', 'Shoulder Attach', 1, 0.48, 0.00, 1, 1, '2023-05-08', 1, '', '', '', '', NULL, '2023-05-06 04:12:46', NULL, 0, NULL, NULL),
(25, 2, 'OL0026', 'Sleeve Rib Attach', 'Attach Cuff At Sleeve', 1, 1.00, 0.00, 1, 1, '2023-05-08', 1, '', '', '', '', NULL, '2023-05-06 04:16:25', NULL, 0, NULL, NULL),
(26, 1, 'FCM0027', 'Topstitch at Sleeve Rib', 'Topstitch at sleeve Rib', 1, 0.95, 0.00, 1, 1, '2023-05-08', 1, '', '', '', '', NULL, '2023-05-06 04:34:40', NULL, 0, NULL, NULL),
(27, 2, 'OL0028', 'Sleeve Attach', 'Sleeve Attach', 2, 0.92, 0.00, 1, 1, '2023-05-08', 1, '', '', '', '', NULL, '2023-05-06 04:35:08', NULL, 0, NULL, NULL),
(28, 3, '0029', 'Collar tack with Mark', 'Collar tack with marking', 2, 0.90, 0.00, 1, 1, '2023-05-08', 1, '', '', '', '', NULL, '2023-05-06 04:36:31', NULL, 0, NULL, NULL),
(29, 7, '0030', 'Collar Attach', 'Collar Attach', 2, 1.05, 0.00, 1, 1, '2023-05-08', 1, '', '', '', '', NULL, '2023-05-06 04:37:10', NULL, 0, NULL, NULL),
(30, 3, '0031', 'Neck Tape Attach', 'Neck Tape Attach', 2, 1.09, 0.00, 1, 1, '2023-05-08', 1, '', '', '', '', NULL, '2023-05-06 04:37:46', NULL, 0, NULL, NULL),
(31, 3, '0032', 'Neck Tape Finish', 'Neck Tape Finish', 2, 1.09, 0.00, 1, 1, '2023-05-08', 1, '', '', '', '', NULL, '2023-05-06 04:39:26', NULL, 0, NULL, NULL),
(32, 6, '0033', 'Bottom Hem', 'Bottom Hem', 2, 0.74, 0.00, 1, 1, '2023-05-08', 1, '', '', '', '', NULL, '2023-05-06 04:40:01', NULL, 0, NULL, NULL),
(33, 2, 'OL0034', 'Serge Side Seam', 'Serge Side Seam', 2, 1.09, 0.00, 1, 1, '2023-05-08', 1, '', '', '', '', NULL, '2023-05-06 04:41:35', NULL, 0, NULL, NULL),
(34, 3, '0035', 'Side Slit Tack', 'Side Slit Tacking', 1, 0.60, 0.00, 1, 1, '2023-05-08', 1, '', '', '', '', NULL, '2023-05-06 04:42:37', NULL, 0, NULL, NULL),
(35, 3, '0036', 'Side Slit Making', 'Side Slit Making', 2, 2.23, 0.00, 1, 1, '2023-05-08', 1, '', '', '', '', NULL, '2023-05-06 04:43:07', NULL, 0, NULL, NULL),
(36, 3, '0037', 'Sleeve & Placket Tacking', 'Sleeve & Slit Tacking', 1, 0.84, 0.00, 1, 1, '2023-05-08', 1, '', '', '', '', NULL, '2023-05-06 04:43:53', NULL, 0, NULL, NULL),
(37, 3, '0038', 'Wash care make & Attach', 'Wash care Make & Attach', 1, 0.62, 0.00, 1, 1, '2023-05-08', 1, '', '', '', '', NULL, '2023-05-06 04:44:35', NULL, 0, NULL, NULL);

-- --------------------------------------------------------

--
-- Table structure for table `machine_operation_product`
--

CREATE TABLE `machine_operation_product` (
  `id` int(11) NOT NULL,
  `product_id` int(10) UNSIGNED NOT NULL,
  `category_id` int(11) DEFAULT NULL,
  `process_id` int(11) DEFAULT NULL,
  `assigned_by_id` int(11) DEFAULT NULL,
  `assigned_date` date DEFAULT NULL,
  `created_by` int(11) DEFAULT NULL,
  `unique_id` int(11) DEFAULT NULL,
  `created_at` timestamp NULL DEFAULT NULL,
  `updated_at` timestamp NULL DEFAULT NULL,
  `is_deleted` int(11) NOT NULL DEFAULT 0,
  `deleted_by` int(11) DEFAULT NULL,
  `deleted_at` timestamp NULL DEFAULT NULL,
  `is_approved` int(11) NOT NULL DEFAULT 0,
  `approved_at` timestamp NULL DEFAULT NULL,
  `approved_by` int(11) DEFAULT NULL
) ENGINE=MyISAM DEFAULT CHARSET=latin1;

--
-- Dumping data for table `machine_operation_product`
--

INSERT INTO `machine_operation_product` (`id`, `product_id`, `category_id`, `process_id`, `assigned_by_id`, `assigned_date`, `created_by`, `unique_id`, `created_at`, `updated_at`, `is_deleted`, `deleted_by`, `deleted_at`, `is_approved`, `approved_at`, `approved_by`) VALUES
(1, 1, 1, 1, NULL, NULL, 1, NULL, '2023-02-27 12:12:21', NULL, 0, NULL, NULL, 1, '2023-02-27 12:12:31', 1),
(2, 1, 1, 1, NULL, NULL, 1, NULL, '2023-04-23 23:28:41', '2023-04-23 23:30:53', 1, 1, '2023-05-22 07:40:15', 1, '2023-04-23 23:30:12', 1),
(3, 1, 2, 1, NULL, NULL, 1, NULL, '2023-05-22 07:44:16', '2023-05-22 07:44:54', 0, NULL, NULL, 0, NULL, NULL);

-- --------------------------------------------------------

--
-- Table structure for table `machine_operation_product_components`
--

CREATE TABLE `machine_operation_product_components` (
  `id` int(11) NOT NULL,
  `mop_id` int(11) NOT NULL,
  `sequence` int(11) DEFAULT NULL,
  `component_id` int(11) DEFAULT NULL
) ENGINE=MyISAM DEFAULT CHARSET=latin1;

--
-- Dumping data for table `machine_operation_product_components`
--

INSERT INTO `machine_operation_product_components` (`id`, `mop_id`, `sequence`, `component_id`) VALUES
(1, 1, 1, 1),
(2, 1, 2, 2),
(13, 3, 3, 7),
(5, 2, 1, 3),
(12, 3, 2, 6),
(11, 3, 1, 5);

-- --------------------------------------------------------

--
-- Table structure for table `machine_operation_product_operations`
--

CREATE TABLE `machine_operation_product_operations` (
  `id` int(11) NOT NULL,
  `mop_id` int(11) NOT NULL,
  `operation_id` int(11) NOT NULL,
  `sequence` int(11) DEFAULT NULL,
  `component_id` int(11) DEFAULT NULL
) ENGINE=MyISAM DEFAULT CHARSET=latin1;

-- --------------------------------------------------------

--
-- Table structure for table `machine_rent_requests`
--

CREATE TABLE `machine_rent_requests` (
  `id` int(11) NOT NULL,
  `unique_id` int(11) NOT NULL,
  `request_date` date NOT NULL,
  `machine_request_id` int(10) UNSIGNED NOT NULL,
  `quantity` int(11) NOT NULL,
  `created_at` timestamp NOT NULL DEFAULT current_timestamp() ON UPDATE current_timestamp(),
  `created_by` int(11) NOT NULL,
  `updated_at` timestamp NULL DEFAULT NULL,
  `updated_by` int(11) DEFAULT NULL,
  `is_deleted` int(11) NOT NULL DEFAULT 0,
  `deleted_at` timestamp NULL DEFAULT NULL,
  `deleted_by` int(11) DEFAULT NULL
) ENGINE=MyISAM DEFAULT CHARSET=latin1;

-- --------------------------------------------------------

--
-- Table structure for table `machine_rent_requests_receive_machines`
--

CREATE TABLE `machine_rent_requests_receive_machines` (
  `id` int(11) NOT NULL,
  `rent_request_id` int(11) NOT NULL,
  `unique_id` int(11) NOT NULL,
  `received_date` date NOT NULL,
  `quantity` int(11) NOT NULL,
  `rent` double(10,2) DEFAULT NULL,
  `remarks` text NOT NULL,
  `is_returned` int(11) NOT NULL DEFAULT 0,
  `returned_at` timestamp NULL DEFAULT NULL,
  `created_at` timestamp NOT NULL DEFAULT '0000-00-00 00:00:00',
  `created_by` int(11) NOT NULL,
  `updated_at` timestamp NULL DEFAULT NULL,
  `updated_by` int(11) DEFAULT NULL,
  `is_deleted` int(11) NOT NULL DEFAULT 0,
  `deleted_by` int(11) DEFAULT NULL,
  `deleted_at` timestamp NULL DEFAULT NULL
) ENGINE=MyISAM DEFAULT CHARSET=latin1;

-- --------------------------------------------------------

--
-- Table structure for table `machine_rent_requests_receive_machine_returns`
--

CREATE TABLE `machine_rent_requests_receive_machine_returns` (
  `id` int(11) NOT NULL,
  `unique_id` int(11) NOT NULL,
  `return_date` date NOT NULL,
  `rent_request_receive_id` int(10) UNSIGNED NOT NULL,
  `quantity` int(11) NOT NULL,
  `created_at` timestamp NOT NULL DEFAULT current_timestamp() ON UPDATE current_timestamp(),
  `created_by` int(11) NOT NULL,
  `updated_at` timestamp NULL DEFAULT NULL,
  `updated_by` int(11) DEFAULT NULL,
  `is_deleted` int(11) NOT NULL DEFAULT 0,
  `deleted_at` timestamp NULL DEFAULT NULL,
  `deleted_by` int(11) DEFAULT NULL
) ENGINE=MyISAM DEFAULT CHARSET=latin1;

-- --------------------------------------------------------

--
-- Table structure for table `machine_repairs`
--

CREATE TABLE `machine_repairs` (
  `id` int(11) NOT NULL,
  `machine_in_id` int(11) NOT NULL,
  `repair_in_date` date NOT NULL,
  `repair_out_date` date DEFAULT NULL,
  `is_postponed` int(11) NOT NULL DEFAULT 0,
  `original_date` date DEFAULT NULL,
  `postpone_reason` text DEFAULT NULL,
  `created_at` timestamp NOT NULL DEFAULT current_timestamp(),
  `updated_at` timestamp NULL DEFAULT NULL,
  `created_by` int(11) DEFAULT NULL,
  `updated_by` int(11) DEFAULT NULL,
  `is_deleted` int(11) NOT NULL DEFAULT 0,
  `deleted_at` timestamp NULL DEFAULT NULL,
  `deleted_by` int(11) DEFAULT NULL
) ENGINE=MyISAM DEFAULT CHARSET=latin1;

--
-- Dumping data for table `machine_repairs`
--

INSERT INTO `machine_repairs` (`id`, `machine_in_id`, `repair_in_date`, `repair_out_date`, `is_postponed`, `original_date`, `postpone_reason`, `created_at`, `updated_at`, `created_by`, `updated_by`, `is_deleted`, `deleted_at`, `deleted_by`) VALUES
(1, 3, '2023-04-22', NULL, 0, NULL, NULL, '2023-04-22 10:51:44', NULL, NULL, NULL, 1, '2025-02-13 05:55:50', 1),
(2, 3, '2025-02-20', NULL, 0, NULL, NULL, '2025-02-19 08:16:06', NULL, NULL, NULL, 0, NULL, NULL);

-- --------------------------------------------------------

--
-- Table structure for table `machine_repair_details`
--

CREATE TABLE `machine_repair_details` (
  `id` int(11) NOT NULL,
  `repair_id` int(11) UNSIGNED NOT NULL,
  `sub_total` double(10,2) DEFAULT NULL,
  `repair_done_by` int(10) UNSIGNED DEFAULT NULL,
  `repair_charge` double(10,2) DEFAULT NULL,
  `transport_charge` double(10,2) DEFAULT NULL,
  `repair_type` varchar(150) DEFAULT NULL,
  `remarks` text DEFAULT NULL,
  `is_completed` int(11) NOT NULL DEFAULT 0,
  `complete_remarks` text DEFAULT NULL,
  `created_at` timestamp NULL DEFAULT current_timestamp(),
  `updated_at` timestamp NULL DEFAULT NULL,
  `created_by` int(11) DEFAULT NULL,
  `updated_by` int(11) DEFAULT NULL,
  `is_deleted` int(11) NOT NULL DEFAULT 0,
  `deleted_at` timestamp NULL DEFAULT NULL,
  `deleted_by` int(11) DEFAULT NULL
) ENGINE=MyISAM DEFAULT CHARSET=latin1;

-- --------------------------------------------------------

--
-- Table structure for table `machine_repair_details_items`
--

CREATE TABLE `machine_repair_details_items` (
  `id` int(11) NOT NULL,
  `machine_repair_details_id` int(11) UNSIGNED NOT NULL,
  `service_item_id` int(10) UNSIGNED DEFAULT NULL,
  `quantity` double(10,2) DEFAULT NULL,
  `price` double(10,2) DEFAULT NULL,
  `total` double(10,2) NOT NULL,
  `created_at` timestamp NULL DEFAULT current_timestamp(),
  `updated_at` timestamp NULL DEFAULT NULL,
  `created_by` int(11) DEFAULT NULL,
  `updated_by` int(11) DEFAULT NULL,
  `is_deleted` int(11) NOT NULL DEFAULT 0,
  `deleted_at` timestamp NULL DEFAULT NULL,
  `deleted_by` int(11) DEFAULT NULL
) ENGINE=MyISAM DEFAULT CHARSET=latin1;

-- --------------------------------------------------------

--
-- Table structure for table `machine_requests`
--

CREATE TABLE `machine_requests` (
  `id` int(11) NOT NULL,
  `request_date` date NOT NULL,
  `machine_model_id` int(10) UNSIGNED DEFAULT NULL,
  `machine_type_id` int(10) UNSIGNED NOT NULL,
  `from_date` date NOT NULL,
  `to_date` date NOT NULL,
  `quantity` int(11) NOT NULL,
  `remarks` text NOT NULL,
  `unique_id` int(11) DEFAULT NULL,
  `is_approved` int(11) NOT NULL DEFAULT 0,
  `approved_quantity` int(11) DEFAULT NULL,
  `approve_remarks` text DEFAULT NULL,
  `approved_by` int(10) UNSIGNED DEFAULT NULL,
  `approved_at` int(11) DEFAULT NULL,
  `created_by` int(11) NOT NULL,
  `updated_by` int(11) DEFAULT NULL,
  `created_at` timestamp NULL DEFAULT NULL,
  `updated_at` timestamp NULL DEFAULT NULL,
  `is_deleted` int(11) NOT NULL DEFAULT 0,
  `deleted_by` int(11) DEFAULT NULL,
  `deleted_at` timestamp NULL DEFAULT NULL
) ENGINE=MyISAM DEFAULT CHARSET=latin1;

-- --------------------------------------------------------

--
-- Table structure for table `machine_request_onloan_issue_machines`
--

CREATE TABLE `machine_request_onloan_issue_machines` (
  `id` int(11) NOT NULL,
  `machine_request_id` int(10) UNSIGNED NOT NULL,
  `machine_in_id` int(11) NOT NULL,
  `is_returned` int(11) NOT NULL DEFAULT 0,
  `created_at` timestamp NOT NULL DEFAULT current_timestamp() ON UPDATE current_timestamp(),
  `created_by` int(11) NOT NULL,
  `updated_at` timestamp NULL DEFAULT NULL,
  `updated_by` int(11) DEFAULT NULL,
  `returned_at` timestamp NULL DEFAULT NULL
) ENGINE=MyISAM DEFAULT CHARSET=latin1;

-- --------------------------------------------------------

--
-- Table structure for table `machine_requirements`
--

CREATE TABLE `machine_requirements` (
  `id` int(11) NOT NULL,
  `unique_id` int(11) NOT NULL,
  `forecast` varchar(200) DEFAULT NULL,
  `line_id` int(11) NOT NULL,
  `request_date` date NOT NULL,
  `machine_model_id` int(10) UNSIGNED NOT NULL,
  `machine_type_id` int(10) UNSIGNED NOT NULL,
  `from_date` date NOT NULL,
  `to_date` date NOT NULL,
  `quantity` int(11) NOT NULL,
  `remarks` text NOT NULL,
  `active` int(1) NOT NULL,
  `approved_quantity` int(11) DEFAULT NULL,
  `approve_remarks` text DEFAULT NULL,
  `approved_by` int(10) UNSIGNED DEFAULT NULL,
  `approved_at` int(11) DEFAULT NULL,
  `created_by` int(11) NOT NULL,
  `updated_by` int(11) DEFAULT NULL,
  `created_at` timestamp NULL DEFAULT NULL,
  `updated_at` timestamp NULL DEFAULT NULL,
  `is_deleted` int(11) NOT NULL DEFAULT 0,
  `deleted_by` int(11) DEFAULT NULL,
  `deleted_at` timestamp NULL DEFAULT NULL
) ENGINE=MyISAM DEFAULT CHARSET=latin1;

-- --------------------------------------------------------

--
-- Table structure for table `machine_services`
--

CREATE TABLE `machine_services` (
  `id` int(11) NOT NULL,
  `machine_in_id` int(11) NOT NULL,
  `employee_id` int(11) NOT NULL,
  `service_no` varchar(150) NOT NULL,
  `is_repair` int(11) NOT NULL DEFAULT 0,
  `service_date_from` datetime DEFAULT NULL,
  `service_date_to` datetime DEFAULT NULL,
  `estimated_service_hours` double(10,2) DEFAULT NULL,
  `is_postponed` int(11) NOT NULL DEFAULT 0,
  `original_date` date DEFAULT NULL,
  `postpone_reason` text DEFAULT NULL,
  `created_at` timestamp NOT NULL DEFAULT current_timestamp(),
  `updated_at` timestamp NULL DEFAULT NULL,
  `created_by` int(11) DEFAULT NULL,
  `updated_by` int(11) DEFAULT NULL,
  `is_deleted` int(11) NOT NULL DEFAULT 0,
  `deleted_at` timestamp NULL DEFAULT NULL,
  `deleted_by` int(11) DEFAULT NULL
) ENGINE=MyISAM DEFAULT CHARSET=latin1;

--
-- Dumping data for table `machine_services`
--

INSERT INTO `machine_services` (`id`, `machine_in_id`, `employee_id`, `service_no`, `is_repair`, `service_date_from`, `service_date_to`, `estimated_service_hours`, `is_postponed`, `original_date`, `postpone_reason`, `created_at`, `updated_at`, `created_by`, `updated_by`, `is_deleted`, `deleted_at`, `deleted_by`) VALUES
(1, 1, 205, 'SRV0001', 0, '2024-04-08 11:16:00', '2024-04-09 11:16:00', 12.00, 0, NULL, NULL, '2024-04-09 00:16:57', NULL, 1, NULL, 1, '2025-01-22 00:12:34', 1),
(2, 2, 204, 'SRV0002', 0, '2025-01-22 10:12:00', '2025-01-25 10:12:00', 12.00, 0, NULL, NULL, '2025-01-22 00:12:24', NULL, 1, NULL, 1, '2025-02-13 05:53:12', 1),
(3, 2, 203, 'SRV0003', 0, '2025-01-23 10:03:00', '2025-01-23 02:08:00', 5.00, 0, NULL, NULL, '2025-01-23 00:04:34', NULL, 1, NULL, 1, '2025-02-13 05:53:12', 1),
(4, 1, 202, 'SRV0004', 0, '2025-02-17 09:26:00', '2025-02-17 09:26:00', 3.00, 0, NULL, NULL, '2025-02-16 23:27:05', NULL, 1, NULL, 0, NULL, NULL),
(5, 2, 201, 'SRV0005', 0, '2025-02-20 09:20:00', '2025-02-25 09:20:00', 7.00, 0, NULL, NULL, '2025-02-19 23:20:42', NULL, 1, NULL, 0, NULL, NULL),
(6, 3, 200, 'SRV0006', 0, '2025-02-24 09:16:00', '2025-02-26 09:17:00', 12.00, 0, NULL, NULL, '2025-02-23 23:17:18', NULL, 1, NULL, 0, NULL, NULL);

-- --------------------------------------------------------

--
-- Table structure for table `machine_service_allocated_items`
--

CREATE TABLE `machine_service_allocated_items` (
  `id` int(11) NOT NULL,
  `spare_part_id` int(11) NOT NULL,
  `machine_service_id` int(11) NOT NULL,
  `qty` int(11) DEFAULT NULL,
  `issued_qty` int(11) DEFAULT NULL,
  `is_finished` int(11) DEFAULT 0,
  `estimate_id` int(11) DEFAULT NULL,
  `is_deleted` int(11) NOT NULL DEFAULT 0,
  `created_at` timestamp NULL DEFAULT NULL,
  `created_by` int(11) DEFAULT NULL,
  `updated_at` timestamp NULL DEFAULT NULL,
  `updated_by` int(11) DEFAULT NULL,
  `deleted_by` int(11) DEFAULT NULL,
  `deleted_at` timestamp NULL DEFAULT NULL
) ENGINE=MyISAM DEFAULT CHARSET=latin1;

--
-- Dumping data for table `machine_service_allocated_items`
--

INSERT INTO `machine_service_allocated_items` (`id`, `spare_part_id`, `machine_service_id`, `qty`, `issued_qty`, `is_finished`, `estimate_id`, `is_deleted`, `created_at`, `created_by`, `updated_at`, `updated_by`, `deleted_by`, `deleted_at`) VALUES
(1, 1, 1, 1, NULL, 0, 14, 1, '2023-03-18 00:00:21', 1, NULL, NULL, 1, '2025-02-24 00:00:59'),
(2, 2, 1, 2, NULL, 1, 15, 0, '2023-03-18 00:00:21', 1, NULL, NULL, NULL, NULL),
(3, 3, 1, 3, NULL, 1, 16, 0, '2023-03-18 00:00:21', 1, NULL, NULL, NULL, NULL),
(4, 4, 1, 2, NULL, 1, 17, 0, '2023-03-18 00:00:21', 1, NULL, NULL, NULL, NULL),
(5, 1, 2, 1, NULL, 1, 5, 0, '2023-03-18 01:21:40', 1, NULL, NULL, NULL, NULL),
(6, 2, 2, 1, NULL, 1, 6, 0, '2023-03-18 01:21:40', 1, NULL, NULL, NULL, NULL),
(7, 1, 4, 1, NULL, 0, 12, 0, '2023-03-23 11:59:29', 1, NULL, NULL, NULL, NULL),
(8, 4, 4, 2, NULL, 1, 13, 0, '2023-03-23 11:59:29', 1, NULL, NULL, NULL, NULL),
(9, 1, 5, 2, NULL, 1, 24, 0, '2023-04-23 23:55:46', 1, NULL, NULL, NULL, NULL),
(10, 2, 5, 4, NULL, 1, 25, 0, '2023-04-23 23:55:46', 1, NULL, NULL, NULL, NULL),
(11, 1, 6, 2, NULL, 1, 26, 0, '2023-04-24 09:43:59', 1, NULL, NULL, NULL, NULL),
(12, 2, 6, 3, NULL, 1, 27, 0, '2023-04-24 09:43:59', 1, NULL, NULL, NULL, NULL),
(13, 4, 4, 2, NULL, 0, 13, 0, '2025-02-23 23:14:42', 1, NULL, NULL, NULL, NULL),
(14, 1, 3, 1, NULL, 0, 9, 1, '2025-02-23 23:15:18', 1, NULL, NULL, 1, '2025-02-24 00:00:59'),
(15, 1, 3, 1, NULL, 0, 30, 0, '2025-02-23 23:15:18', 1, NULL, NULL, NULL, NULL),
(16, 3, 3, 1, NULL, 0, 11, 0, '2025-02-23 23:15:18', 1, NULL, NULL, NULL, NULL),
(17, 2, 3, 1, NULL, 0, 10, 0, '2025-02-23 23:15:18', 1, NULL, NULL, NULL, NULL),
(18, 2, 3, 2, NULL, 0, 10, 0, '2025-02-23 23:16:41', 1, NULL, NULL, NULL, NULL);

-- --------------------------------------------------------

--
-- Table structure for table `machine_service_details`
--

CREATE TABLE `machine_service_details` (
  `id` int(11) NOT NULL,
  `service_id` int(11) UNSIGNED NOT NULL,
  `sub_total` double(10,2) DEFAULT NULL,
  `service_done_by` int(10) UNSIGNED DEFAULT NULL,
  `service_charge` double(10,2) DEFAULT NULL,
  `transport_charge` double(10,2) DEFAULT NULL,
  `service_type` varchar(150) DEFAULT NULL,
  `remarks` text DEFAULT NULL,
  `is_completed` int(11) NOT NULL DEFAULT 0,
  `complete_remarks` text DEFAULT NULL,
  `created_at` timestamp NULL DEFAULT current_timestamp(),
  `updated_at` timestamp NULL DEFAULT NULL,
  `created_by` int(11) DEFAULT NULL,
  `updated_by` int(11) DEFAULT NULL,
  `is_deleted` int(11) NOT NULL DEFAULT 0,
  `deleted_at` timestamp NULL DEFAULT NULL,
  `deleted_by` int(11) DEFAULT NULL
) ENGINE=MyISAM DEFAULT CHARSET=latin1;

-- --------------------------------------------------------

--
-- Table structure for table `machine_service_details_items`
--

CREATE TABLE `machine_service_details_items` (
  `id` int(11) NOT NULL,
  `machine_service_details_id` int(11) UNSIGNED NOT NULL,
  `spare_part_id` int(10) UNSIGNED DEFAULT NULL,
  `quantity` double(10,2) DEFAULT NULL,
  `price` double(10,2) DEFAULT NULL,
  `total` double(10,2) NOT NULL,
  `created_at` timestamp NULL DEFAULT current_timestamp(),
  `updated_at` timestamp NULL DEFAULT NULL,
  `created_by` int(11) DEFAULT NULL,
  `updated_by` int(11) DEFAULT NULL,
  `is_deleted` int(11) NOT NULL DEFAULT 0,
  `deleted_at` timestamp NULL DEFAULT NULL,
  `deleted_by` int(11) DEFAULT NULL
) ENGINE=MyISAM DEFAULT CHARSET=latin1;

-- --------------------------------------------------------

--
-- Table structure for table `machine_service_estimated_items`
--

CREATE TABLE `machine_service_estimated_items` (
  `id` int(11) NOT NULL,
  `spare_part_id` int(11) NOT NULL,
  `machine_service_id` int(11) NOT NULL,
  `qty` int(11) DEFAULT NULL,
  `is_deleted` int(11) NOT NULL DEFAULT 0,
  `created_at` timestamp NULL DEFAULT NULL,
  `created_by` int(11) DEFAULT NULL,
  `updated_at` timestamp NULL DEFAULT NULL,
  `updated_by` int(11) DEFAULT NULL,
  `deleted_by` int(11) DEFAULT NULL
) ENGINE=MyISAM DEFAULT CHARSET=latin1;

--
-- Dumping data for table `machine_service_estimated_items`
--

INSERT INTO `machine_service_estimated_items` (`id`, `spare_part_id`, `machine_service_id`, `qty`, `is_deleted`, `created_at`, `created_by`, `updated_at`, `updated_by`, `deleted_by`) VALUES
(21, 4, 1, 5, 0, NULL, NULL, NULL, NULL, NULL),
(20, 3, 1, 4, 0, NULL, NULL, NULL, NULL, NULL),
(19, 2, 1, 2, 0, NULL, NULL, NULL, NULL, NULL),
(18, 1, 1, 3, 0, NULL, NULL, NULL, NULL, NULL),
(5, 1, 2, 1, 0, NULL, NULL, NULL, NULL, NULL),
(6, 2, 2, 1, 0, NULL, NULL, NULL, NULL, NULL),
(7, 3, 2, 1, 0, NULL, NULL, NULL, NULL, NULL),
(8, 4, 2, 1, 0, NULL, NULL, NULL, NULL, NULL),
(9, 1, 3, 1, 0, NULL, NULL, NULL, NULL, NULL),
(10, 2, 3, 1, 0, NULL, NULL, NULL, NULL, NULL),
(11, 3, 3, 1, 0, NULL, NULL, NULL, NULL, NULL),
(12, 1, 4, 1, 0, NULL, NULL, NULL, NULL, NULL),
(13, 4, 4, 2, 0, NULL, NULL, NULL, NULL, NULL),
(25, 2, 5, 4, 0, NULL, NULL, NULL, NULL, NULL),
(24, 1, 5, 2, 0, NULL, NULL, NULL, NULL, NULL),
(26, 1, 6, 2, 0, NULL, NULL, NULL, NULL, NULL),
(27, 2, 6, 3, 0, NULL, NULL, NULL, NULL, NULL),
(28, 1, 1, 1, 0, NULL, NULL, NULL, NULL, NULL),
(29, 1, 2, 2, 0, NULL, NULL, NULL, NULL, NULL),
(30, 1, 3, 1, 0, NULL, NULL, NULL, NULL, NULL),
(31, 3, 4, 1, 0, NULL, NULL, NULL, NULL, NULL),
(32, 3, 5, 3, 0, NULL, NULL, NULL, NULL, NULL),
(33, 2, 6, 1, 0, NULL, NULL, NULL, NULL, NULL);

-- --------------------------------------------------------

--
-- Table structure for table `machine_service_issued_items`
--

CREATE TABLE `machine_service_issued_items` (
  `id` int(11) NOT NULL,
  `a_id` int(11) DEFAULT NULL,
  `spare_part_id` int(11) NOT NULL,
  `machine_service_id` int(11) NOT NULL,
  `qty` int(11) DEFAULT NULL,
  `is_deleted` int(11) NOT NULL DEFAULT 0,
  `created_at` timestamp NULL DEFAULT NULL,
  `created_by` int(11) DEFAULT NULL,
  `updated_at` timestamp NULL DEFAULT NULL,
  `updated_by` int(11) DEFAULT NULL,
  `deleted_by` int(11) DEFAULT NULL,
  `deleted_at` timestamp NULL DEFAULT NULL,
  `is_received` int(11) DEFAULT 0
) ENGINE=MyISAM DEFAULT CHARSET=latin1;

--
-- Dumping data for table `machine_service_issued_items`
--

INSERT INTO `machine_service_issued_items` (`id`, `a_id`, `spare_part_id`, `machine_service_id`, `qty`, `is_deleted`, `created_at`, `created_by`, `updated_at`, `updated_by`, `deleted_by`, `deleted_at`, `is_received`) VALUES
(1, 2, 2, 1, 1, 0, '2023-03-18 00:06:33', 1, NULL, NULL, NULL, NULL, 1),
(2, 3, 3, 1, 2, 0, '2023-03-18 00:06:33', 1, NULL, NULL, NULL, NULL, 1),
(3, 4, 4, 1, 1, 0, '2023-03-18 00:06:33', 1, NULL, NULL, NULL, NULL, 0),
(4, 5, 1, 2, 2, 0, '2023-03-18 01:21:53', 1, '2023-03-18 01:25:43', 1, NULL, NULL, 1),
(5, 6, 2, 2, 2, 1, '2023-03-18 01:21:53', 1, '2023-03-18 01:25:43', 1, 1, '2023-03-18 01:29:08', 0),
(6, 9, 1, 5, 2, 0, '2023-04-23 23:56:11', 1, NULL, NULL, NULL, NULL, 1),
(7, 10, 2, 5, 4, 0, '2023-04-23 23:56:11', 1, NULL, NULL, NULL, NULL, 1),
(8, 11, 1, 6, 2, 0, '2023-04-24 09:44:09', 1, NULL, NULL, NULL, NULL, 1),
(9, 12, 2, 6, 3, 0, '2023-04-24 09:44:09', 1, NULL, NULL, NULL, NULL, 1),
(10, 8, 4, 4, 2, 0, '2025-02-16 23:27:56', 1, NULL, NULL, NULL, NULL, 1),
(11, 8, 4, 4, 2, 0, '2025-02-16 23:27:59', 1, NULL, NULL, NULL, NULL, 1),
(12, 5, 1, 2, -1, 0, '2025-02-24 01:40:14', 1, NULL, NULL, NULL, NULL, 0),
(13, 6, 2, 2, 1, 0, '2025-02-24 01:40:14', 1, NULL, NULL, NULL, NULL, 0);

-- --------------------------------------------------------

--
-- Table structure for table `machine_service_received_items`
--

CREATE TABLE `machine_service_received_items` (
  `id` int(11) NOT NULL,
  `issue_id` int(11) DEFAULT NULL,
  `spare_part_id` int(11) NOT NULL,
  `machine_service_id` int(11) NOT NULL,
  `qty` int(11) DEFAULT NULL,
  `created_by` int(11) DEFAULT NULL,
  `created_at` timestamp NULL DEFAULT NULL,
  `is_deleted` int(11) NOT NULL DEFAULT 0,
  `deleted_by` int(11) DEFAULT NULL,
  `deleted_at` timestamp NULL DEFAULT NULL,
  `updated_at` timestamp NULL DEFAULT NULL,
  `updated_by` int(11) DEFAULT NULL
) ENGINE=MyISAM DEFAULT CHARSET=latin1;

--
-- Dumping data for table `machine_service_received_items`
--

INSERT INTO `machine_service_received_items` (`id`, `issue_id`, `spare_part_id`, `machine_service_id`, `qty`, `created_by`, `created_at`, `is_deleted`, `deleted_by`, `deleted_at`, `updated_at`, `updated_by`) VALUES
(1, 1, 2, 1, 1, 1, '2023-03-18 00:23:42', 0, NULL, NULL, NULL, NULL),
(2, 2, 3, 1, 1, 1, '2023-03-18 00:23:42', 0, NULL, NULL, NULL, NULL),
(3, 6, 1, 5, 2, 1, '2023-04-23 23:56:33', 0, NULL, NULL, NULL, NULL),
(4, 7, 2, 5, 4, 1, '2023-04-23 23:56:33', 0, NULL, NULL, NULL, NULL),
(5, 8, 1, 6, 2, 1, '2023-04-24 09:44:19', 0, NULL, NULL, NULL, NULL),
(6, 9, 2, 6, 3, 1, '2023-04-24 09:44:19', 0, NULL, NULL, NULL, NULL),
(7, 4, 1, 2, 2, 1, '2025-01-22 00:13:33', 0, NULL, NULL, NULL, NULL),
(8, 10, 4, 4, 2, 1, '2025-02-16 23:28:16', 0, NULL, NULL, NULL, NULL),
(9, 11, 4, 4, 2, 1, '2025-02-16 23:28:16', 0, NULL, NULL, NULL, NULL);

-- --------------------------------------------------------

--
-- Table structure for table `machine_service_returned_accepted_items`
--

CREATE TABLE `machine_service_returned_accepted_items` (
  `id` int(11) NOT NULL,
  `header_id` int(11) DEFAULT NULL,
  `return_id` int(11) DEFAULT NULL,
  `spare_part_id` int(11) NOT NULL,
  `machine_service_id` int(11) NOT NULL,
  `qty` int(11) DEFAULT NULL,
  `created_by` int(11) DEFAULT NULL,
  `created_at` timestamp NULL DEFAULT NULL,
  `is_deleted` int(11) NOT NULL DEFAULT 0,
  `deleted_by` int(11) DEFAULT NULL,
  `deleted_at` timestamp NULL DEFAULT NULL,
  `updated_at` timestamp NULL DEFAULT NULL,
  `updated_by` int(11) DEFAULT NULL
) ENGINE=MyISAM DEFAULT CHARSET=latin1;

--
-- Dumping data for table `machine_service_returned_accepted_items`
--

INSERT INTO `machine_service_returned_accepted_items` (`id`, `header_id`, `return_id`, `spare_part_id`, `machine_service_id`, `qty`, `created_by`, `created_at`, `is_deleted`, `deleted_by`, `deleted_at`, `updated_at`, `updated_by`) VALUES
(1, 1, 1, 2, 1, 4, 1, '2023-03-18 13:42:52', 1, 1, '2023-03-21 11:55:36', '2023-03-21 11:49:23', 1),
(2, 2, 1, 2, 1, 4, 1, '2023-03-21 04:21:06', 0, NULL, NULL, '2023-03-21 11:49:23', 1),
(3, 3, 1, 2, 1, 4, 1, '2023-03-21 04:38:35', 0, NULL, NULL, '2023-03-21 11:49:23', 1),
(4, 4, 6, 1, 2, 1, 1, '2025-01-23 00:06:24', 0, NULL, NULL, NULL, NULL);

-- --------------------------------------------------------

--
-- Table structure for table `machine_service_returned_accepted_items_header`
--

CREATE TABLE `machine_service_returned_accepted_items_header` (
  `id` int(11) NOT NULL,
  `machine_service_id` int(11) NOT NULL,
  `remarks` text DEFAULT NULL,
  `created_by` int(11) DEFAULT NULL,
  `created_at` timestamp NULL DEFAULT NULL,
  `is_deleted` int(11) NOT NULL DEFAULT 0,
  `deleted_by` int(11) DEFAULT NULL,
  `deleted_at` timestamp NULL DEFAULT NULL,
  `updated_at` timestamp NULL DEFAULT NULL,
  `updated_by` int(11) DEFAULT NULL
) ENGINE=MyISAM DEFAULT CHARSET=latin1;

--
-- Dumping data for table `machine_service_returned_accepted_items_header`
--

INSERT INTO `machine_service_returned_accepted_items_header` (`id`, `machine_service_id`, `remarks`, `created_by`, `created_at`, `is_deleted`, `deleted_by`, `deleted_at`, `updated_at`, `updated_by`) VALUES
(1, 1, 'sdsc1', NULL, NULL, 0, NULL, NULL, '2023-03-21 11:49:23', 1),
(2, 1, 'x1', NULL, NULL, 0, NULL, NULL, '2023-03-21 11:49:23', 1),
(3, 1, 'sx1', NULL, NULL, 0, NULL, NULL, '2023-03-21 11:49:23', 1),
(4, 2, '', NULL, NULL, 0, NULL, NULL, NULL, NULL);

-- --------------------------------------------------------

--
-- Table structure for table `machine_service_returned_items`
--

CREATE TABLE `machine_service_returned_items` (
  `id` int(11) NOT NULL,
  `header_id` int(11) DEFAULT NULL,
  `issue_id` int(11) DEFAULT NULL,
  `spare_part_id` int(11) NOT NULL,
  `machine_service_id` int(11) NOT NULL,
  `qty` int(11) DEFAULT NULL,
  `created_by` int(11) DEFAULT NULL,
  `created_at` timestamp NULL DEFAULT NULL,
  `is_deleted` int(11) NOT NULL DEFAULT 0,
  `deleted_by` int(11) DEFAULT NULL,
  `deleted_at` timestamp NULL DEFAULT NULL,
  `updated_at` timestamp NULL DEFAULT NULL,
  `updated_by` int(11) DEFAULT NULL
) ENGINE=MyISAM DEFAULT CHARSET=latin1;

--
-- Dumping data for table `machine_service_returned_items`
--

INSERT INTO `machine_service_returned_items` (`id`, `header_id`, `issue_id`, `spare_part_id`, `machine_service_id`, `qty`, `created_by`, `created_at`, `is_deleted`, `deleted_by`, `deleted_at`, `updated_at`, `updated_by`) VALUES
(1, 1, 1, 2, 1, 3, 1, '2023-03-18 11:19:17', 1, 1, '2023-03-21 11:54:04', '2023-03-21 01:36:54', 1),
(2, 1, 2, 3, 1, 3, 1, '2023-03-18 11:42:09', 1, 1, '2023-03-18 12:13:14', '2023-03-21 01:34:17', 1),
(3, 1, 4, 1, 2, 4, 1, '2023-03-19 23:23:36', 1, 1, '2023-03-21 11:53:03', '2023-03-21 01:36:54', 1),
(4, 4, 8, 1, 6, 1, 1, '2023-04-24 09:49:18', 0, NULL, NULL, NULL, NULL),
(5, 4, 9, 2, 6, 1, 1, '2023-04-24 09:49:18', 0, NULL, NULL, NULL, NULL),
(6, 5, 4, 1, 2, 1, 1, '2025-01-23 00:06:05', 0, NULL, NULL, NULL, NULL),
(7, 6, 3, 4, 1, 1, 1, '2025-02-14 00:09:27', 0, NULL, NULL, NULL, NULL),
(8, 6, 2, 3, 1, 1, 1, '2025-02-14 00:09:27', 0, NULL, NULL, NULL, NULL),
(9, 6, 1, 2, 1, 1, 1, '2025-02-14 00:09:27', 0, NULL, NULL, NULL, NULL),
(10, 7, 3, 4, 1, 3, 1, '2025-02-14 00:09:50', 0, NULL, NULL, NULL, NULL),
(11, 7, 2, 3, 1, 1, 1, '2025-02-14 00:09:50', 0, NULL, NULL, NULL, NULL),
(12, 7, 1, 2, 1, 1, 1, '2025-02-14 00:09:50', 0, NULL, NULL, NULL, NULL),
(13, 8, 3, 4, 1, 1, 1, '2025-02-19 23:18:11', 0, NULL, NULL, NULL, NULL),
(14, 8, 2, 3, 1, 1, 1, '2025-02-19 23:18:11', 0, NULL, NULL, NULL, NULL),
(15, 8, 1, 2, 1, 1, 1, '2025-02-19 23:18:11', 0, NULL, NULL, NULL, NULL);

-- --------------------------------------------------------

--
-- Table structure for table `machine_service_returned_items_header`
--

CREATE TABLE `machine_service_returned_items_header` (
  `id` int(11) NOT NULL,
  `machine_service_id` int(11) NOT NULL,
  `remarks` text DEFAULT NULL,
  `created_by` int(11) DEFAULT NULL,
  `created_at` timestamp NULL DEFAULT NULL,
  `is_deleted` int(11) NOT NULL DEFAULT 0,
  `deleted_by` int(11) DEFAULT NULL,
  `deleted_at` timestamp NULL DEFAULT NULL,
  `updated_at` timestamp NULL DEFAULT NULL,
  `updated_by` int(11) DEFAULT NULL
) ENGINE=MyISAM DEFAULT CHARSET=latin1;

--
-- Dumping data for table `machine_service_returned_items_header`
--

INSERT INTO `machine_service_returned_items_header` (`id`, `machine_service_id`, `remarks`, `created_by`, `created_at`, `is_deleted`, `deleted_by`, `deleted_at`, `updated_at`, `updated_by`) VALUES
(1, 1, 'sdfd1', NULL, NULL, 0, NULL, NULL, '2023-03-21 01:36:54', 1),
(2, 1, 'rdf22', NULL, NULL, 0, NULL, NULL, '2023-03-21 01:36:54', 1),
(3, 1, 'a3', NULL, NULL, 0, NULL, NULL, '2023-03-21 01:36:54', 1),
(4, 6, 't', NULL, NULL, 0, NULL, NULL, NULL, NULL),
(5, 2, '', NULL, NULL, 0, NULL, NULL, NULL, NULL),
(6, 1, '', NULL, NULL, 0, NULL, NULL, NULL, NULL),
(7, 1, '', NULL, NULL, 0, NULL, NULL, NULL, NULL),
(8, 1, '', NULL, NULL, 0, NULL, NULL, NULL, NULL);

-- --------------------------------------------------------

--
-- Table structure for table `machine_types`
--

CREATE TABLE `machine_types` (
  `id` int(11) NOT NULL,
  `name` varchar(255) NOT NULL,
  `code` varchar(100) NOT NULL,
  `active` int(11) NOT NULL
) ENGINE=InnoDB DEFAULT CHARSET=utf8;

--
-- Dumping data for table `machine_types`
--

INSERT INTO `machine_types` (`id`, `name`, `code`, `active`) VALUES
(13, 'BTC', '', 1);

-- --------------------------------------------------------

--
-- Table structure for table `mbranchlist`
--

CREATE TABLE `mbranchlist` (
  `id` int(11) NOT NULL,
  `br_code` varchar(10) NOT NULL,
  `br_grpcode` varchar(10) NOT NULL COMMENT 'short-code-to-be-used-as-refnum-prefix',
  `br_name` varchar(100) NOT NULL,
  `br_addr` varchar(200) DEFAULT NULL,
  `profile_id` int(11) NOT NULL COMMENT 'dayplan_profile-profile_id',
  `idtbl_country` int(11) NOT NULL DEFAULT 0,
  `br_agent` varchar(250) DEFAULT NULL,
  `isoffline` tinyint(4) NOT NULL DEFAULT 0,
  `emp_hrs_payrate` double(10,4) NOT NULL DEFAULT 0.0000 COMMENT 'default-line-employee-hourly-pay-amount',
  `created_by` varchar(20) DEFAULT NULL,
  `created_at` datetime DEFAULT NULL,
  `updated_by` varchar(20) DEFAULT NULL,
  `updated_at` datetime DEFAULT NULL
) ENGINE=InnoDB DEFAULT CHARSET=latin1;

--
-- Dumping data for table `mbranchlist`
--

INSERT INTO `mbranchlist` (`id`, `br_code`, `br_grpcode`, `br_name`, `br_addr`, `profile_id`, `idtbl_country`, `br_agent`, `isoffline`, `emp_hrs_payrate`, `created_by`, `created_at`, `updated_by`, `updated_at`) VALUES
(1, 'D-247', 'D-247', 'Factory D-247', NULL, 2, 0, NULL, 0, 0.0000, NULL, NULL, NULL, NULL),
(2, 'AB', 'AB', 'AB Apparels Ltd', NULL, 7, 0, NULL, 0, 0.0000, NULL, NULL, 'admin', '2022-11-30 16:26:19'),
(3, 'C-103', 'C-103', 'Head office C-103', NULL, 7, 0, NULL, 0, 72.0000, 'admin', '2023-01-25 14:15:50', NULL, NULL);

-- --------------------------------------------------------

--
-- Table structure for table `mmachine_instinfo`
--

CREATE TABLE `mmachine_instinfo` (
  `id` int(11) NOT NULL,
  `device_type` int(11) NOT NULL,
  `mach_instid` varchar(30) NOT NULL,
  `track_addr` varchar(20) NOT NULL,
  `mlinelist_id` int(11) NOT NULL DEFAULT 0 COMMENT 'line-id-where-the-device-is-located',
  `isoffline` tinyint(4) NOT NULL DEFAULT 0
) ENGINE=InnoDB DEFAULT CHARSET=latin1;

--
-- Dumping data for table `mmachine_instinfo`
--

INSERT INTO `mmachine_instinfo` (`id`, `device_type`, `mach_instid`, `track_addr`, `mlinelist_id`, `isoffline`) VALUES
(1, 2, '5db63fffbab0b595', '5db63fffbab0b595', 2, 0),
(2, 2, '82d4d825797f8274', '82d4d825797f8274', 2, 0),
(3, 2, '20d41e55ed198971', '20d41e55ed198971', 2, 0),
(4, 1, 'a7c56676d0b007db', 'a7c56676d0b007db', 2, 0),
(5, 2, 'fc528e2bd8396205', 'fc528e2bd8396205', 2, 0),
(6, 1, '22223', '4e9b65f715af399', 3, 1),
(7, 2, '4e9b65f715af3918', '4e9b65f715af3918', 3, 0),
(8, 2, '2a0aef08544da080', '2a0aef08544da080', 2, 0),
(14, 2, '8841081170cd29a0', '8841081170cd29a0', 0, 0),
(26, 1, 'Test1', 'Test1', 0, 0),
(27, -1, 'Test2', 'Test2', 0, 0),
(30, 1, 'Test3.1', 'Test3.1', 0, 1),
(31, 2, 'ca7a68cc71bc11fd', 'ca7a68cc71bc11fd', 2, 0),
(32, 2, 'c9a9ea34d9f23483', 'c9a9ea34d9f23483', 2, 0),
(33, 2, '0c00524e08df4165', '0c00524e08df4165', 2, 1),
(34, 2, '93dd0c49cb405df5', '93dd0c49cb405df5', 2, 0),
(35, 2, 'ae1e93f8336853cb', 'ae1e93f8336853cb', 2, 0),
(38, 2, '6e56002d4e4c0534', '6e56002d4e4c0534', 2, 0),
(39, 2, '9ae411865e58d19a', '9ae411865e58d19a', 2, 0),
(40, 2, '8dcf6d28ce7f529c', '8dcf6d28ce7f529c', 2, 0),
(41, 2, '9e892584f3d406fe', '9e892584f3d406fe', 2, 0),
(42, 2, 'e3e5dba5295112ce', 'e3e5dba5295112ce', 2, 0),
(43, 2, '8fb0e3be30fda003', '8fb0e3be30fda003', 2, 0),
(44, 2, 'cb3efe9d49b827011', 'cb3efe9d49b827011', 2, 0),
(45, 2, 'cb3fe9d49b827011', 'cb3fe9d49b827011', 2, 0),
(46, -1, '7dad4f5cb10439c7', '7dad4f5cb10439c7', 2, 0),
(48, 2, '94cd11bb6af216a0', '94cd11bb6af216a0', 2, 0),
(49, 2, 'f326aa82ac8df356', 'f326aa82ac8df356', 2, 0),
(50, 2, '9acdaf51faa50d36', '9acdaf51faa50d36', 2, 0),
(51, 2, 'd0f94db9f5809c41', 'd0f94db9f5809c41', 2, 0),
(52, 2, 'c3be69619dd53915', 'c3be69619dd53915', 2, 0),
(53, 2, '7df1854ad0b18e88', '7df1854ad0b18e88', 2, 0),
(54, 2, '6a9d6ed947357488', '6a9d6ed947357488', 2, 0),
(56, 2, '8afc2e585f337f6d', '8afc2e585f337f6d', 2, 0),
(57, 2, '44ff24281e60b102', '44ff24281e60b102', 2, 0),
(58, 2, 'b3154287ed82ff7d', 'b3154287ed82ff7d', 2, 0),
(59, 2, '22ce283796b1b27e', '22ce283796b1b27e', 2, 0),
(60, 2, 'e3d980b05808b6d8', 'e3d980b05808b6d8', 2, 0),
(61, 2, 'a94b2e597132fdcc', 'a94b2e597132fdcc', 2, 0),
(62, 2, '1f1058418cabf327', '1f1058418cabf327', 2, 0),
(63, 2, '5f467f01c788fe4f', '5f467f01c788fe4f', 2, 0),
(64, 2, '062f5b8179379385', '062f5b8179379385', 2, 0),
(65, 2, '099c7a6b3382c0f9', '099c7a6b3382c0f9', 1, 0);

-- --------------------------------------------------------

--
-- Table structure for table `mmachine_instslot`
--

CREATE TABLE `mmachine_instslot` (
  `machine_allocation_current_id` int(11) NOT NULL,
  `mmachine_instinfo_id` int(11) NOT NULL,
  `slot_id` int(11) NOT NULL,
  `qrycancel` tinyint(4) NOT NULL DEFAULT 0,
  `created_by` int(11) NOT NULL,
  `created_at` datetime NOT NULL,
  `updated_by` int(11) DEFAULT NULL,
  `updated_at` datetime DEFAULT NULL
) ENGINE=InnoDB DEFAULT CHARSET=latin1;

--
-- Dumping data for table `mmachine_instslot`
--

INSERT INTO `mmachine_instslot` (`machine_allocation_current_id`, `mmachine_instinfo_id`, `slot_id`, `qrycancel`, `created_by`, `created_at`, `updated_by`, `updated_at`) VALUES
(1, 65, 1, 0, 1, '2024-07-10 19:02:36', NULL, NULL);

-- --------------------------------------------------------

--
-- Table structure for table `mmachine_typeinfo`
--

CREATE TABLE `mmachine_typeinfo` (
  `id` int(11) NOT NULL,
  `device_type` varchar(50) NOT NULL
) ENGINE=InnoDB DEFAULT CHARSET=latin1;

--
-- Dumping data for table `mmachine_typeinfo`
--

INSERT INTO `mmachine_typeinfo` (`id`, `device_type`) VALUES
(1, 'Display'),
(2, 'Tab'),
(3, 'io-Module');

-- --------------------------------------------------------

--
-- Table structure for table `operations_for_machines`
--

CREATE TABLE `operations_for_machines` (
  `id` int(11) NOT NULL,
  `name` varchar(255) NOT NULL,
  `active` int(11) NOT NULL,
  `operation_type_id` int(11) NOT NULL
) ENGINE=InnoDB DEFAULT CHARSET=utf8;

--
-- Dumping data for table `operations_for_machines`
--

INSERT INTO `operations_for_machines` (`id`, `name`, `active`, `operation_type_id`) VALUES
(9, 'kolar Attach', 1, 1),
(10, 'Panel Attach', 1, 1),
(11, 'Ship Attach', 1, 1),
(12, 'Pocket Attach', 1, 1),
(13, 'Label  Attach', 1, 1),
(15, 'Placket Attach (SNL)', 1, 1),
(16, 'Placket Close (SNL)Placket Attach (SNL)', 1, 1),
(17, 'Placket Box (SNL)', 1, 1),
(18, 'Side slit (SNL)', 1, 1),
(19, 'Collar Attach (SNL)', 1, 1),
(20, 'Collar Close (SNL)', 1, 1),
(21, 'Join Shoulder (OL)', 1, 1),
(22, 'Sleeve attach solid (OL)', 1, 1),
(23, 'Sleeve attach matching (OL)', 1, 1),
(24, 'Side seam solid (OL)', 1, 1),
(25, 'Side seam matching (OL)', 1, 1),
(26, 'Panel Join (OL)', 1, 1),
(27, 'Pocket Bag Make Serge (OL)', 1, 1);

-- --------------------------------------------------------

--
-- Table structure for table `operation_breakdowns`
--

CREATE TABLE `operation_breakdowns` (
  `id` int(11) NOT NULL,
  `style_id` int(10) UNSIGNED NOT NULL,
  `name` varchar(200) NOT NULL,
  `tac_time` double(10,2) NOT NULL,
  `sequence` int(11) NOT NULL,
  `created_at` timestamp NOT NULL DEFAULT current_timestamp(),
  `updated_at` timestamp NULL DEFAULT NULL,
  `deleted_at` timestamp NULL DEFAULT NULL,
  `created_by` int(11) NOT NULL,
  `updated_by` int(11) DEFAULT NULL,
  `deleted_by` int(11) DEFAULT NULL,
  `is_deleted` int(11) NOT NULL DEFAULT 0
) ENGINE=MyISAM DEFAULT CHARSET=latin1;

--
-- Dumping data for table `operation_breakdowns`
--

INSERT INTO `operation_breakdowns` (`id`, `style_id`, `name`, `tac_time`, `sequence`, `created_at`, `updated_at`, `deleted_at`, `created_by`, `updated_by`, `deleted_by`, `is_deleted`) VALUES
(1, 1, 'Add Coller', 12.00, 1, '2023-01-13 03:06:15', NULL, NULL, 1, NULL, NULL, 0),
(2, 1, 'Collar Close', 10.00, 2, '2023-01-13 03:09:21', NULL, NULL, 1, NULL, NULL, 0);

-- --------------------------------------------------------

--
-- Table structure for table `operation_breakdown_allocations`
--

CREATE TABLE `operation_breakdown_allocations` (
  `id` int(11) NOT NULL,
  `operation_breakdown_id` int(11) NOT NULL,
  `slot_id` int(11) NOT NULL,
  `style_id` int(11) NOT NULL,
  `created_by` int(11) NOT NULL,
  `updated_by` int(11) DEFAULT NULL,
  `created_at` timestamp NOT NULL DEFAULT current_timestamp(),
  `updated_at` timestamp NULL DEFAULT NULL,
  `is_deleted` int(11) NOT NULL DEFAULT 0,
  `deleted_by` int(11) DEFAULT NULL,
  `deleted_at` timestamp NULL DEFAULT NULL,
  `is_approved` int(11) NOT NULL DEFAULT 0,
  `approved_by` int(11) DEFAULT NULL,
  `approved_at` timestamp NULL DEFAULT NULL
) ENGINE=MyISAM DEFAULT CHARSET=latin1;

--
-- Dumping data for table `operation_breakdown_allocations`
--

INSERT INTO `operation_breakdown_allocations` (`id`, `operation_breakdown_id`, `slot_id`, `style_id`, `created_by`, `updated_by`, `created_at`, `updated_at`, `is_deleted`, `deleted_by`, `deleted_at`, `is_approved`, `approved_by`, `approved_at`) VALUES
(1, 1, 1, 1, 1, NULL, '2023-01-13 03:13:50', NULL, 0, NULL, NULL, 1, 1, '2023-01-13 03:17:04'),
(2, 2, 2, 1, 1, NULL, '2023-01-13 03:13:50', NULL, 0, NULL, NULL, 1, 1, '2023-01-13 03:17:04');

-- --------------------------------------------------------

--
-- Table structure for table `operation_breakdown_machine_operations`
--

CREATE TABLE `operation_breakdown_machine_operations` (
  `id` int(11) NOT NULL,
  `operation_breakdown_id` int(10) UNSIGNED NOT NULL,
  `machine_operation_id` int(10) UNSIGNED NOT NULL
) ENGINE=MyISAM DEFAULT CHARSET=latin1;

--
-- Dumping data for table `operation_breakdown_machine_operations`
--

INSERT INTO `operation_breakdown_machine_operations` (`id`, `operation_breakdown_id`, `machine_operation_id`) VALUES
(1, 1, 1),
(2, 1, 2),
(3, 2, 4),
(4, 2, 5);

-- --------------------------------------------------------

--
-- Table structure for table `operation_types`
--

CREATE TABLE `operation_types` (
  `id` int(11) NOT NULL,
  `name` varchar(150) NOT NULL,
  `class_type` varchar(11) NOT NULL
) ENGINE=MyISAM DEFAULT CHARSET=latin1;

--
-- Dumping data for table `operation_types`
--

INSERT INTO `operation_types` (`id`, `name`, `class_type`) VALUES
(1, 'Critical', 'danger'),
(2, 'Non Crtical', 'success');

-- --------------------------------------------------------

--
-- Table structure for table `permissions`
--

CREATE TABLE `permissions` (
  `id` int(11) NOT NULL,
  `name` varchar(150) NOT NULL,
  `create` tinyint(1) NOT NULL DEFAULT 0,
  `update` tinyint(1) NOT NULL DEFAULT 0,
  `view` tinyint(1) NOT NULL DEFAULT 0,
  `delete` tinyint(1) NOT NULL DEFAULT 0,
  `module` varchar(150) NOT NULL
) ENGINE=MyISAM DEFAULT CHARSET=latin1;

--
-- Dumping data for table `permissions`
--

INSERT INTO `permissions` (`id`, `name`, `create`, `update`, `view`, `delete`, `module`) VALUES
(1, 'User', 1, 1, 1, 1, 'User'),
(2, 'Group', 1, 1, 1, 1, 'Group'),
(3, 'MachineType', 1, 1, 1, 1, 'Machine'),
(4, 'Store', 1, 1, 1, 1, 'Store'),
(5, 'Style', 1, 1, 1, 1, 'Style'),
(6, 'Department', 1, 1, 1, 1, 'Location'),
(7, 'Section', 1, 1, 1, 1, 'Location'),
(8, 'Machine', 1, 1, 1, 1, 'Machine'),
(9, 'OperationsForMachine', 1, 1, 1, 1, 'OperationsForMachine'),
(10, 'Line', 1, 1, 1, 1, 'Location'),
(11, 'Company', 0, 1, 0, 0, 'Company'),
(12, 'Setting', 0, 1, 0, 0, 'Setting'),
(13, 'Profile', 0, 0, 1, 0, 'Profile'),
(14, 'MachineModel', 1, 1, 1, 1, 'Machine'),
(15, 'MachineBrand', 1, 1, 1, 1, 'Machine'),
(16, 'Factory', 1, 1, 1, 1, 'Location'),
(17, 'MachineIn', 1, 1, 1, 1, 'Machine'),
(18, 'Employee', 1, 1, 1, 1, 'Employee'),
(19, 'MachineOperation', 1, 1, 1, 1, 'Machine'),
(20, 'SkillPeriod', 1, 1, 1, 1, 'Skill'),
(21, 'SkillForEmployee', 1, 1, 1, 1, 'Skill'),
(22, 'SkillPerformance', 1, 1, 1, 1, 'Skill'),
(23, 'MachineRequest', 1, 1, 1, 1, 'MachineRequest'),
(24, 'StyleColor', 1, 1, 1, 1, 'Style'),
(25, 'MachineScan', 0, 0, 1, 0, 'Machine'),
(26, 'OperationBreakdown', 1, 1, 1, 1, 'Style'),
(27, 'Slot', 1, 1, 1, 1, 'Location'),
(28, 'MachineRelease', 1, 0, 0, 0, 'Machine'),
(29, 'MachineAllocate', 1, 0, 0, 0, 'Machine'),
(30, 'MachineRepair', 1, 1, 1, 1, 'Machine'),
(31, 'StyleSize', 1, 1, 1, 1, 'Style'),
(32, 'EmployeeAllocation', 1, 1, 1, 1, 'Employee'),
(33, 'OperationBreakdownAllocation', 1, 1, 1, 1, 'Style'),
(34, 'MachineRentRequest', 1, 1, 1, 1, 'Machine'),
(35, 'MachineRequestApprove', 1, 0, 0, 1, 'Machine'),
(36, 'MachineOnLoanRequest', 1, 1, 1, 1, 'Machine'),
(37, 'MachineRentRequestReceiveMachine', 1, 1, 1, 1, 'Machine'),
(38, 'MachineService', 1, 1, 1, 1, 'MachineService'),
(39, 'MachineServicePostpone', 1, 0, 0, 0, 'MachineService'),
(40, 'MachineServiceCreated', 1, 1, 1, 1, 'MachineService'),
(41, 'MachineServiceCreatedComplete', 1, 0, 0, 0, 'MachineService'),
(42, 'MachineServiceCreatedCompleteRemove', 1, 0, 0, 0, 'MachineService'),
(43, 'EmployeeServices', 0, 0, 1, 0, 'MachineService'),
(44, 'ServiceCostAnalysis', 0, 0, 1, 0, 'MachineService'),
(45, 'UsedServiceItems', 0, 0, 1, 0, 'MachineService'),
(46, 'MachineRepairRequest', 1, 1, 1, 1, 'MachineRepair'),
(47, 'MachineRepairPostpone', 1, 0, 0, 0, 'MachineRepair'),
(48, 'MachineRepairCreated', 1, 1, 1, 1, 'MachineRepair'),
(49, 'MachineRepairCreatedComplete', 1, 0, 0, 0, 'MachineRepair'),
(50, 'MachineRepairCreatedCompleteRemove', 1, 0, 0, 0, 'MachineRepair'),
(51, 'EmployeeRepairs', 0, 0, 1, 0, 'MachineRepair'),
(52, 'RepairCostAnalysis', 0, 0, 1, 0, 'MachineRepair'),
(53, 'UsedRepairItems', 0, 0, 1, 0, 'MachineRepair'),
(54, 'MachineDashboard', 0, 0, 1, 0, 'Machine'),
(55, 'MachineRequirement', 1, 1, 1, 1, 'MachineRequirement'),
(56, 'MachineRentRequestReceiveMachineReturn', 1, 0, 0, 0, 'Machine'),
(57, 'MachineOnLoanRequestReturn', 1, 0, 0, 0, 'Machine'),
(58, 'SkillRequirement', 1, 1, 1, 1, 'SkillRequirement'),
(59, 'TrainingProgram', 1, 1, 1, 1, 'TrainingProgram'),
(60, 'ApprovedOperationBreakdownAllocation', 0, 0, 1, 0, 'Style'),
(61, 'OperationBreakdownAllocationApprove', 1, 0, 0, 0, 'Style'),
(62, 'LineBalance', 0, 0, 1, 0, 'Line Balance'),
(63, 'GRN', 1, 1, 1, 1, 'GRN'),
(64, 'MachineOperationDesc', 1, 1, 1, 1, 'MachineOperationDesc'),
(65, 'MachineOperationProduct', 1, 1, 1, 1, 'MachineOperationProducts'),
(66, 'StyleSchedule', 1, 1, 1, 1, 'StyleSchedule'),
(67, 'LineAllocation', 1, 1, 1, 1, 'LineAllocation'),
(68, 'StyleComponent', 1, 1, 1, 1, 'StyleComponent'),
(69, 'MachineOperationDescApprove', 1, 1, 1, 1, 'MachineOperationDesc'),
(70, 'StyleComponentApprove', 1, 1, 1, 1, 'Style'),
(71, 'MachineOperationProductApprove', 1, 1, 1, 1, 'MachineOperationProducts'),
(72, 'StyleScheduleApprove', 1, 1, 1, 1, 'StyleSchedule'),
(73, 'Supplier', 0, 0, 0, 0, 'Supplier');

-- --------------------------------------------------------

--
-- Table structure for table `permissions_machines`
--

CREATE TABLE `permissions_machines` (
  `id` int(11) NOT NULL,
  `name` varchar(150) NOT NULL,
  `create` tinyint(1) NOT NULL DEFAULT 0,
  `update` tinyint(1) NOT NULL DEFAULT 0,
  `view` tinyint(1) NOT NULL DEFAULT 0,
  `delete` tinyint(1) NOT NULL DEFAULT 0,
  `module` varchar(150) NOT NULL
) ENGINE=MyISAM DEFAULT CHARSET=latin1;

--
-- Dumping data for table `permissions_machines`
--

INSERT INTO `permissions_machines` (`id`, `name`, `create`, `update`, `view`, `delete`, `module`) VALUES
(1, 'User', 1, 1, 1, 1, 'User'),
(2, 'Group', 1, 1, 1, 1, 'Group'),
(3, 'MachineType', 1, 1, 1, 1, 'Machine'),
(4, 'Store', 1, 1, 1, 1, 'Store'),
(5, 'Style', 1, 1, 1, 1, 'Style'),
(6, 'Department', 1, 1, 1, 1, 'Location'),
(7, 'Section', 1, 1, 1, 1, 'Location'),
(8, 'Machine', 1, 1, 1, 1, 'Machine'),
(9, 'OperationsForMachine', 1, 1, 1, 1, 'OperationsForMachine'),
(10, 'Line', 1, 1, 1, 1, 'Location'),
(11, 'Company', 0, 1, 0, 0, 'Company'),
(12, 'Setting', 0, 1, 0, 0, 'Setting'),
(13, 'Profile', 0, 0, 1, 0, 'Profile'),
(14, 'MachineModel', 1, 1, 1, 1, 'Machine'),
(15, 'MachineBrand', 1, 1, 1, 1, 'Machine'),
(16, 'Factory', 1, 1, 1, 1, 'Location'),
(17, 'MachineIn', 1, 1, 1, 1, 'Machine'),
(18, 'Employee', 1, 1, 1, 1, 'Employee'),
(19, 'MachineOperation', 1, 1, 1, 1, 'Machine'),
(20, 'SkillPeriod', 1, 1, 1, 1, 'Skill'),
(21, 'SkillForEmployee', 1, 1, 1, 1, 'Skill'),
(22, 'SkillPerformance', 1, 1, 1, 1, 'Skill'),
(23, 'MachineRequest', 1, 1, 1, 1, 'MachineRequest'),
(24, 'StyleColor', 1, 1, 1, 1, 'Style'),
(25, 'MachineScan', 0, 0, 1, 0, 'Machine'),
(26, 'OperationBreakdown', 1, 1, 1, 1, 'Style'),
(27, 'Slot', 1, 1, 1, 1, 'Location'),
(28, 'MachineRelease', 1, 0, 0, 0, 'Machine'),
(29, 'MachineAllocate', 1, 0, 0, 0, 'Machine'),
(30, 'MachineRepair', 1, 1, 1, 1, 'Machine'),
(31, 'StyleSize', 1, 1, 1, 1, 'Style'),
(32, 'EmployeeAllocation', 1, 1, 1, 1, 'Employee'),
(33, 'OperationBreakdownAllocation', 1, 1, 1, 1, 'Style'),
(34, 'MachineRentRequest', 1, 1, 1, 1, 'Machine'),
(35, 'MachineRequestApprove', 1, 0, 0, 1, 'Machine'),
(36, 'MachineOnLoanRequest', 1, 1, 1, 1, 'Machine'),
(37, 'MachineRentRequestReceiveMachine', 1, 1, 1, 1, 'Machine'),
(38, 'MachineService', 1, 1, 1, 1, 'MachineService'),
(39, 'MachineServicePostpone', 1, 0, 0, 0, 'MachineService'),
(40, 'MachineServiceCreated', 1, 1, 1, 1, 'MachineService'),
(41, 'MachineServiceCreatedComplete', 1, 0, 0, 0, 'MachineService'),
(42, 'MachineServiceCreatedCompleteRemove', 1, 0, 0, 0, 'MachineService'),
(43, 'EmployeeServices', 0, 0, 1, 0, 'MachineService'),
(44, 'ServiceCostAnalysis', 0, 0, 1, 0, 'MachineService'),
(45, 'UsedServiceItems', 0, 0, 1, 0, 'MachineService'),
(46, 'MachineRepairRequest', 1, 1, 1, 1, 'MachineRepair'),
(47, 'MachineRepairPostpone', 1, 0, 0, 0, 'MachineRepair'),
(48, 'MachineRepairCreated', 1, 1, 1, 1, 'MachineRepair'),
(49, 'MachineRepairCreatedComplete', 1, 0, 0, 0, 'MachineRepair'),
(50, 'MachineRepairCreatedCompleteRemove', 1, 0, 0, 0, 'MachineRepair'),
(51, 'EmployeeRepairs', 0, 0, 1, 0, 'MachineRepair'),
(52, 'RepairCostAnalysis', 0, 0, 1, 0, 'MachineRepair'),
(53, 'UsedRepairItems', 0, 0, 1, 0, 'MachineRepair'),
(54, 'MachineDashboard', 0, 0, 1, 0, 'Machine'),
(55, 'MachineRequirement', 1, 1, 1, 1, 'MachineRequirement'),
(56, 'MachineRentRequestReceiveMachineReturn', 1, 0, 0, 0, 'Machine'),
(57, 'MachineOnLoanRequestReturn', 1, 0, 0, 0, 'Machine'),
(58, 'SkillRequirement', 1, 1, 1, 1, 'SkillRequirement'),
(59, 'TrainingProgram', 1, 1, 1, 1, 'TrainingProgram'),
(60, 'ApprovedOperationBreakdownAllocation', 0, 0, 1, 0, 'Style'),
(61, 'OperationBreakdownAllocationApprove', 1, 0, 0, 0, 'Style'),
(62, 'LineBalance', 1, 1, 1, 1, 'Line Balance'),
(63, 'GRN', 1, 1, 1, 1, 'GRN'),
(64, 'MachineOperationDesc', 1, 1, 1, 1, 'MachineOperationDesc'),
(65, 'MachineOperationProduct', 1, 1, 1, 1, 'MachineOperationProducts'),
(66, 'StyleSchedule', 1, 1, 1, 1, 'StyleSchedule'),
(67, 'LineAllocation', 1, 1, 1, 1, 'LineAllocation'),
(68, 'StyleComponent', 1, 1, 1, 1, 'Style'),
(69, 'MachineOperationDescApprove', 1, 1, 1, 1, 'MachineOperationDesc'),
(70, 'StyleComponentApprove', 1, 1, 1, 1, 'Style'),
(71, 'MachineOperationProductApprove', 1, 1, 1, 1, 'MachineOperationProducts'),
(72, 'StyleScheduleApprove', 1, 1, 1, 1, 'StyleSchedule'),
(73, 'SparePart', 1, 1, 1, 1, 'Spare Part'),
(74, 'PurchaseOrder', 1, 1, 1, 1, 'GRN'),
(75, 'PurchaseOrderApprove', 1, 0, 0, 0, 'GRN'),
(76, 'GRNApprove', 1, 0, 0, 0, 'GRN'),
(77, 'Stock', 1, 1, 1, 1, 'GRN'),
(78, 'MachineServiceItemAllocate', 1, 1, 1, 1, 'MachineService'),
(79, 'MachineServiceItemIssue', 1, 1, 1, 1, 'MachineService'),
(80, 'MachineServiceItemReceive', 1, 1, 1, 1, 'MachineService'),
(81, 'MachineServiceItemReturn', 1, 1, 1, 1, 'Return'),
(82, 'SparePartReturnToSupplier', 1, 1, 1, 1, 'Return'),
(83, 'MachineServiceItemReturnAccept', 1, 1, 1, 1, 'Return'),
(84, 'SparePartReturnToSupplierApprove', 1, 1, 1, 1, 'Return'),
(85, 'HourlyDoneRate', 1, 1, 1, 1, 'HourlyDoneRate'),
(86, 'CustomerInfo', 1, 1, 1, 1, 'Customer'),
(87, 'SupplierInfo', 1, 1, 1, 1, 'SupplierInfo'),
(88, 'BinCart', 1, 1, 1, 1, 'BinCart'),
(89, 'CRMInquiry', 1, 1, 1, 1, 'CRMInquiry'),
(90, 'CRMQuotation', 1, 1, 1, 1, 'CRMQuotation'),
(91, 'CRMQuotationStatus', 1, 1, 1, 1, 'CRMQuotationStatus'),
(92, 'CRMReason', 1, 1, 1, 1, 'CRMReason'),
(93, 'CRMQuotationform', 1, 1, 1, 1, 'CRMQuotationform'),
(94, 'CRMOrderdetail', 1, 1, 1, 1, 'CRMOrderdetail'),
(95, 'CRMMaterialdetail', 1, 1, 1, 1, 'CRMMaterialdetail'),
(96, 'CRMPrintingdetail', 1, 1, 1, 1, 'CRMPrintingdetail'),
(97, 'CRMDeliverydetail', 1, 1, 1, 1, 'CRMDeliverydetail'),
(98, 'CRMCompletedorder', 1, 1, 1, 1, 'CRMCompletedorder\r\n'),
(99, 'Machineallocation', 1, 1, 1, 1, 'Machineallocation');

-- --------------------------------------------------------

--
-- Table structure for table `porderpackratelist`
--

CREATE TABLE `porderpackratelist` (
  `porder_pdf_info_id` int(11) NOT NULL,
  `porder_pdf_list_id` int(11) NOT NULL,
  `item_seqno` int(11) NOT NULL,
  `seqno_grp` varchar(40) NOT NULL COMMENT 'md5-porder-pdf-list-id-with-seqfr-and-seqto-of-selected-group',
  `itempack_rate` int(11) NOT NULL,
  `created_by` varchar(20) NOT NULL,
  `created_at` datetime NOT NULL,
  `updated_by` varchar(20) DEFAULT NULL,
  `updated_at` datetime DEFAULT NULL
) ENGINE=InnoDB DEFAULT CHARSET=latin1 COMMENT='pdf-items-ratio-packing-groups';

-- --------------------------------------------------------

--
-- Table structure for table `prodorder_info`
--

CREATE TABLE `prodorder_info` (
  `pack_no` int(11) NOT NULL,
  `prodorder_id` int(11) NOT NULL COMMENT 'prodorder-id-of-prodorder-list',
  `spec_pack_no` varchar(50) NOT NULL COMMENT 'identify-different-collections-of-item-spec-and-individual-items',
  `salesorder_pack_no` int(11) NOT NULL COMMENT 'pack-no-of-salesorder-info',
  `mpsinfo_id` int(11) NOT NULL,
  `sabs_styleid` varchar(15) NOT NULL,
  `color_code` varchar(150) NOT NULL,
  `size_type` varchar(150) NOT NULL,
  `prod_qty` int(11) NOT NULL COMMENT 'amount-to-be-approved-for-production',
  `qryuser` varchar(20) NOT NULL,
  `qrytime` datetime NOT NULL,
  `qrycancel` tinyint(4) NOT NULL DEFAULT 0
) ENGINE=InnoDB DEFAULT CHARSET=latin1;

--
-- Dumping data for table `prodorder_info`
--

INSERT INTO `prodorder_info` (`pack_no`, `prodorder_id`, `spec_pack_no`, `salesorder_pack_no`, `mpsinfo_id`, `sabs_styleid`, `color_code`, `size_type`, `prod_qty`, `qryuser`, `qrytime`, `qrycancel`) VALUES
(418, 308, '9f390f27323ed1a24b91603d0b17e30a', 89, 3, 'T001', 'White', 'S', 200, 'admin', '2022-07-01 14:49:07', 0),
(419, 309, '79584da2986577c3d52a9345a660af22', 90, 5, 'T002', 'Blue', 'L', 165, 'admin', '2022-07-01 15:48:15', 0),
(420, 310, '5cd0884483be46433937fed2d287e4ec', 91, 6, 'T80/001', 'Blue', 'S', 500, 'admin', '2022-07-28 10:51:34', 0),
(421, 310, 'ffca4e39096e8b9b838398ff1f383a42', 92, 6, 'T80/002', 'Green', 'M', 2500, 'admin', '2022-07-28 10:52:11', 0),
(422, 311, '6ecbf20282a9dadc8a38a6e29a0c9b49', 93, 3, 'SAB002', 'White', 'S', 5000, 'admin', '2022-08-02 10:33:16', 0),
(423, 311, '13a8c2cf9ef9ed844484bb830cc06c00', 94, 3, 'SAB002', 'Brown', 'S', 2500, 'admin', '2022-08-02 10:33:16', 0),
(425, 312, '72a42c18ded85ba5d47e6573dcf0ec3d', 96, 3, 'SA001', 'Blue', 'S', 2500, 'admin', '2022-08-24 12:58:55', 0),
(426, 312, '203b25b4eef94420d6b5231e05094e86', 97, 3, 'SA001', 'Blue', 'M', 4500, 'admin', '2022-08-24 12:59:09', 0),
(427, 313, '3da3a104a823dada8ec3bcd391d1302c', 101, 3, 'S01S', 'Blue', 'S', 1000, 'admin', '2022-09-08 10:03:08', 0),
(428, 313, '597b9be5df6de667d705aa42fc4f567b', 102, 3, 'S01M', 'Blue', 'M', 1000, 'admin', '2022-09-08 10:03:08', 0),
(429, 313, 'a67cb5ae94c351fe2b3dc5671ac1104f', 103, 3, 'S02AB', 'Brown', 'S', 1000, 'admin', '2022-09-08 10:03:08', 0),
(430, 313, '1b4f615e63cad8075c14266029d2f694', 104, 3, 'S02AB', 'Brown', 'M', 1000, 'admin', '2022-09-08 10:03:08', 0),
(434, 314, '7b2df309353847defbb55dd062f86545', 105, 6, 'TT80BM', 'Blue', 'S', 1000, 'admin', '2022-09-13 16:15:29', 0),
(435, 314, '8b8a4314fb5ca2915ce4634541d15318', 106, 6, 'TT80BM', 'Blue', 'M', 750, 'admin', '2022-09-13 16:15:29', 0),
(437, 315, '5e18c00f64a051f6bb50c3fe50c4cc81', 107, 6, 'TT8015', 'Blue', 'S', 1000, 'admin', '2022-09-15 13:34:34', 0),
(438, 319, 'e1b8d433c0b41297b51f88f0214a31d5', 108, 6, 'SABS100', 'Blue', 'M', 1000, 'admin', '2022-09-15 17:09:38', 0),
(439, 319, '15cfefd3a5c31c71c1d5e663fa8fad2f', 109, 6, 'SABS100', 'Blue', 'S', 1500, 'admin', '2022-09-15 17:09:38', 0),
(440, 319, '8a1f7ea5f34681d18131a03596546cba', 110, 6, 'SABS100', 'Green', 'S', 12500, 'admin', '2022-09-15 17:09:38', 0),
(441, 319, 'b7f18bb23a7e8842883bbeb36b3f7062', 111, 6, 'SABS100', 'Red', 'S', 1000, 'admin', '2022-09-15 17:09:38', 0),
(442, 320, 'f0eea5c2727873b5d4ccf4692f51fc11', 112, 7, '11111', 'Blue', 'S', 250, 'admin', '2022-10-18 10:24:01', 0),
(443, 320, '7ad005a1d845cbb9acecdc94b0591eb0', 113, 7, '11111', 'Blue', 'L', 400, 'admin', '2022-10-18 10:24:01', 0),
(444, 320, '36df2736b2671cb1f67a6a04176f9ca7', 114, 7, '11111', 'Blue', 'XL', 600, 'admin', '2022-10-18 10:24:01', 0),
(445, 321, 'f07b1bed0eef7c375d9d4c00a5e6ada4', 115, 8, '12758', '001-BLACK BEAUTY', 'S', 70, 'admin', '2022-10-20 11:58:27', 0),
(446, 321, 'bccf7c97c7cb29e67be28f3a15b44ae6', 116, 8, '12758', '001-BLACK BEAUTY', 'M', 260, 'admin', '2022-10-20 11:58:27', 0),
(447, 321, 'fd3eeb539272d864d9dbacab93bb8e1e', 117, 8, '12758', '001-BLACK BEAUTY', 'L', 310, 'admin', '2022-10-20 11:58:27', 0),
(448, 321, '396b5438349d3475a7173d9ffed0ca82', 118, 8, '12758', '001-BLACK BEAUTY', 'XL', 250, 'admin', '2022-10-20 11:58:27', 0),
(449, 321, '61205c3b29af08cfdfd423db8c937a3f', 119, 8, '12758', '001-BLACK BEAUTY', '2XL', 90, 'admin', '2022-10-20 11:58:27', 0),
(450, 321, '3feb0f91eb42a0aee896508545b82921', 120, 8, '12758', '001-BLACK BEAUTY', '3XL', 20, 'admin', '2022-10-20 11:58:27', 0),
(451, 321, 'cdfddac10d864845c28856fa8a7e41a1', 121, 8, '12758', '041-GREY MELANGE', 'S', 56, 'admin', '2022-10-20 11:58:27', 0),
(452, 321, '67ecb77333dd387bf63b24754170fb2b', 122, 8, '12758', '041-GREY MELANGE', 'M', 208, 'admin', '2022-10-20 11:58:27', 0),
(453, 321, '69c2ed44c632261e3cba7e1453d669bb', 123, 8, '12758', '041-GREY MELANGE', 'L', 248, 'admin', '2022-10-20 11:58:27', 0),
(454, 321, '4427b678843155ecf0612770388f75a3', 124, 8, '12758', '041-GREY MELANGE', 'XL', 200, 'admin', '2022-10-20 11:58:27', 0),
(455, 321, '51e55d00e124687db01d81cca61774ad', 125, 8, '12758', '041-GREY MELANGE', '2XL', 72, 'admin', '2022-10-20 11:58:27', 0),
(456, 321, '6f17109fa630476ec5d20c93c912a8a2', 126, 8, '12758', '041-GREY MELANGE', '3XL', 16, 'admin', '2022-10-20 11:58:27', 0),
(457, 321, 'f3a0d9a619047d9978f9fe4992b00b30', 127, 8, '12758', '405-DARK SAPPHIRE', 'S', 70, 'admin', '2022-10-20 11:58:27', 0),
(458, 321, 'cd57eb04b752be08e1acdc5816a6cb82', 128, 8, '12758', '405-DARK SAPPHIRE', 'M', 260, 'admin', '2022-10-20 11:58:27', 0),
(459, 321, '2867c0aa9939d2d3d2d6e2b190b30dc3', 129, 8, '12758', '405-DARK SAPPHIRE', 'L', 310, 'admin', '2022-10-20 11:58:27', 0),
(460, 321, '1a7b8f198986801154e49eaaca0af5fe', 130, 8, '12758', '405-DARK SAPPHIRE', 'XL', 250, 'admin', '2022-10-20 11:58:27', 0),
(461, 321, '2cff2b1ee6a6dd06a1bf00e03dee4f2c', 131, 8, '12758', '405-DARK SAPPHIRE', '2XL', 90, 'admin', '2022-10-20 11:58:27', 0),
(462, 321, '913f838fe64e0f6051fff01fecbea3db', 132, 8, '12758', '405-DARK SAPPHIRE', '3XL', 20, 'admin', '2022-10-20 11:58:27', 0),
(476, 322, '6dc9ac0abb2b8ebe14ffbe11e1c384da', 142, 10, '12964', 'Navy', 'S', 34, 'admin', '2023-01-25 15:31:28', 0),
(477, 322, '6916b9b8951a7dfbfc9396c1a8dce6fb', 143, 10, '12964', 'Navy', 'M', 169, 'admin', '2023-01-25 15:31:28', 0),
(478, 322, '229c342cd9431add042b527a81a6c315', 144, 10, '12964', 'Navy', 'L', 263, 'admin', '2023-01-25 15:31:28', 0),
(479, 322, 'd70ceec676752e39823db33b3236768f', 145, 10, '12964', 'Navy', 'XL', 245, 'admin', '2023-01-25 15:31:28', 0),
(480, 322, '425ff0c2de2a13dcad754a453090276a', 146, 10, '12964', 'Navy', '2XL', 157, 'admin', '2023-01-25 15:31:28', 0),
(481, 322, '9f9b3ae50c5a44d55cc2217fdbb1546b', 147, 10, '12964', 'Navy', '3XL', 32, 'admin', '2023-01-25 15:31:28', 0),
(484, 324, '188c54237a75f352e27590222a96065b', 148, 11, '12345', 'Black', 'S', 100, 'admin', '2023-01-26 12:13:23', 0),
(485, 324, '50e41a4c481b64d30b8fbf2e4f78ef8a', 149, 11, '12345', 'Black', 'M', 200, 'admin', '2023-01-26 12:13:23', 0),
(486, 324, '10d4d7b08285facf434f133faad4b562', 150, 11, '12345', 'Black', 'L', 300, 'admin', '2023-01-26 12:13:23', 0),
(487, 324, '8c1ccdf3e368b2fe83ec7ac1e9e02b16', 151, 11, '12345', 'Black', 'XL', 400, 'admin', '2023-01-26 12:13:23', 0),
(488, 324, '13b1773bbaa4182fcddae2f9e9b9902a', 152, 11, '12345', 'Black', '2XL', 500, 'admin', '2023-01-26 12:13:23', 0),
(489, 324, 'f54b2fdc247570b4361d4400ad537901', 153, 11, '12345', 'Black', '3XL', 600, 'admin', '2023-01-26 12:13:23', 0),
(490, 324, 'eeb83681033b98dbbf2d18063f77409d', 154, 11, '12345', 'MID NIGHT', 'S', 100, 'admin', '2023-01-26 12:13:23', 0),
(491, 324, 'b5f8e6e6db2cabec594f873e853230b4', 155, 11, '12345', 'MID NIGHT', 'M', 200, 'admin', '2023-01-26 12:13:23', 0),
(492, 324, '6232ae16db6edebadd7e007119aa16b8', 156, 11, '12345', 'MID NIGHT', 'L', 300, 'admin', '2023-01-26 12:13:23', 0),
(493, 324, '11e6b9da6df3457dd49705244f137df9', 157, 11, '12345', 'MID NIGHT', 'XL', 400, 'admin', '2023-01-26 12:13:23', 0),
(494, 324, 'f498bfaf35c1365a75016bbac0350adc', 158, 11, '12345', 'MID NIGHT', '2XL', 500, 'admin', '2023-01-26 12:13:23', 0),
(495, 324, 'b05f5c8667b68730d4161033e920ecf2', 159, 11, '12345', 'MID NIGHT', '3XL', 600, 'admin', '2023-01-26 12:13:23', 0),
(499, 325, '198535d85c603f0c5b68e837e872a64e', 160, 12, 'ST)te001', 'Blue', 'S', 1000, 'admin', '2023-06-16 15:56:39', 0),
(500, 325, '21cc2e45e6f4f8a8249b3816feb7185a', 161, 12, 'ST)te001', 'Blue', 'M', 1000, 'admin', '2023-06-16 15:56:39', 0),
(501, 325, '2db1e78beca1acdf2e4e1801c8308a19', 162, 12, 'ST)te001', 'Green', 'M', 1000, 'admin', '2023-06-16 15:56:39', 0),
(502, 325, '21babc534c9a50bc944877cfc381ea69', 163, 12, 'ST)te001', 'Red', '2XL', 500, 'admin', '2023-06-16 15:56:39', 0),
(503, 329, '7ccf2f19b48d0cbc4e2a730252e805af', 167, 16, 'S00000096001', 'Bliss Black', 'S', 72, 'admin', '2024-09-03 13:24:37', 0),
(504, 329, 'a728481a4c00a8e9e7e5201b57854f3f', 168, 16, 'S00000096001', 'Bliss Black', 'M', 286, 'admin', '2024-09-03 13:24:37', 0),
(505, 329, '8e751bca07a828a5ff84f693bb60524b', 169, 16, 'S00000096001', 'Bliss Black', 'L', 412, 'admin', '2024-09-03 13:24:37', 0),
(506, 330, 'c4def9f72605f2c285eafd938585f431', 170, 12, 'S00000097001', 'Green', 'L', 100, 'admin', '2024-09-04 11:13:31', 0),
(507, 330, '6e7e341179e7073ab4dc0ed11026767a', 171, 5, 'S00000097002', 'Blue', 'M', 100, 'admin', '2024-09-04 11:13:31', 0),
(508, 331, 'a15826e63e8fe40e67329573df0aa132', 174, 11, 'S00000100001', 'Blue', 'M', 30, 'admin', '2024-09-05 10:03:21', 0),
(509, 331, 'fa859c76f50e2eb4523813a89cbc6912', 175, 7, 'S00000100002', 'Green', 'S', 15, 'admin', '2024-09-05 10:03:21', 0),
(510, 332, 'bd43f62410462cf0a96c0a76c994724b', 179, 18, 'S00000101001', 'Navy Blue', 'M', 1000, 'admin', '2024-11-28 11:52:16', 0),
(511, 332, 'e1bd0086a94427a06d6e92c1526d9bb3', 180, 18, 'S00000101001', 'Navy Blue', 'L', 750, 'admin', '2024-11-28 11:52:16', 0);

-- --------------------------------------------------------

--
-- Table structure for table `prodorder_list`
--

CREATE TABLE `prodorder_list` (
  `prodorder_id` int(11) NOT NULL,
  `prodorder_ref` varchar(50) NOT NULL,
  `prodorder_date` date NOT NULL,
  `prodorder_remarks` varchar(50) NOT NULL,
  `salesorder_id` int(11) NOT NULL COMMENT 'salesorder-id-of-salesorder-list',
  `br_code` varchar(10) NOT NULL COMMENT 'mbranchlist-br-code',
  `proddispatch_date` date NOT NULL COMMENT 'planned-production-dispatch-date',
  `prepare_by` varchar(20) NOT NULL,
  `prep_time` datetime NOT NULL,
  `qryapproved` tinyint(4) NOT NULL DEFAULT 0,
  `approve_by` varchar(20) DEFAULT NULL,
  `approve_on` datetime DEFAULT NULL,
  `qryfinalized` tinyint(4) NOT NULL DEFAULT 0,
  `finalize_by` varchar(20) DEFAULT NULL,
  `finalize_time` datetime DEFAULT NULL
) ENGINE=InnoDB DEFAULT CHARSET=latin1;

--
-- Dumping data for table `prodorder_list`
--

INSERT INTO `prodorder_list` (`prodorder_id`, `prodorder_ref`, `prodorder_date`, `prodorder_remarks`, `salesorder_id`, `br_code`, `proddispatch_date`, `prepare_by`, `prep_time`, `qryapproved`, `approve_by`, `approve_on`, `qryfinalized`, `finalize_by`, `finalize_time`) VALUES
(308, 'TE01', '2022-06-22', 'test', 75, 'D-247', '2022-07-12', 'admin', '2022-07-01 14:49:07', 1, 'admin', '2022-07-01 15:12:56', 0, NULL, NULL),
(309, 'TE02', '2022-06-17', 'test', 76, 'D-247', '2022-06-30', 'admin', '2022-07-01 15:48:15', 1, 'admin', '2022-08-13 14:45:46', 0, NULL, NULL),
(310, 'G001', '2022-07-28', 'TES PRODUCTOIN', 77, 'AB', '2022-07-28', 'admin', '2022-07-28 10:51:34', 1, 'admin', '2022-07-28 10:52:23', 0, NULL, NULL),
(311, 'SABp002', '2022-08-02', 'TEST', 78, 'D-247', '2022-10-02', 'admin', '2022-08-02 10:33:16', 1, 'admin', '2022-08-13 14:46:08', 0, NULL, NULL),
(312, '66223551', '2022-08-24', 'TEST', 80, 'D-247', '2022-08-31', 'admin', '2022-08-24 12:58:55', 1, 'admin', '2022-08-24 12:59:16', 0, NULL, NULL),
(313, 'AB-S010809', '2022-09-08', 'Test production', 82, 'AB', '2022-09-20', 'admin', '2022-09-08 10:03:08', 1, 'admin', '2022-09-08 10:03:58', 0, NULL, NULL),
(314, 'TT80BM', '2022-09-13', 'Test', 83, 'AB', '2022-09-23', 'admin', '2022-09-13 16:15:29', 0, NULL, NULL, 0, NULL, NULL),
(315, 'ABTT8015', '2022-09-16', 'Test-15', 84, 'AB', '2022-09-23', 'admin', '2022-09-15 13:34:34', 1, 'admin', '2022-09-15 13:37:01', 0, NULL, NULL),
(319, '12345', '2022-09-15', 'xxx', 85, 'D-247', '2022-09-15', 'admin', '2022-09-15 17:09:38', 1, 'admin', '2022-09-15 17:10:14', 0, NULL, NULL),
(320, 'PO111', '2022-10-18', 'qwe', 86, 'D-247', '2022-10-24', 'admin', '2022-10-18 10:24:01', 1, 'admin', '2022-10-18 10:25:44', 0, NULL, NULL),
(321, '12578', '2022-10-20', 'test', 87, 'D-247', '2022-12-20', 'admin', '2022-10-20 11:58:27', 1, 'admin', '2022-10-20 11:58:33', 0, NULL, NULL),
(322, 'O-12964', '2023-02-01', 'ABSCC', 91, 'D-247', '2023-02-10', 'admin', '2023-01-25 15:31:28', 1, 'admin', '2023-01-25 15:31:47', 0, NULL, NULL),
(324, '1234567', '2023-01-26', 'jhsdcvasm', 92, 'D-247', '2023-04-03', 'admin', '2023-01-26 12:13:23', 1, 'admin', '2023-01-26 12:13:42', 0, NULL, NULL),
(325, 'PO-001_test', '2023-06-16', 'zzzz', 93, 'D-247', '2023-06-16', 'admin', '2023-06-16 15:56:39', 1, 'admin', '2023-06-16 15:56:45', 0, NULL, NULL),
(328, 'PO002', '2023-06-23', 'ref', 94, 'D-247', '2023-06-23', 'admin', '2023-06-23 12:13:02', 1, 'admin', '2023-06-23 12:13:07', 0, NULL, NULL),
(329, '20240903', '2024-09-02', '', 96, 'D-247', '2024-09-20', 'admin', '2024-09-03 13:24:37', 1, 'admin', '2024-09-03 13:24:37', 0, NULL, NULL),
(330, 'rajapaksha', '2024-09-04', '', 97, 'D-247', '2024-09-10', 'admin', '2024-09-04 11:13:31', 1, 'admin', '2024-09-04 11:13:31', 0, NULL, NULL),
(331, '246810', '2024-09-04', '', 100, 'AB', '2024-09-05', 'admin', '2024-09-05 10:03:21', 1, 'admin', '2024-09-05 10:03:21', 0, NULL, NULL),
(332, 'O281124', '2024-11-28', '', 101, 'D-247', '2024-12-10', 'admin', '2024-11-28 11:52:16', 1, 'admin', '2024-11-28 11:52:16', 0, NULL, NULL);

-- --------------------------------------------------------

--
-- Table structure for table `purchaseorder_info`
--

CREATE TABLE `purchaseorder_info` (
  `pack_no` int(11) NOT NULL,
  `purchaseorder_id` int(11) NOT NULL,
  `itemno` int(11) NOT NULL,
  `item_purchase_price` double(10,4) NOT NULL,
  `stock_purchase_estimate_rev` double(10,3) NOT NULL COMMENT 'mrmitem-stock-purchase-estimate-review-qty',
  `order_qty` double(10,3) NOT NULL,
  `order_color` varchar(30) NOT NULL,
  `spec_notes` varchar(100) NOT NULL,
  `qryuser` varchar(20) NOT NULL,
  `qrytime` datetime NOT NULL,
  `qrycancel` tinyint(4) NOT NULL DEFAULT 0
) ENGINE=InnoDB DEFAULT CHARSET=latin1;

-- --------------------------------------------------------

--
-- Table structure for table `purchaseorder_list`
--

CREATE TABLE `purchaseorder_list` (
  `purchaseorder_id` int(11) NOT NULL,
  `purchaseorder_ref` varchar(100) NOT NULL,
  `order_place_date` date NOT NULL,
  `supplierno` int(11) NOT NULL,
  `prepare_by` varchar(20) NOT NULL,
  `prep_time` datetime NOT NULL,
  `qryapproved` tinyint(4) NOT NULL DEFAULT 0,
  `approve_by` varchar(20) DEFAULT NULL,
  `approve_on` datetime DEFAULT NULL,
  `qryclosed` tinyint(4) NOT NULL DEFAULT 0 COMMENT 'close-order-before-approval-or-at-the-end-of-total-goods-receive'
) ENGINE=InnoDB DEFAULT CHARSET=latin1;

-- --------------------------------------------------------

--
-- Table structure for table `purchasereturn_info`
--

CREATE TABLE `purchasereturn_info` (
  `pack_no` int(11) NOT NULL,
  `purchasereturn_id` int(11) NOT NULL,
  `itemno` int(11) NOT NULL,
  `item_return_price` double(10,4) NOT NULL,
  `item_location_id` int(11) DEFAULT NULL,
  `return_qty` double(10,3) NOT NULL,
  `spec_notes` varchar(100) NOT NULL,
  `qryuser` varchar(20) NOT NULL,
  `qrytime` datetime NOT NULL,
  `qrycancel` tinyint(4) NOT NULL DEFAULT 0
) ENGINE=InnoDB DEFAULT CHARSET=latin1;

-- --------------------------------------------------------

--
-- Table structure for table `purchasereturn_list`
--

CREATE TABLE `purchasereturn_list` (
  `purchasereturn_id` int(11) NOT NULL,
  `purchasereturn_ref` varchar(100) NOT NULL,
  `return_date` date NOT NULL,
  `supplierno` int(11) NOT NULL,
  `prepare_by` varchar(20) NOT NULL,
  `prep_time` datetime NOT NULL,
  `qryapproved` tinyint(4) NOT NULL DEFAULT 0,
  `qryclosed` tinyint(4) NOT NULL DEFAULT 0
) ENGINE=InnoDB DEFAULT CHARSET=latin1;

-- --------------------------------------------------------

--
-- Table structure for table `ref_no_profile`
--

CREATE TABLE `ref_no_profile` (
  `uiid` smallint(6) NOT NULL COMMENT 'muis-uiid',
  `ref_no` int(11) NOT NULL,
  `pre_ref` varchar(2) DEFAULT NULL COMMENT 'prefix-of-generated-code',
  `suf_ref` varchar(3) DEFAULT NULL COMMENT 'suffix-of-generated-code',
  `acq_locked` varchar(1) NOT NULL DEFAULT '0' COMMENT 'digit-one-locked, zero-to-be-locked-by-a-numbering-process'
) ENGINE=InnoDB DEFAULT CHARSET=latin1;

-- --------------------------------------------------------

--
-- Table structure for table `return_to_supplier`
--

CREATE TABLE `return_to_supplier` (
  `id` int(11) NOT NULL,
  `header_id` int(11) DEFAULT NULL,
  `spare_part_id` int(11) DEFAULT NULL,
  `qty` int(11) NOT NULL,
  `created_by` int(11) DEFAULT NULL,
  `created_at` timestamp NULL DEFAULT NULL,
  `is_deleted` int(11) NOT NULL DEFAULT 0,
  `deleted_by` int(11) DEFAULT NULL,
  `deleted_at` timestamp NULL DEFAULT NULL,
  `updated_at` timestamp NULL DEFAULT NULL,
  `updated_by` int(11) DEFAULT NULL
) ENGINE=MyISAM DEFAULT CHARSET=latin1;

--
-- Dumping data for table `return_to_supplier`
--

INSERT INTO `return_to_supplier` (`id`, `header_id`, `spare_part_id`, `qty`, `created_by`, `created_at`, `is_deleted`, `deleted_by`, `deleted_at`, `updated_at`, `updated_by`) VALUES
(6, 1, 2, 3, NULL, NULL, 0, NULL, NULL, NULL, NULL),
(5, 1, 1, 1, NULL, NULL, 0, NULL, NULL, NULL, NULL),
(7, 1, 3, 3, NULL, NULL, 0, NULL, NULL, NULL, NULL),
(8, 2, 1, 3, NULL, NULL, 0, NULL, NULL, NULL, NULL),
(9, 3, 1, 2, NULL, NULL, 0, NULL, NULL, NULL, NULL);

-- --------------------------------------------------------

--
-- Table structure for table `return_to_supplier_header`
--

CREATE TABLE `return_to_supplier_header` (
  `id` int(11) NOT NULL,
  `supplier_id` int(11) DEFAULT NULL,
  `date` date DEFAULT NULL,
  `remarks` text DEFAULT NULL,
  `created_by` int(11) DEFAULT NULL,
  `created_at` timestamp NULL DEFAULT NULL,
  `is_deleted` int(11) NOT NULL DEFAULT 0,
  `deleted_by` int(11) DEFAULT NULL,
  `deleted_at` timestamp NULL DEFAULT NULL,
  `updated_at` timestamp NULL DEFAULT NULL,
  `updated_by` int(11) DEFAULT NULL,
  `is_approved` int(11) NOT NULL DEFAULT 0,
  `approved_at` timestamp NULL DEFAULT NULL,
  `approved_by` int(11) DEFAULT NULL
) ENGINE=MyISAM DEFAULT CHARSET=latin1;

--
-- Dumping data for table `return_to_supplier_header`
--

INSERT INTO `return_to_supplier_header` (`id`, `supplier_id`, `date`, `remarks`, `created_by`, `created_at`, `is_deleted`, `deleted_by`, `deleted_at`, `updated_at`, `updated_by`, `is_approved`, `approved_at`, `approved_by`) VALUES
(1, 3, '2023-03-18', 'sxs', 1, '2023-03-18 09:45:32', 1, 1, '2025-02-13 05:54:01', '2023-03-21 06:45:41', 1, 1, '2023-04-24 09:49:50', 1),
(2, 3, '2023-04-24', 't', 1, '2023-04-24 09:49:41', 1, 1, '2025-02-13 02:15:51', NULL, NULL, 1, '2025-01-23 00:06:51', 1),
(3, 1, '2025-02-14', '', 1, '2025-02-14 00:08:41', 0, NULL, NULL, NULL, NULL, 1, '2025-02-14 00:08:51', 1);

-- --------------------------------------------------------

--
-- Table structure for table `rm_item_location`
--

CREATE TABLE `rm_item_location` (
  `item_location_id` int(11) NOT NULL,
  `item_location_code` varchar(20) NOT NULL,
  `spec_name` varchar(50) NOT NULL,
  `itemno` int(11) NOT NULL,
  `br_code` varchar(10) NOT NULL,
  `item_location_available_stock` double(10,3) NOT NULL DEFAULT 0.000,
  `qrytime` timestamp NOT NULL DEFAULT current_timestamp() ON UPDATE current_timestamp(),
  `qrycancel` tinyint(4) NOT NULL DEFAULT 0
) ENGINE=InnoDB DEFAULT CHARSET=latin1;

-- --------------------------------------------------------

--
-- Table structure for table `rm_item_supplier`
--

CREATE TABLE `rm_item_supplier` (
  `itemno` int(11) NOT NULL COMMENT 'mrmitem-itemno',
  `supplierno` int(11) NOT NULL COMMENT 'mrmsupplier-supplierno',
  `rm_price_supplier_id` int(11) NOT NULL DEFAULT 0,
  `price` decimal(10,2) NOT NULL DEFAULT 0.00,
  `item_revprice` double(10,4) NOT NULL DEFAULT 0.0000,
  `rev_pending` tinyint(4) NOT NULL DEFAULT 0,
  `item_moqty` int(11) NOT NULL COMMENT 'item-min-order-qty',
  `item_leadtime` int(11) NOT NULL COMMENT 'lead-time-in-num-of-days',
  `Pieces_of_cartoon` varchar(255) NOT NULL DEFAULT '0',
  `qrycancel` tinyint(4) NOT NULL DEFAULT 0,
  `updated_by` varchar(20) DEFAULT NULL,
  `updated_at` datetime DEFAULT NULL
) ENGINE=InnoDB DEFAULT CHARSET=latin1;

--
-- Dumping data for table `rm_item_supplier`
--

INSERT INTO `rm_item_supplier` (`itemno`, `supplierno`, `rm_price_supplier_id`, `price`, `item_revprice`, `rev_pending`, `item_moqty`, `item_leadtime`, `Pieces_of_cartoon`, `qrycancel`, `updated_by`, `updated_at`) VALUES
(1, 1, 30, '500.00', 0.0000, 0, 100, 20, '12', 0, 'admin', '2024-09-10 13:45:55'),
(4, 5, 14, '500.00', 0.0000, 0, 100, 20, '12', 0, 'admin', '2024-09-10 13:36:36'),
(5, 5, 29, '500.00', 0.0000, 0, 100, 20, '12', 0, 'admin', '2024-09-10 13:40:38'),
(6, 1, 7, '1.20', 0.0000, 0, 100, 3, '10', 0, 'admin', '2024-08-09 17:02:40'),
(7, 1, 13, '500.00', 0.0000, 0, 100, 20, '12', 0, 'admin', '2024-09-10 13:35:32'),
(8, 4, 10, '1.04', 0.0000, 0, 100, 5, '1', 0, 'admin', '2024-09-03 12:44:43'),
(9, 4, 8, '1.20', 0.0000, 0, 100, 5, '1', 0, 'admin', '2024-09-03 12:44:09'),
(10, 3, 18, '500.00', 0.0000, 0, 100, 20, '12', 0, 'admin', '2024-09-10 13:39:17'),
(10, 4, 20, '500.00', 0.0000, 0, 100, 20, '12', 0, 'admin', '2024-09-10 13:39:33'),
(10, 5, 22, '500.00', 0.0000, 0, 100, 20, '12', 0, 'admin', '2024-09-10 13:39:49'),
(11, 1, 15, '500.00', 0.0000, 0, 100, 20, '12', 0, 'admin', '2024-09-10 13:37:41'),
(11, 2, 16, '500.00', 0.0000, 0, 100, 20, '12', 0, 'admin', '2024-09-10 13:37:56'),
(12, 5, 11, '500.00', 0.0000, 0, 100, 20, '12', 0, 'admin', '2024-09-04 11:08:52'),
(13, 1, 31, '1.20', 0.0000, 0, 100, 5, '1', 0, 'admin', '2024-11-28 11:33:35'),
(14, 4, 33, '1.40', 0.0000, 0, 100, 5, '1', 0, 'admin', '2024-11-28 11:42:59');

-- --------------------------------------------------------

--
-- Table structure for table `rm_price_supplier`
--

CREATE TABLE `rm_price_supplier` (
  `id` int(11) NOT NULL,
  `itemno` int(11) NOT NULL,
  `supplierno` int(11) NOT NULL,
  `item_supprice` double(10,4) NOT NULL,
  `price_approved` tinyint(4) NOT NULL DEFAULT 1 COMMENT 'set-as-0-on-supplier-insert-and-updated',
  `created_by` varchar(20) DEFAULT NULL,
  `created_at` datetime DEFAULT NULL,
  `approved_by` varchar(20) DEFAULT NULL,
  `approved_at` datetime DEFAULT NULL
) ENGINE=InnoDB DEFAULT CHARSET=latin1;

--
-- Dumping data for table `rm_price_supplier`
--

INSERT INTO `rm_price_supplier` (`id`, `itemno`, `supplierno`, `item_supprice`, `price_approved`, `created_by`, `created_at`, `approved_by`, `approved_at`) VALUES
(7, 6, 1, 1.2000, 1, 'admin', '2024-08-09 17:02:40', NULL, NULL),
(8, 9, 4, 1.2000, 1, 'admin', '2024-09-03 12:44:09', NULL, NULL),
(9, 8, 4, 1.0400, 1, 'admin', '2024-09-03 12:44:43', NULL, NULL),
(10, 8, 4, 1.0400, 1, 'admin', '2024-09-03 12:44:43', NULL, NULL),
(11, 12, 5, 500.0000, 1, 'admin', '2024-09-04 11:08:52', NULL, NULL),
(12, 7, 1, 500.0000, 1, 'admin', '2024-09-10 13:35:32', NULL, NULL),
(13, 7, 1, 500.0000, 1, 'admin', '2024-09-10 13:35:32', NULL, NULL),
(14, 4, 5, 500.0000, 1, 'admin', '2024-09-10 13:36:36', NULL, NULL),
(15, 11, 1, 500.0000, 1, 'admin', '2024-09-10 13:37:41', NULL, NULL),
(16, 11, 2, 500.0000, 1, 'admin', '2024-09-10 13:37:56', NULL, NULL),
(17, 10, 3, 500.0000, 1, 'admin', '2024-09-10 13:39:17', NULL, NULL),
(18, 10, 3, 500.0000, 1, 'admin', '2024-09-10 13:39:17', NULL, NULL),
(19, 10, 4, 500.0000, 1, 'admin', '2024-09-10 13:39:33', NULL, NULL),
(20, 10, 4, 500.0000, 1, 'admin', '2024-09-10 13:39:33', NULL, NULL),
(21, 10, 5, 500.0000, 1, 'admin', '2024-09-10 13:39:49', NULL, NULL),
(22, 10, 5, 500.0000, 1, 'admin', '2024-09-10 13:39:49', NULL, NULL),
(23, 5, 5, 500.0000, 1, 'admin', '2024-09-10 13:40:38', NULL, NULL),
(24, 5, 5, 500.0000, 1, 'admin', '2024-09-10 13:40:38', NULL, NULL),
(25, 5, 5, 500.0000, 1, 'admin', '2024-09-10 13:40:38', NULL, NULL),
(26, 5, 5, 500.0000, 1, 'admin', '2024-09-10 13:40:38', NULL, NULL),
(27, 5, 5, 500.0000, 1, 'admin', '2024-09-10 13:40:38', NULL, NULL),
(28, 5, 5, 500.0000, 1, 'admin', '2024-09-10 13:40:38', NULL, NULL),
(29, 5, 5, 500.0000, 1, 'admin', '2024-09-10 13:40:38', NULL, NULL),
(30, 1, 1, 500.0000, 1, 'admin', '2024-09-10 13:45:55', NULL, NULL),
(31, 13, 1, 1.2000, 1, 'admin', '2024-11-28 11:33:35', NULL, NULL),
(32, 14, 4, 1.4000, 1, 'admin', '2024-11-28 11:42:59', NULL, NULL),
(33, 14, 4, 1.4000, 1, 'admin', '2024-11-28 11:42:59', NULL, NULL);

-- --------------------------------------------------------

--
-- Table structure for table `service_items`
--

CREATE TABLE `service_items` (
  `id` int(11) NOT NULL,
  `name` varchar(150) NOT NULL,
  `price` double(10,2) NOT NULL,
  `created_at` timestamp NOT NULL DEFAULT current_timestamp(),
  `updated_at` timestamp NULL DEFAULT NULL,
  `created_by` int(11) DEFAULT NULL,
  `updated_by` int(11) DEFAULT NULL,
  `is_deleted` int(11) NOT NULL DEFAULT 0,
  `deleted_at` timestamp NULL DEFAULT NULL,
  `deleted_by` int(11) DEFAULT NULL
) ENGINE=MyISAM DEFAULT CHARSET=latin1;

--
-- Dumping data for table `service_items`
--

INSERT INTO `service_items` (`id`, `name`, `price`, `created_at`, `updated_at`, `created_by`, `updated_by`, `is_deleted`, `deleted_at`, `deleted_by`) VALUES
(1, 'Needle Bar Bush', 1562.00, '2023-01-13 10:25:29', NULL, NULL, NULL, 0, NULL, NULL),
(2, 'Connecting Rods', 2653.00, '2023-01-13 10:25:29', NULL, NULL, NULL, 0, NULL, NULL),
(3, 'Looper Assembly', 8596.00, '2023-01-13 10:25:29', NULL, NULL, NULL, 0, NULL, NULL);

-- --------------------------------------------------------

--
-- Table structure for table `slots`
--

CREATE TABLE `slots` (
  `id` int(11) NOT NULL,
  `name` varchar(255) NOT NULL,
  `active` int(11) NOT NULL,
  `line` int(10) UNSIGNED NOT NULL
) ENGINE=InnoDB DEFAULT CHARSET=utf8;

--
-- Dumping data for table `slots`
--

INSERT INTO `slots` (`id`, `name`, `active`, `line`) VALUES
(1, 'L1Slot1', 1, 1),
(2, 'L1Slot2', 1, 1);

-- --------------------------------------------------------

--
-- Table structure for table `spare_parts`
--

CREATE TABLE `spare_parts` (
  `id` int(11) NOT NULL,
  `name` varchar(255) NOT NULL,
  `model` int(11) DEFAULT NULL,
  `type` int(11) DEFAULT NULL,
  `supplier_id` int(11) DEFAULT NULL,
  `part_no` varchar(150) DEFAULT NULL,
  `rack_no` varchar(150) DEFAULT NULL,
  `unit_price` double(10,2) DEFAULT NULL,
  `active` int(11) NOT NULL,
  `is_deleted` int(11) NOT NULL DEFAULT 0,
  `deleted_at` timestamp NULL DEFAULT NULL,
  `deleted_by` int(11) DEFAULT NULL,
  `created_at` timestamp NULL DEFAULT NULL,
  `created_by` int(11) DEFAULT NULL,
  `updated_at` timestamp NULL DEFAULT NULL,
  `updated_by` int(11) DEFAULT NULL
) ENGINE=InnoDB DEFAULT CHARSET=utf8;

--
-- Dumping data for table `spare_parts`
--

INSERT INTO `spare_parts` (`id`, `name`, `model`, `type`, `supplier_id`, `part_no`, `rack_no`, `unit_price`, `active`, `is_deleted`, `deleted_at`, `deleted_by`, `created_at`, `created_by`, `updated_at`, `updated_by`) VALUES
(1, 'qqqqq', 1, 1, NULL, '123', '12', 111.00, 1, 1, '2025-03-20 00:00:09', 1, NULL, NULL, NULL, NULL),
(2, 'wwww', 1, 3, NULL, 'sp3', '4', 1500.00, 1, 1, '2025-03-20 01:54:07', 1, NULL, NULL, NULL, NULL),
(3, 'ssss', 1, 2, NULL, '876', '22', 123.00, 1, 1, '2025-03-19 23:59:59', 1, NULL, NULL, NULL, NULL),
(4, 'sp33', 3, 13, NULL, '1', '2', 1500.00, 1, 0, '2025-03-19 02:43:35', 1, NULL, NULL, NULL, NULL),
(5, 'www', 3, 13, NULL, '3', '4', 130.00, 1, 1, '2025-03-20 00:11:20', 1, NULL, NULL, NULL, NULL),
(6, 'sq3', 3, 13, NULL, '4', '2', 150.00, 1, 1, '2025-03-20 00:04:38', 1, NULL, NULL, NULL, NULL),
(7, 'ssss', 3, 13, NULL, '4', '3', 1200.00, 1, 1, '2025-03-20 02:06:14', 1, NULL, NULL, NULL, NULL),
(8, 'ddd', 3, 13, NULL, '3', '4', 2222.00, 1, 1, '2025-03-20 02:06:19', 1, NULL, NULL, NULL, NULL),
(9, 'rrrrr', 3, 13, NULL, '2', '3', 4.00, 2, 1, '2025-03-20 01:55:20', 1, NULL, NULL, NULL, NULL),
(10, '444', 3, 13, NULL, '4', '2', 6.00, 1, 0, NULL, NULL, NULL, NULL, NULL, NULL),
(11, '222', 3, 13, NULL, '3', '4', 2333.00, 2, 1, '2025-03-20 02:02:28', 1, NULL, NULL, NULL, NULL);

-- --------------------------------------------------------

--
-- Table structure for table `spare_part_suppliers`
--

CREATE TABLE `spare_part_suppliers` (
  `id` int(11) NOT NULL,
  `sp_id` int(11) DEFAULT NULL,
  `supplier_id` int(11) DEFAULT NULL
) ENGINE=InnoDB DEFAULT CHARSET=utf8;

--
-- Dumping data for table `spare_part_suppliers`
--

INSERT INTO `spare_part_suppliers` (`id`, `sp_id`, `supplier_id`) VALUES
(1, 0, 3),
(3, NULL, NULL),
(4, NULL, NULL),
(5, NULL, NULL),
(6, NULL, NULL),
(7, NULL, NULL),
(8, NULL, NULL),
(9, NULL, NULL),
(10, NULL, NULL),
(11, NULL, NULL),
(12, NULL, NULL),
(13, NULL, NULL),
(14, NULL, NULL),
(15, NULL, NULL),
(17, 7, 3),
(22, 6, 3),
(23, 1, 3),
(24, 2, 3),
(27, 9, 3),
(28, 1, 3),
(29, 2, 3),
(31, 3, 1),
(32, 3, 2),
(34, 5, 1),
(35, 5, 2),
(36, 6, 4),
(38, 7, 1),
(40, 8, 3),
(41, 8, 3),
(51, 4, 1),
(52, 9, 3),
(54, 10, 2),
(55, 11, 4);

-- --------------------------------------------------------

--
-- Table structure for table `stores`
--

CREATE TABLE `stores` (
  `id` int(11) NOT NULL,
  `name` varchar(255) NOT NULL,
  `active` int(11) NOT NULL
) ENGINE=InnoDB DEFAULT CHARSET=utf8;

-- --------------------------------------------------------

--
-- Table structure for table `supplier_logins`
--

CREATE TABLE `supplier_logins` (
  `id` int(11) NOT NULL,
  `name` varchar(150) NOT NULL,
  `email` varchar(150) NOT NULL,
  `password` varchar(255) NOT NULL,
  `supplierno` int(11) NOT NULL COMMENT 'mrmsupplier-supplierno'
) ENGINE=MyISAM DEFAULT CHARSET=latin1;

--
-- Dumping data for table `supplier_logins`
--

INSERT INTO `supplier_logins` (`id`, `name`, `email`, `password`, `supplierno`) VALUES
(1, 'Some User', 'admin@gmail.com', '21232f297a57a5a743894a0e4a801fc3', 1),
(4, 'Sam', 'dsl@yahoo.com', 'c4ca4238a0b923820dcc509a6f75849b', 1);

-- --------------------------------------------------------

--
-- Table structure for table `tbl_add_actual_values`
--

CREATE TABLE `tbl_add_actual_values` (
  `idtbl_add_actual_values` int(11) NOT NULL,
  `article` varchar(45) NOT NULL,
  `color_code` varchar(45) NOT NULL,
  `batch_no` varchar(45) NOT NULL,
  `roll_no_or_carton_no` int(11) NOT NULL,
  `width` double DEFAULT NULL COMMENT '1 - Pass | 0 - Fail',
  `weight` double DEFAULT NULL,
  `qty` double DEFAULT NULL,
  `comment` varchar(255) DEFAULT NULL,
  `status` int(11) NOT NULL,
  `insertdatetime` datetime NOT NULL,
  `insertuser` varchar(45) NOT NULL,
  `updatedatetime` datetime DEFAULT NULL,
  `updateuser` varchar(45) DEFAULT NULL,
  `mrmcategory_catcode` int(11) NOT NULL,
  `idtbl_packing_list_details` int(11) DEFAULT NULL,
  `tbl_packing_list_idtbl_packing_list` int(11) NOT NULL
) ENGINE=InnoDB DEFAULT CHARSET=utf8mb4;

-- --------------------------------------------------------

--
-- Table structure for table `tbl_admin_privileges`
--

CREATE TABLE `tbl_admin_privileges` (
  `module_id` int(11) NOT NULL,
  `module_name` varchar(200) DEFAULT NULL,
  `super_admin` varchar(5) DEFAULT NULL,
  `outlet_admin` varchar(5) DEFAULT NULL,
  `updated_on` datetime NOT NULL,
  `updated_by` int(11) NOT NULL
) ENGINE=InnoDB DEFAULT CHARSET=latin1;

--
-- Dumping data for table `tbl_admin_privileges`
--

INSERT INTO `tbl_admin_privileges` (`module_id`, `module_name`, `super_admin`, `outlet_admin`, `updated_on`, `updated_by`) VALUES
(1, 'Roll Numbering', '1', '1', '2021-07-09 09:59:34', 5),
(2, 'Markups', '1', '1', '2021-07-09 09:59:58', 5),
(3, 'Cut Job', '1', '1', '2020-08-11 22:51:51', 1),
(4, 'Locations', '1', '0', '2021-10-23 15:38:27', 1),
(5, 'Outlet Products', '1', '0', '2021-10-23 15:38:17', 1),
(6, 'Products', '1', '1', '2021-09-04 13:24:42', 1),
(7, 'Order Payments', '1', '1', '2021-09-22 11:57:02', 1),
(8, 'Coupons', '1', '1', '2021-11-18 01:50:32', 1),
(12, 'User Privileges', '1', '0', '2021-07-09 09:59:39', 5),
(13, 'User Module Privileges', '1', '0', '2021-07-09 09:59:38', 5),
(14, 'System Users', '1', '0', '2021-07-09 09:59:37', 5);

-- --------------------------------------------------------

--
-- Table structure for table `tbl_admin_user`
--

CREATE TABLE `tbl_admin_user` (
  `id` int(11) NOT NULL,
  `user_type_id` int(11) DEFAULT NULL,
  `location_id` varchar(11) DEFAULT NULL,
  `contact_name` varchar(255) DEFAULT NULL,
  `contact_number` varchar(15) DEFAULT NULL,
  `username` varchar(255) DEFAULT NULL,
  `password` varchar(255) DEFAULT NULL,
  `status` int(1) DEFAULT NULL COMMENT '1 - active, 2 - inactive, 3 - deleted',
  `updated_on` datetime DEFAULT NULL,
  `updated_by` int(11) DEFAULT NULL,
  `added_on` datetime DEFAULT NULL,
  `added_by` int(11) DEFAULT NULL
) ENGINE=InnoDB DEFAULT CHARSET=latin1;

--
-- Dumping data for table `tbl_admin_user`
--

INSERT INTO `tbl_admin_user` (`id`, `user_type_id`, `location_id`, `contact_name`, `contact_number`, `username`, `password`, `status`, `updated_on`, `updated_by`, `added_on`, `added_by`) VALUES
(1, 1, '1', 'Administrator', '0777123456', 'admin', 'admin', 1, '2021-07-07 13:33:31', 1, NULL, NULL),
(5, 2, NULL, 'Outlet Admin', '0777979679', 'outlet', 'outlet', 1, '2021-09-24 01:56:29', 1, '2021-07-08 06:50:15', 1);

-- --------------------------------------------------------

--
-- Table structure for table `tbl_admin_user_log`
--

CREATE TABLE `tbl_admin_user_log` (
  `id` int(11) NOT NULL,
  `browser` varchar(200) NOT NULL,
  `platform` varchar(200) NOT NULL,
  `logged_on` datetime NOT NULL,
  `user_id` int(11) NOT NULL,
  `user_ip` varchar(200) NOT NULL
) ENGINE=InnoDB DEFAULT CHARSET=latin1;

--
-- Dumping data for table `tbl_admin_user_log`
--

INSERT INTO `tbl_admin_user_log` (`id`, `browser`, `platform`, `logged_on`, `user_id`, `user_ip`) VALUES
(534, 'Firefox 101.0', 'Windows 7', '2022-06-25 09:53:22', 5, '175.157.40.57'),
(535, 'Firefox 101.0', 'Windows 7', '2022-06-25 09:53:43', 1, '175.157.40.57'),
(536, 'Chrome 103.0.0.0', 'Windows 7', '2022-06-27 06:47:58', 1, '113.59.214.153'),
(537, 'Chrome 102.0.0.0', 'Windows 10', '2022-06-27 07:32:26', 1, '212.104.236.57'),
(538, 'Firefox 101.0', 'Windows 7', '2022-06-27 07:45:55', 1, '113.59.214.153'),
(539, 'Chrome 103.0.0.0', 'Windows 7', '2022-07-25 11:00:55', 1, '172.70.92.143'),
(540, 'Chrome 103.0.0.0', 'Windows 7', '2022-08-05 04:26:48', 1, '172.70.147.109'),
(541, 'Chrome 104.0.0.0', 'Windows 7', '2022-08-10 12:50:35', 1, '172.70.147.99'),
(542, 'Chrome 104.0.0.0', 'Windows 7', '2022-08-13 09:13:16', 1, '162.158.162.195'),
(543, 'Firefox 103.0', 'Windows 7', '2022-08-14 05:26:26', 1, '172.69.163.135'),
(544, 'Chrome 104.0.0.0', 'Windows 7', '2022-08-14 05:31:21', 1, '172.69.163.131'),
(545, 'Chrome 104.0.0.0', 'Windows 7', '2022-08-14 06:10:22', 1, '172.69.163.135'),
(546, 'Chrome 104.0.0.0', 'Windows 7', '2022-08-14 06:48:12', 1, '172.69.163.135'),
(547, 'Chrome 104.0.0.0', 'Windows 7', '2022-08-14 06:57:07', 1, '172.69.163.131'),
(548, 'Chrome 104.0.0.0', 'Windows 7', '2022-08-15 03:08:37', 1, '162.158.170.79'),
(549, 'Chrome 104.0.0.0', 'Windows 7', '2022-08-15 05:32:33', 1, '172.70.147.109'),
(550, 'Chrome 104.0.0.0', 'Windows 7', '2022-08-16 12:09:47', 1, '172.69.163.135'),
(551, 'Firefox 103.0', 'Windows 7', '2022-08-22 04:44:56', 1, '172.69.163.135'),
(552, 'Chrome 104.0.0.0', 'Windows 10', '2022-08-22 08:02:09', 1, '172.70.143.120'),
(553, 'Chrome 104.0.0.0', 'Windows 7', '2022-08-22 08:39:29', 1, '172.70.188.33'),
(554, 'Chrome 104.0.0.0', 'Windows 10', '2022-08-22 09:16:07', 1, '162.158.162.23'),
(555, 'Chrome 104.0.0.0', 'Windows 7', '2022-08-24 08:26:31', 1, '162.158.163.186'),
(556, 'Firefox 104.0', 'Windows 7', '2022-09-09 03:49:39', 1, '172.70.188.43'),
(557, 'Firefox 104.0', 'Windows 7', '2022-09-14 07:44:25', 1, '162.158.170.117'),
(558, 'Chrome 105.0.0.0', 'Windows 7', '2022-09-15 11:41:28', 1, '172.70.143.120'),
(559, 'Chrome 105.0.0.0', 'Windows 7', '2022-09-15 11:44:06', 1, '172.70.143.120'),
(560, 'Chrome 105.0.0.0', 'Windows 7', '2022-09-15 16:50:34', 1, '172.70.189.58'),
(561, 'Chrome 105.0.0.0', 'Windows 10', '2022-09-15 16:50:38', 1, '172.69.163.131'),
(562, 'Chrome 105.0.0.0', 'Windows 7', '2022-09-16 05:06:47', 1, '172.70.92.143'),
(563, 'Firefox 105.0', 'Windows 7', '2022-09-26 04:21:13', 1, '172.70.189.92'),
(564, 'Chrome 106.0.0.0', 'Mac OS X', '2022-10-11 09:28:39', 1, '172.70.147.48'),
(565, 'Firefox 105.0', 'Windows 7', '2022-10-11 09:31:07', 1, '172.70.147.144'),
(566, 'Chrome 106.0.0.0', 'Windows 7', '2022-10-13 09:29:35', 1, '172.69.163.130'),
(567, 'Chrome 106.0.0.0', 'Windows 10', '2022-10-20 04:16:41', 1, '172.70.251.85'),
(568, 'Firefox 105.0', 'Windows 7', '2022-10-20 04:45:38', 1, '172.70.189.87'),
(569, 'Chrome 107.0.0.0', 'Windows 10', '2022-11-07 12:46:08', 1, '162.158.162.194'),
(570, 'Chrome 108.0.0.0', 'Windows 10', '2022-12-02 05:20:10', 1, '162.158.170.111'),
(571, 'Chrome 108.0.0.0', 'Windows 10', '2022-12-09 05:29:29', 1, '172.70.143.119'),
(572, 'Chrome 108.0.0.0', 'Windows 10', '2022-12-09 06:07:18', 1, '172.70.189.140'),
(573, 'Chrome 103.0.0.0', 'Android', '2022-12-15 23:18:50', 1, '172.70.143.86'),
(574, 'Chrome 108.0.0.0', 'Windows 10', '2022-12-17 09:52:59', 1, '172.70.147.144'),
(575, 'Chrome 108.0.0.0', 'Windows 10', '2022-12-18 14:44:28', 1, '172.68.91.135'),
(576, 'Chrome 108.0.0.0', 'Windows 10', '2022-12-23 13:46:16', 1, '172.70.142.195'),
(577, 'Chrome 108.0.0.0', 'Windows 10', '2022-12-29 05:04:29', 1, '172.69.163.140'),
(578, 'Chrome 108.0.0.0', 'Windows 10', '2022-12-30 09:01:43', 1, '172.70.147.48'),
(579, 'Firefox 108.0', 'Windows 7', '2023-01-03 04:30:11', 1, '172.70.188.89'),
(580, 'Chrome 108.0.0.0', 'Windows 10', '2023-01-03 08:37:19', 1, '162.158.163.202'),
(581, 'Chrome 108.0.0.0', 'Windows 7', '2023-01-03 11:11:36', 1, '172.70.142.195'),
(582, 'Firefox 108.0', 'Windows 7', '2023-01-05 03:57:38', 1, '172.70.143.86'),
(583, 'Firefox 108.0', 'Windows 7', '2023-01-05 05:30:35', 1, '172.70.189.90'),
(584, 'Firefox 108.0', 'Windows 7', '2023-01-05 10:05:47', 1, '172.70.142.194'),
(585, 'Firefox 108.0', 'Windows 7', '2023-01-09 11:08:53', 1, '172.70.147.190'),
(586, 'Firefox 108.0', 'Windows 7', '2023-01-12 10:30:25', 1, '172.70.147.49'),
(587, 'Firefox 108.0', 'Windows 7', '2023-01-14 04:48:06', 1, '172.70.92.145'),
(588, 'Firefox 108.0', 'Windows 7', '2023-01-15 15:19:53', 1, '172.69.163.140'),
(589, 'Chrome 109.0.0.0', 'Windows 10', '2023-01-16 08:43:29', 1, '172.70.188.9'),
(590, 'Chrome 109.0.0.0', 'Windows 10', '2023-01-17 06:43:13', 1, '162.158.163.184'),
(591, 'Chrome 109.0.0.0', 'Windows 10', '2023-01-18 09:42:06', 1, '172.70.189.36'),
(592, 'Chrome 109.0.0.0', 'Windows 10', '2023-01-18 12:12:51', 1, '172.70.147.101'),
(593, 'Firefox 108.0', 'Windows 7', '2023-01-20 21:28:20', 1, '172.69.163.141'),
(594, 'Chrome 109.0.0.0', 'Windows 10', '2023-01-21 05:20:42', 1, '172.70.142.158'),
(595, 'Chrome 109.0.0.0', 'Windows 10', '2023-01-21 10:00:42', 1, '172.70.92.144'),
(596, 'Chrome 109.0.0.0', 'Windows 10', '2023-01-23 03:39:02', 1, '172.70.147.100'),
(597, 'Chrome 109.0.0.0', 'Windows 7', '2023-01-23 03:42:58', 1, '162.158.170.129'),
(598, 'Chrome 109.0.0.0', 'Windows 7', '2023-01-23 04:31:33', 1, '162.158.162.253'),
(599, 'Chrome 109.0.0.0', 'Windows 7', '2023-01-23 06:33:00', 1, '172.70.189.90'),
(600, 'Firefox 108.0', 'Windows 7', '2023-01-24 07:25:24', 1, '172.70.143.156'),
(601, 'Chrome 109.0.0.0', 'Windows 10', '2023-01-24 09:13:47', 1, '162.158.170.110'),
(602, 'Safari 605.1.15', 'Mac OS X', '2023-01-25 07:26:58', 1, '162.158.86.7'),
(603, 'Safari 605.1.15', 'Mac OS X', '2023-01-25 10:03:29', 1, '172.70.251.151'),
(604, 'Firefox 108.0', 'Windows 7', '2023-01-25 10:03:42', 1, '172.70.142.169'),
(605, 'Firefox 108.0', 'Windows 7', '2023-01-25 10:50:39', 1, '172.70.143.155'),
(606, 'Chrome 109.0.0.0', 'Windows 10', '2023-01-25 13:29:32', 1, '172.70.188.9'),
(607, 'Safari 605.1.15', 'Mac OS X', '2023-01-26 06:44:32', 1, '162.158.86.148'),
(608, 'Chrome 109.0.0.0', 'Windows 10', '2023-01-26 06:44:34', 1, '172.69.163.131'),
(609, 'Firefox 108.0', 'Windows 7', '2023-01-26 08:35:44', 1, '172.70.143.155'),
(610, 'Safari 605.1.15', 'Mac OS X', '2023-01-26 10:10:22', 1, '172.70.242.85'),
(611, 'Firefox 108.0', 'Windows 7', '2023-01-26 12:09:42', 1, '172.70.92.144'),
(612, 'Safari 605.1.15', 'Mac OS X', '2023-01-27 07:14:35', 1, '162.158.87.33'),
(613, 'Chrome 109.0.0.0', 'Windows 10', '2023-01-27 13:01:10', 1, '172.70.92.144'),
(614, 'Safari 605.1.15', 'Mac OS X', '2023-01-28 04:22:31', 1, '172.70.251.151'),
(615, 'Chrome 109.0.0.0', 'Windows 10', '2023-01-28 05:27:05', 1, '172.70.147.111'),
(616, 'Firefox 108.0', 'Windows 7', '2023-01-28 07:16:24', 1, '162.158.170.117'),
(617, 'Chrome 109.0.0.0', 'Windows 10', '2023-01-28 07:37:11', 1, '172.70.143.28'),
(618, 'Chrome 109.0.0.0', 'Windows 10', '2023-01-28 10:00:46', 1, '172.70.188.61'),
(619, 'Firefox 108.0', 'Windows 7', '2023-01-29 10:08:02', 1, '172.69.163.135'),
(620, 'Safari 605.1.15', 'Mac OS X', '2023-01-30 08:46:40', 1, '172.70.242.85'),
(621, 'Safari 605.1.15', 'Mac OS X', '2023-01-31 11:08:47', 1, '172.70.246.27'),
(622, 'Firefox 108.0', 'Windows 7', '2023-01-31 11:40:29', 1, '162.158.162.99'),
(623, 'Firefox 108.0', 'Windows 7', '2023-02-01 11:46:32', 1, '172.69.163.130'),
(624, 'Chrome 109.0.0.0', 'Windows 10', '2023-02-02 12:53:56', 1, '162.158.163.210'),
(625, 'Firefox 109.0', 'Windows 7', '2023-02-02 14:09:01', 1, '172.70.147.110'),
(626, 'Safari 605.1.15', 'Mac OS X', '2023-02-03 03:51:39', 1, '172.70.242.198'),
(627, 'Safari 605.1.15', 'Mac OS X', '2023-02-03 04:07:40', 1, '172.71.250.138'),
(628, 'Chrome 109.0.0.0', 'Windows 10', '2023-02-03 04:41:28', 1, '172.70.142.168'),
(629, 'Firefox 109.0', 'Windows 7', '2023-02-03 06:08:17', 1, '172.70.189.132'),
(630, 'Firefox 109.0', 'Windows 7', '2023-02-03 11:52:08', 1, '172.70.142.168'),
(631, 'Safari 605.1.15', 'Mac OS X', '2023-02-04 09:10:36', 1, '172.70.250.201'),
(632, 'Safari 605.1.15', 'Mac OS X', '2023-02-06 07:06:38', 1, '172.71.246.89'),
(633, 'Safari 605.1.15', 'Mac OS X', '2023-02-08 11:17:44', 1, '172.70.242.7'),
(634, 'Safari 605.1.15', 'Mac OS X', '2023-02-09 06:55:49', 1, '172.70.251.151'),
(635, 'Safari 605.1.15', 'Mac OS X', '2023-02-09 12:40:18', 1, '172.71.246.64'),
(636, 'Firefox 109.0', 'Windows 7', '2023-02-09 13:51:41', 1, '172.69.163.130'),
(637, 'Safari 605.1.15', 'Mac OS X', '2023-02-10 11:56:49', 1, '162.158.94.198'),
(638, 'Firefox 109.0', 'Windows 7', '2023-02-10 21:53:49', 1, '172.69.163.131'),
(639, 'Safari 605.1.15', 'Mac OS X', '2023-02-11 09:09:29', 1, '172.71.246.103'),
(640, 'Chrome 110.0.0.0', 'Windows 10', '2023-02-11 10:00:56', 1, '172.68.91.144'),
(641, 'Safari 605.1.15', 'Mac OS X', '2023-02-13 04:27:17', 1, '162.158.94.198'),
(642, 'Safari 605.1.15', 'Mac OS X', '2023-02-13 10:05:43', 1, '172.70.242.254'),
(643, 'Safari 605.1.15', 'Mac OS X', '2023-02-14 08:02:03', 1, '162.158.94.7'),
(644, 'Safari 605.1.15', 'Mac OS X', '2023-02-16 05:01:04', 1, '172.70.243.2'),
(645, 'Firefox 109.0', 'Windows 7', '2023-02-16 05:55:04', 1, '162.158.170.128'),
(646, 'Chrome 110.0.0.0', 'Windows 10', '2023-02-16 07:22:44', 1, '172.70.147.128'),
(647, 'Firefox 109.0', 'Windows 7', '2023-02-17 11:52:49', 1, '172.70.147.110'),
(648, 'Chrome 110.0.0.0', 'Windows 10', '2023-02-17 12:13:20', 1, '172.70.142.159'),
(649, 'Safari 605.1.15', 'Mac OS X', '2023-02-18 07:18:12', 1, '172.70.246.27'),
(650, 'Safari 605.1.15', 'Mac OS X', '2023-02-20 04:25:59', 1, '172.71.250.138'),
(651, 'Firefox 109.0', 'Windows 7', '2023-02-20 06:53:25', 1, '172.70.188.58'),
(652, 'Firefox 109.0', 'Windows 7', '2023-02-23 13:45:28', 1, '162.158.170.128'),
(653, 'Firefox 109.0', 'Windows 7', '2023-02-24 12:38:43', 1, '162.158.170.116'),
(654, 'Safari 605.1.15', 'Mac OS X', '2023-03-22 08:55:40', 1, '162.158.87.71'),
(655, 'Chrome 111.0.0.0', 'Windows 10', '2023-03-22 09:12:21', 1, '162.158.189.107'),
(656, 'Firefox 110.0', 'Windows 7', '2023-03-22 09:22:51', 1, '162.158.190.4'),
(657, 'Firefox 110.0', 'Windows 7', '2023-03-29 16:07:50', 1, '172.69.163.134'),
(658, 'Chrome 111.0.0.0', 'Windows 10', '2023-04-11 07:44:31', 1, '172.70.188.111'),
(659, 'Chrome 111.0.0.0', 'Windows 10', '2023-04-11 13:51:44', 1, '172.70.92.145'),
(660, 'Chrome 109.0.0.0', 'Windows 10', '2023-04-15 09:27:37', 1, '172.69.163.134'),
(661, 'Chrome 112.0.0.0', 'Mac OS X', '2023-04-20 19:17:31', 1, '172.68.91.134'),
(662, 'Chrome 112.0.0.0', 'Android', '2023-04-20 19:18:28', 1, '172.68.91.153'),
(663, 'Chrome 112.0.0.0', 'Android', '2023-04-20 19:19:34', 1, '172.68.91.152'),
(664, 'Chrome 112.0.0.0', 'Android', '2023-04-20 19:20:14', 1, '172.68.91.153'),
(665, 'Unidentified User Agent', 'Unknown Platform', '2023-04-21 12:27:42', 1, '172.68.91.144'),
(666, 'Unidentified User Agent', 'Unknown Platform', '2023-04-21 12:28:14', 1, '172.68.91.145'),
(667, 'Unidentified User Agent', 'Unknown Platform', '2023-04-21 12:28:15', 1, '172.68.91.144'),
(668, 'Unidentified User Agent', 'Unknown Platform', '2023-04-21 12:28:19', 1, '172.68.91.145'),
(669, 'Unidentified User Agent', 'Unknown Platform', '2023-04-21 12:28:30', 1, '172.68.91.145'),
(670, 'Unidentified User Agent', 'Unknown Platform', '2023-04-21 12:29:02', 1, '172.68.91.145'),
(671, 'Unidentified User Agent', 'Unknown Platform', '2023-04-21 12:32:01', 1, '172.68.91.145'),
(672, 'Unidentified User Agent', 'Unknown Platform', '2023-04-21 12:33:23', 1, '172.68.91.145'),
(673, 'Chrome 109.0.0.0', 'Windows 10', '2023-04-22 12:46:00', 1, '172.69.163.140'),
(674, 'Unidentified User Agent', 'Unknown Platform', '2023-04-23 19:19:14', 1, '172.68.91.148'),
(675, 'Unidentified User Agent', 'Unknown Platform', '2023-04-23 19:38:18', 1, '172.68.91.145'),
(676, 'Unidentified User Agent', 'Unknown Platform', '2023-04-23 19:39:02', 1, '172.68.91.145'),
(677, 'Unidentified User Agent', 'Unknown Platform', '2023-04-23 19:49:58', 1, '172.68.91.135'),
(678, 'Unidentified User Agent', 'Unknown Platform', '2023-04-23 19:55:14', 1, '172.68.91.148'),
(679, 'Unidentified User Agent', 'Unknown Platform', '2023-04-23 20:08:05', 1, '172.68.91.134'),
(680, 'Unidentified User Agent', 'Unknown Platform', '2023-04-23 20:29:04', 1, '172.68.91.134'),
(681, 'Unidentified User Agent', 'Unknown Platform', '2023-04-23 20:31:22', 1, '172.68.91.144'),
(682, 'Unidentified User Agent', 'Unknown Platform', '2023-04-24 04:09:08', 1, '172.68.91.134'),
(683, 'Unidentified User Agent', 'Unknown Platform', '2023-04-24 19:03:41', 1, '172.68.91.134'),
(684, 'Chrome 109.0.0.0', 'Windows 10', '2023-04-26 09:38:27', 1, '172.70.143.156'),
(685, 'Unidentified User Agent', 'Unknown Platform', '2023-04-27 03:46:32', 1, '172.68.91.145'),
(686, 'Unidentified User Agent', 'Unknown Platform', '2023-04-27 18:05:48', 1, '172.68.91.134'),
(687, 'Unidentified User Agent', 'Unknown Platform', '2023-04-28 01:40:02', 1, '172.68.91.148'),
(688, 'Unidentified User Agent', 'Unknown Platform', '2023-04-28 01:40:56', 1, '172.68.91.135'),
(689, 'Unidentified User Agent', 'Unknown Platform', '2023-04-28 01:42:00', 1, '172.68.91.148'),
(690, 'Unidentified User Agent', 'Unknown Platform', '2023-05-03 09:03:25', 1, '172.68.91.153'),
(691, 'Chrome 112.0.0.0', 'Windows 10', '2023-05-03 09:50:42', 1, '172.68.91.153'),
(692, 'Unidentified User Agent', 'Unknown Platform', '2023-05-03 10:26:09', 1, '172.68.91.144'),
(693, 'Unidentified User Agent', 'Unknown Platform', '2023-05-03 14:40:26', 1, '172.68.91.148'),
(694, 'Unidentified User Agent', 'Unknown Platform', '2023-05-03 14:49:21', 1, '172.68.91.145'),
(695, 'Unidentified User Agent', 'Unknown Platform', '2023-05-03 14:53:21', 1, '172.68.91.148'),
(696, 'Unidentified User Agent', 'Unknown Platform', '2023-05-03 14:54:09', 1, '172.68.91.153'),
(697, 'Unidentified User Agent', 'Unknown Platform', '2023-05-03 14:58:39', 1, '172.68.91.153'),
(698, 'Unidentified User Agent', 'Unknown Platform', '2023-05-03 15:01:07', 1, '172.68.91.145'),
(699, 'Chrome 112.0.0.0', 'Mac OS X', '2023-05-03 16:52:47', 1, '172.68.91.145'),
(700, 'Unidentified User Agent', 'Unknown Platform', '2023-05-03 16:56:39', 1, '172.68.91.134'),
(701, 'Unidentified User Agent', 'Unknown Platform', '2023-05-03 17:10:48', 1, '172.68.91.144'),
(702, 'Unidentified User Agent', 'Unknown Platform', '2023-05-04 19:33:09', 1, '172.68.91.148'),
(703, 'Chrome 112.0.0.0', 'Mac OS X', '2023-05-04 19:42:16', 1, '172.68.91.145'),
(704, 'Unidentified User Agent', 'Unknown Platform', '2023-05-08 07:05:09', 1, '172.68.91.134'),
(705, 'Unidentified User Agent', 'Unknown Platform', '2023-05-08 07:25:27', 1, '172.68.91.152'),
(706, 'Unidentified User Agent', 'Unknown Platform', '2023-05-08 10:28:40', 1, '172.68.91.153'),
(707, 'Unidentified User Agent', 'Unknown Platform', '2023-05-08 10:35:24', 1, '172.68.91.149'),
(708, 'Unidentified User Agent', 'Unknown Platform', '2023-05-09 18:41:52', 1, '172.68.91.148'),
(709, 'Unidentified User Agent', 'Unknown Platform', '2023-05-10 18:43:37', 1, '172.68.91.144'),
(710, 'Unidentified User Agent', 'Unknown Platform', '2023-05-11 15:23:24', 1, '172.68.91.145'),
(711, 'Unidentified User Agent', 'Unknown Platform', '2023-05-11 18:04:51', 1, '172.68.91.144'),
(712, 'Unidentified User Agent', 'Unknown Platform', '2023-05-11 18:45:15', 1, '172.68.91.134'),
(713, 'Firefox 112.0', 'Windows 7', '2023-05-12 06:02:53', 1, '172.70.92.144'),
(714, 'Unidentified User Agent', 'Unknown Platform', '2023-05-12 17:45:23', 1, '172.68.91.148'),
(715, 'Unidentified User Agent', 'Unknown Platform', '2023-05-15 17:44:50', 1, '172.68.91.135'),
(716, 'Chrome 113.0.0.0', 'Mac OS X', '2023-05-15 17:57:21', 1, '172.68.91.144'),
(717, 'Chrome 113.0.0.0', 'Mac OS X', '2023-05-15 17:58:15', 1, '172.68.91.153'),
(718, 'Chrome 113.0.0.0', 'Mac OS X', '2023-05-15 17:58:44', 1, '172.68.91.148'),
(719, 'Unidentified User Agent', 'Unknown Platform', '2023-05-20 18:43:26', 1, '172.68.91.144'),
(720, 'Unidentified User Agent', 'Unknown Platform', '2023-05-20 18:56:20', 1, '172.68.91.148'),
(721, 'Unidentified User Agent', 'Unknown Platform', '2023-05-20 19:59:46', 1, '172.68.91.152'),
(722, 'Unidentified User Agent', 'Unknown Platform', '2023-05-20 20:41:17', 1, '172.68.91.145'),
(723, 'Chrome 113.0.0.0', 'Mac OS X', '2023-05-21 15:42:50', 1, '172.68.91.148'),
(724, 'Unidentified User Agent', 'Unknown Platform', '2023-05-21 15:46:52', 1, '172.68.91.149'),
(725, 'Unidentified User Agent', 'Unknown Platform', '2023-05-21 15:49:25', 1, '172.68.91.134'),
(726, 'Chrome 113.0.0.0', 'Mac OS X', '2023-05-22 17:43:24', 1, '172.68.91.153'),
(727, 'Unidentified User Agent', 'Unknown Platform', '2023-05-23 01:48:57', 1, '172.68.91.135'),
(728, 'Unidentified User Agent', 'Unknown Platform', '2023-05-23 01:48:58', 1, '172.68.91.134'),
(729, 'Chrome 113.0.0.0', 'Mac OS X', '2023-05-23 01:50:23', 1, '172.68.91.144'),
(730, 'Unidentified User Agent', 'Unknown Platform', '2023-05-23 01:52:02', 1, '172.68.91.148'),
(731, 'Unidentified User Agent', 'Unknown Platform', '2023-05-24 10:17:14', 1, '172.68.91.135'),
(732, 'Unidentified User Agent', 'Unknown Platform', '2023-05-24 10:20:12', 1, '172.68.91.144'),
(733, 'Unidentified User Agent', 'Unknown Platform', '2023-05-24 10:22:08', 1, '172.68.91.153'),
(734, 'Unidentified User Agent', 'Unknown Platform', '2023-05-24 10:22:14', 1, '172.68.91.153'),
(735, 'Unidentified User Agent', 'Unknown Platform', '2023-06-14 04:43:09', 1, '172.69.163.135'),
(736, 'Unidentified User Agent', 'Unknown Platform', '2023-06-15 12:45:09', 1, '172.69.163.130'),
(737, 'Unidentified User Agent', 'Unknown Platform', '2023-06-15 12:45:12', 1, '172.69.163.130'),
(738, 'Chrome 114.0.0.0', 'Windows 10', '2023-06-16 07:01:35', 1, '172.69.163.131'),
(739, 'Firefox 114.0', 'Windows 7', '2023-06-16 07:01:54', 1, '172.70.142.141'),
(740, 'Chrome 114.0.0.0', 'Windows 10', '2023-06-16 10:12:41', 1, '172.70.188.75'),
(741, 'Firefox 114.0', 'Windows 7', '2023-06-16 10:21:03', 1, '108.162.227.64'),
(742, 'Unidentified User Agent', 'Unknown Platform', '2023-06-16 11:28:46', 1, '172.69.163.134'),
(743, 'Firefox 114.0', 'Windows 7', '2023-06-16 11:38:27', 1, '172.70.142.158'),
(744, 'Chrome 114.0.0.0', 'Mac OS X', '2023-06-17 05:25:27', 1, '172.68.91.153'),
(745, 'Chrome 114.0.0.0', 'Windows 10', '2023-06-17 05:26:38', 1, '172.69.163.131'),
(746, 'Unidentified User Agent', 'Unknown Platform', '2023-06-17 05:35:23', 1, '172.68.91.145'),
(747, 'Unidentified User Agent', 'Unknown Platform', '2023-06-17 05:35:54', 1, '172.68.91.149'),
(748, 'Unidentified User Agent', 'Unknown Platform', '2023-06-17 05:36:01', 1, '172.68.91.148'),
(749, 'Unidentified User Agent', 'Unknown Platform', '2023-06-17 05:36:19', 1, '172.68.91.149'),
(750, 'Unidentified User Agent', 'Unknown Platform', '2023-06-17 05:36:19', 1, '172.68.91.148'),
(751, 'Unidentified User Agent', 'Unknown Platform', '2023-06-17 05:40:08', 1, '172.69.163.134'),
(752, 'Unidentified User Agent', 'Unknown Platform', '2023-06-17 06:00:49', 1, '172.69.163.135'),
(753, 'Unidentified User Agent', 'Unknown Platform', '2023-06-17 06:10:31', 1, '172.68.91.134'),
(754, 'Unidentified User Agent', 'Unknown Platform', '2023-06-17 07:36:42', 1, '172.68.91.144'),
(755, 'Unidentified User Agent', 'Unknown Platform', '2023-06-17 07:57:19', 1, '172.68.91.135'),
(756, 'Unidentified User Agent', 'Unknown Platform', '2023-06-17 08:04:35', 1, '172.68.91.134'),
(757, 'Unidentified User Agent', 'Unknown Platform', '2023-06-17 08:27:05', 1, '172.69.163.134'),
(758, 'Unidentified User Agent', 'Unknown Platform', '2023-06-17 08:39:06', 1, '172.68.91.144'),
(759, 'Unidentified User Agent', 'Unknown Platform', '2023-06-17 08:41:36', 1, '172.69.163.140'),
(760, 'Unidentified User Agent', 'Unknown Platform', '2023-06-17 09:09:52', 1, '172.68.91.153'),
(761, 'Unidentified User Agent', 'Unknown Platform', '2023-06-17 09:51:46', 1, '172.69.163.131'),
(762, 'Chrome 114.0.0.0', 'Windows 10', '2023-06-22 05:08:56', 1, '162.158.106.27'),
(763, 'Firefox 114.0', 'Windows 7', '2023-06-22 05:16:42', 1, '172.69.163.140'),
(764, 'Unidentified User Agent', 'Unknown Platform', '2023-06-22 05:28:04', 1, '162.158.107.43'),
(765, 'Chrome 114.0.0.0', 'Windows 10', '2023-06-22 07:10:17', 1, '162.158.189.133'),
(766, 'Unidentified User Agent', 'Unknown Platform', '2023-06-23 05:36:44', 1, '108.162.226.93'),
(767, 'Unidentified User Agent', 'Unknown Platform', '2023-08-10 11:28:08', 1, '172.69.163.135'),
(768, 'Unidentified User Agent', 'Unknown Platform', '2023-08-22 12:14:21', 1, '172.69.163.141'),
(769, 'Unidentified User Agent', 'Unknown Platform', '2023-09-21 07:57:54', 1, '172.69.163.140'),
(770, 'Firefox 115.0', 'Windows 7', '2023-10-18 11:07:35', 1, '172.68.200.155'),
(771, 'Chrome 118.0.0.0', 'Windows 10', '2023-10-19 03:51:10', 1, '172.69.163.132'),
(772, 'Chrome 120.0.0.0', 'Windows 10', '2024-01-30 07:02:30', 1, '172.69.163.139'),
(773, 'Chrome 121.0.0.0', 'Windows 10', '2024-02-26 06:49:39', 1, '172.69.163.141'),
(774, 'Chrome 121.0.0.0', 'Windows 10', '2024-02-27 06:12:08', 1, '172.68.91.133'),
(775, 'Chrome 122.0.0.0', 'Windows 10', '2024-03-06 13:51:24', 1, '172.69.163.147'),
(776, 'Chrome 122.0.0.0', 'Windows 10', '2024-03-06 14:03:28', 1, '172.69.163.140'),
(777, 'Firefox 115.0', 'Windows 7', '2024-03-20 07:42:37', 1, '172.69.163.138'),
(778, 'Firefox 115.0', 'Windows 7', '2024-07-22 06:11:28', 1, '172.69.163.139'),
(779, 'Chrome 109.0.0.0', 'Windows 10', '2024-07-29 06:10:30', 1, '172.69.163.141'),
(780, 'Chrome 127.0.0.0', 'Windows 10', '2024-08-09 12:06:53', 1, '172.68.91.161'),
(781, 'Firefox 115.0', 'Windows 7', '2024-08-10 10:03:22', 1, '172.69.163.141'),
(782, 'Firefox 115.0', 'Windows 7', '2024-08-29 04:39:06', 1, '172.69.163.140'),
(783, 'Firefox 115.0', 'Windows 7', '2024-08-29 11:19:47', 1, '172.69.163.144'),
(784, 'Firefox 115.0', 'Windows 7', '2024-11-27 05:49:40', 1, '172.69.163.141'),
(785, 'Firefox 115.0', 'Windows 7', '2024-11-28 07:13:34', 1, '172.69.163.141'),
(786, 'Firefox 115.0', 'Windows 7', '2024-11-29 05:49:46', 1, '172.69.163.141'),
(787, 'Firefox 115.0', 'Windows 7', '2024-11-29 10:46:07', 1, '172.70.143.214'),
(788, 'Firefox 115.0', 'Windows 7', '2024-11-30 18:55:38', 1, '172.69.163.145'),
(789, 'Chrome 131.0.0.0', 'Windows 10', '2024-12-02 08:49:50', 1, '172.71.210.252'),
(790, 'Chrome 131.0.0.0', 'Windows 10', '2024-12-02 08:50:34', 1, '172.71.210.77'),
(791, 'Chrome 131.0.0.0', 'Windows 10', '2024-12-02 09:01:32', 1, '162.158.114.181'),
(792, 'Chrome 131.0.0.0', 'Windows 10', '2024-12-07 04:47:35', 1, '162.158.162.72'),
(793, 'Chrome 131.0.0.0', 'Windows 10', '2024-12-07 04:54:34', 1, '162.158.163.119');

-- --------------------------------------------------------

--
-- Table structure for table `tbl_bank`
--

CREATE TABLE `tbl_bank` (
  `idtbl_bank` int(11) NOT NULL,
  `code` varchar(4) NOT NULL,
  `bank` varchar(200) NOT NULL,
  `status` int(11) NOT NULL
) ENGINE=InnoDB DEFAULT CHARSET=utf8mb4;

--
-- Dumping data for table `tbl_bank`
--

INSERT INTO `tbl_bank` (`idtbl_bank`, `code`, `bank`, `status`) VALUES
(1, '7852', 'Alliance Finance Company PLC', 1),
(2, '7463', 'Amana Bank PLC', 1),
(3, '7472', 'Axis Bank', 1),
(4, '7010', 'Bank of Ceylon', 1),
(5, '7481', 'Cargills Bank Limited', 1),
(6, '8004', 'Central Bank of Sri Lanka', 1),
(7, '7825', 'Central Finance PLC', 1),
(8, '7047', 'Citi Bank', 1),
(9, '7746', 'Citizen Development Business Finance PLC', 1),
(10, '7056', 'Commercial Bank PLC', 1),
(11, '7870', 'Commercial Credit & Finance PLC', 1),
(12, '7807', 'Commercial Leasing and Finance', 1),
(13, '7205', 'Deutsche Bank', 1),
(14, '7454', 'DFCC Bank PLC', 1),
(15, '7074', 'Habib Bank Ltd', 1),
(16, '7083', 'Hatton National Bank PLC', 1),
(17, '7737', 'HDFC Bank', 1),
(18, '7092', 'Hongkong Shanghai Bank', 1),
(19, '7384', 'ICICI Bank Ltd', 1),
(20, '7108', 'Indian Bank', 1),
(21, '7117', 'Indian Overseas Bank', 1),
(22, '7834', 'Kanrich Finance Limited', 1),
(23, '7861', 'Lanka Orix Finance PLC', 1),
(24, '7773', 'LB Finance PLC', 1),
(25, '7269', 'MCB Bank Ltd', 1),
(26, '7913', 'Mercantile Investment and Finance PLC', 1),
(27, '7898', 'Merchant Bank of Sri Lanka & Finance PLC', 1),
(28, '7214', 'National Development Bank PLC', 1),
(29, '7719', 'National Savings Bank', 1),
(30, '7162', 'Nations Trust Bank PLC', 1),
(31, '7311', 'Pan Asia Banking Corporation PLC', 1),
(32, '7135', 'Peoples Bank', 1),
(33, '7922', 'People?s Leasing & Finance PLC', 1),
(34, '7296', 'Public Bank', 1),
(35, '7755', 'Regional Development Bank', 1),
(36, '7278', 'Sampath Bank PLC', 1),
(37, '7728', 'Sanasa Development Bank', 1),
(38, '7782', 'Senkadagala Finance PLC', 1),
(39, '7287', 'Seylan Bank PLC', 1),
(40, '7038', 'Standard Chartered Bank', 1),
(41, '7144', 'State Bank of India', 1),
(42, '7764', 'State Mortgage & Investment Bank', 1),
(43, '7302', 'Union Bank of Colombo PLC', 1),
(44, '7816', 'Vallibel Finance PLC', 1),
(45, '8001', 'ABCD Bank', 3);

-- --------------------------------------------------------

--
-- Table structure for table `tbl_bank_branch`
--

CREATE TABLE `tbl_bank_branch` (
  `idtbl_bank_branch` int(11) NOT NULL,
  `bankcode` varchar(4) NOT NULL,
  `code` varchar(3) NOT NULL,
  `branch` varchar(200) NOT NULL,
  `status` int(11) NOT NULL
) ENGINE=InnoDB DEFAULT CHARSET=utf8mb4;

--
-- Dumping data for table `tbl_bank_branch`
--

INSERT INTO `tbl_bank_branch` (`idtbl_bank_branch`, `bankcode`, `code`, `branch`, `status`) VALUES
(1, '7852', '036', 'Aluthgama', 1),
(2, '7852', '022', 'Ambalanthota', 1),
(3, '7852', '034', 'Ampara', 1),
(4, '7852', '015', 'Anuradhapura', 1),
(5, '7852', '025', 'Avissawella', 1),
(6, '7852', '007', 'Batticaloa', 1),
(7, '7852', '018', 'Chilaw', 1),
(8, '7852', '029', 'Dambulla', 1),
(9, '7852', '035', 'Embilipitiya', 1),
(10, '7852', '024', 'Galewela', 1),
(11, '7852', '004', 'Galle', 1),
(12, '7852', '002', 'Gampaha', 1),
(13, '7852', '020', 'Ganemulla', 1),
(14, '7852', '001', 'Head Office', 1),
(15, '7852', '031', 'Hingurakgoda', 1),
(16, '7852', '010', 'Horana', 1),
(17, '7852', '012', 'Ja-Ela', 1),
(18, '7852', '008', 'Jaffna', 1),
(19, '7852', '028', 'Kadawatha', 1),
(20, '7852', '021', 'Kaduruwela', 1),
(21, '7852', '026', 'Kalpitiya', 1),
(22, '7852', '013', 'Kandy', 1),
(23, '7852', '033', 'Kegalle', 1),
(24, '7852', '009', 'Kelaniya', 1),
(25, '7852', '017', 'Kilinochchi', 1),
(26, '7852', '023', 'Kuliyapitiya', 1),
(27, '7852', '027', 'Kurunegala', 1),
(28, '7852', '011', 'Maharagama', 1),
(29, '7852', '032', 'Malambe', 1),
(30, '7852', '014', 'Matara', 1),
(31, '7852', '019', 'Negombo', 1),
(32, '7852', '030', 'Nuwara Eliya', 1),
(33, '7852', '016', 'Puttalam', 1),
(34, '7852', '003', 'Ratnapura', 1),
(35, '7852', '006', 'Trincomalee', 1),
(36, '7852', '005', 'Vavuniya', 1),
(37, '7463', '015', 'Akkaraipattu', 1),
(38, '7463', '010', 'Akurana', 1),
(39, '7463', '021', 'Badulla', 1),
(40, '7463', '016', 'Dehiwela', 1),
(41, '7463', '028', 'Dematagoda', 1),
(42, '7463', '019', 'Eravur', 1),
(43, '7463', '008', 'Galle', 1),
(44, '7463', '011', 'Gampola', 1),
(45, '7463', '001', 'Head Office', 1),
(46, '7463', '022', 'Kaduruwela', 1),
(47, '7463', '006', 'Kalmunai', 1),
(48, '7463', '026', 'Kalmunai Unity Square', 1),
(49, '7463', '003', 'Kandy', 1),
(50, '7463', '004', 'Kattankudy', 1),
(51, '7463', '024', 'Kinniya', 1),
(52, '7463', '029', 'Kirulapana', 1),
(53, '7463', '018', 'Kuliyapitiya', 1),
(54, '7463', '014', 'Kurunegala', 1),
(55, '7463', '005', 'Ladies', 1),
(56, '7463', '013', 'Mawanella', 1),
(57, '7463', '020', 'Negombo', 1),
(58, '7463', '017', 'Nintavur', 1),
(59, '7463', '009', 'Oddamavadi', 1),
(60, '7463', '027', 'Old Moor Street', 1),
(61, '7463', '002', 'Pettah', 1),
(62, '7463', '023', 'Puttalam', 1),
(63, '7463', '025', 'Ratnapura', 1),
(64, '7463', '012', 'Sammanthurai', 1),
(65, '7472', '002', 'Colombo', 1),
(66, '7010', '448', 'Addalachchenai', 1),
(67, '7010', '487', 'Adikarigama', 1),
(68, '7010', '657', 'Agalawatta', 1),
(69, '7010', '488', 'Agarapathana', 1),
(70, '7010', '276', 'Ahangama', 1),
(71, '7010', '754', 'Ahungalla', 1),
(72, '7010', '590', 'Akkaraipattu', 1),
(73, '7010', '489', 'Akurana', 1),
(74, '7010', '613', 'Akuressa', 1),
(75, '7010', '812', 'Aladeniya', 1),
(76, '7010', '449', 'Alankerny', 1),
(77, '7010', '380', 'Alaveddy', 1),
(78, '7010', '768', 'Alawathugoda', 1),
(79, '7010', '498', 'Alawwa', 1),
(80, '7010', '680', 'Aluthgama', 1),
(81, '7010', '032', 'Aluthkade', 1),
(82, '7010', '277', 'Aluthwala', 1),
(83, '7010', '047', 'Ambalangoda', 1),
(84, '7010', '537', 'Ambalantota', 1),
(85, '7010', '329', 'Ambanpola', 1),
(86, '7010', '021', 'Ampara', 1),
(87, '7010', '548', 'Anamaduwa', 1),
(88, '7010', '330', 'Anawilundawa', 1),
(89, '7010', '381', 'Andankulam', 1),
(90, '7010', '494', 'Andiambalama', 1),
(91, '7010', '774', 'Angunakolapelessa', 1),
(92, '7010', '490', 'Ankumbura', 1),
(93, '7010', '022', 'Anuradhapura', 1),
(94, '7010', '551', 'Anuradhapura Bazzar', 1),
(95, '7010', '098', 'Anuradhapura New Town', 1),
(96, '7010', '451', 'Araiyampathy', 1),
(97, '7010', '599', 'Aralaganwila', 1),
(98, '7010', '566', 'Aranayake', 1),
(99, '7010', '713', 'Asiri Central', 1),
(100, '7010', '778', 'Atchuvely', 1),
(101, '7010', '757', 'Athurugiriya', 1),
(102, '7010', '530', 'Avissawella', 1),
(103, '7010', '401', 'Ayagama', 1),
(104, '7010', '540', 'Badalkumbura', 1),
(105, '7010', '525', 'Baddegama', 1),
(106, '7010', '011', 'Badulla', 1),
(107, '7010', '729', 'Badulla City', 1),
(108, '7010', '662', 'Baduraliya', 1),
(109, '7010', '652', 'Bakamuna', 1),
(110, '7010', '688', 'Balangoda', 1),
(111, '7010', '320', 'Ballaketuwa', 1),
(112, '7010', '037', 'Bambalapitiya', 1),
(113, '7010', '665', 'Bandaragama', 1),
(114, '7010', '515', 'Bandarawela', 1),
(115, '7010', '278', 'Barawakumbura', 1),
(116, '7010', '522', 'Batapola', 1),
(117, '7010', '679', 'Battaramulla', 1),
(118, '7010', '012', 'Batticaloa', 1),
(119, '7010', '452', 'Batticaloa Town', 1),
(120, '7010', '708', 'Batuwatte', 1),
(121, '7010', '539', 'Beliatta', 1),
(122, '7010', '102', 'Bentota', 1),
(123, '7010', '058', 'Beruwala', 1),
(124, '7010', '579', 'Bibile', 1),
(125, '7010', '554', 'Bingiriya', 1),
(126, '7010', '732', 'Biyagama', 1),
(127, '7010', '788', 'BOC premier', 1),
(128, '7010', '699', 'Bogahakumbura', 1),
(129, '7010', '808', 'Bogaswewa', 1),
(130, '7010', '491', 'Bogawantalawa', 1),
(131, '7010', '465', 'Bokkawala', 1),
(132, '7010', '651', 'Bombuwela', 1),
(133, '7010', '711', 'Bopitiya', 1),
(134, '7010', '795', 'Boragas', 1),
(135, '7010', '646', 'Boralesgamuwa', 1),
(136, '7010', '668', 'Borella? 2nd', 1),
(137, '7010', '038', 'Borella S/G', 1),
(138, '7010', '462', 'Botanical Gardens Peradeniya', 1),
(139, '7010', '311', 'Bulathkohupitiya', 1),
(140, '7010', '673', 'Bulathsinhala', 1),
(141, '7010', '560', 'Buttala', 1),
(142, '7010', '573', 'Central Bus Stand', 1),
(143, '7010', '811', 'Central Camp', 1),
(144, '7010', '015', 'Central Office', 1),
(145, '7010', '672', 'Central Super Market', 1),
(146, '7010', '731', 'CEYBANK Credit card centre', 1),
(147, '7010', '792', 'Chankanai', 1),
(148, '7010', '501', 'Chavakachcheri', 1),
(149, '7010', '382', 'Cheddikulam', 1),
(150, '7010', '630', 'Chenkalady', 1),
(151, '7010', '020', 'Chilaw', 1),
(152, '7010', '436', 'China Bay', 1),
(153, '7010', '053', 'Chunnakam', 1),
(154, '7010', '001', 'City Office', 1),
(155, '7010', '660', 'Corporate', 1),
(156, '7010', '822', 'Corporate 2nd', 1),
(157, '7010', '474', 'Court Complex Kandy', 1),
(158, '7010', '715', 'Dalugama', 1),
(159, '7010', '331', 'Dambadeniya', 1),
(160, '7010', '700', 'Dambagalla', 1),
(161, '7010', '576', 'Dambulla', 1),
(162, '7010', '497', 'Dankotuwa', 1),
(163, '7010', '466', 'Danture', 1),
(164, '7010', '467', 'Daulagala', 1),
(165, '7010', '567', 'Dedicated Economic Centre ? Meegoda', 1),
(166, '7010', '686', 'Dehiattakandiya', 1),
(167, '7010', '634', 'Dehiowita', 1),
(168, '7010', '051', 'Dehiwala', 1),
(169, '7010', '784', 'Deiyandara', 1),
(170, '7010', '383', 'Delft', 1),
(171, '7010', '716', 'Delgoda', 1),
(172, '7010', '717', 'Demanhandiya', 1),
(173, '7010', '561', 'Dematagoda', 1),
(174, '7010', '528', 'Deniyaya', 1),
(175, '7010', '642', 'Deraniyagala', 1),
(176, '7010', '504', 'Devinuwara', 1),
(177, '7010', '563', 'Dharga Town', 1),
(178, '7010', '273', 'Digana', 1),
(179, '7010', '469', 'Digana Village', 1),
(180, '7010', '592', 'Dikwella', 1),
(181, '7010', '433', 'Divulapitiya', 1),
(182, '7010', '388', 'Diyabeduma', 1),
(183, '7010', '389', 'Diyasenpura', 1),
(184, '7010', '260', 'Diyatalawa', 1),
(185, '7010', '293', 'Dodangoda', 1),
(186, '7010', '390', 'Doramadalawa', 1),
(187, '7010', '580', 'Dummalasuriya', 1),
(188, '7010', '437', 'Eastern University', 1),
(189, '7010', '057', 'Eheliyagoda', 1),
(190, '7010', '258', 'Elakanda', 1),
(191, '7010', '777', 'Electronic Banking Unit', 1),
(192, '7010', '701', 'Ella', 1),
(193, '7010', '619', 'Elpitiya', 1),
(194, '7010', '535', 'Embilipitiya', 1),
(195, '7010', '312', 'Embilipitiya City', 1),
(196, '7010', '313', 'Endana', 1),
(197, '7010', '674', 'Enderamulla', 1),
(198, '7010', '692', 'Eppawala', 1),
(199, '7010', '790', 'Eravur', 1),
(200, '7010', '702', 'Ethiliwewa', 1),
(201, '7010', '810', 'Ethimale', 1),
(202, '7010', '476', 'Ettampitiya', 1),
(203, '7010', '060', 'Fifth City', 1),
(204, '7010', '718', 'Fish Market Peliyagoda', 1),
(205, '7010', '615', 'Galagedera', 1),
(206, '7010', '101', 'Galaha', 1),
(207, '7010', '391', 'Galamuna', 1),
(208, '7010', '122', 'Galenbindunuwewa', 1),
(209, '7010', '432', 'Galewela', 1),
(210, '7010', '549', 'Galgamuwa', 1),
(211, '7010', '314', 'Galigamuwa', 1),
(212, '7010', '653', 'Galkiriyagama', 1),
(213, '7010', '089', 'Galle Bazaar', 1),
(214, '7010', '003', 'Galle Fort', 1),
(215, '7010', '514', 'Galnewa', 1),
(216, '7010', '045', 'Gampaha S/G', 1),
(217, '7010', '575', 'Gampola', 1),
(218, '7010', '470', 'Gampola City', 1),
(219, '7010', '720', 'Ganemulla', 1),
(220, '7010', '524', 'Geli Oya', 1),
(221, '7010', '392', 'General Hospital, A? pura', 1),
(222, '7010', '471', 'Ginigathhena', 1),
(223, '7010', '669', 'Girandurukotte', 1),
(224, '7010', '553', 'Giriulla', 1),
(225, '7010', '786', 'Godakawela', 1),
(226, '7010', '316', 'Gonagaldeniya', 1),
(227, '7010', '438', 'Gonagolla', 1),
(228, '7010', '643', 'Gonapola', 1),
(229, '7010', '721', 'Gothatuwa', 1),
(230, '7010', '628', 'Grandpass', 1),
(231, '7010', '393', 'Habarana', 1),
(232, '7010', '691', 'Hakmana', 1),
(233, '7010', '463', 'Haldummulla', 1),
(234, '7010', '785', 'Hali ela', 1),
(235, '7010', '085', 'Hambantota', 1),
(236, '7010', '741', 'Hanwella', 1),
(237, '7010', '035', 'Haputale', 1),
(238, '7010', '365', 'Hasalaka', 1),
(239, '7010', '472', 'Hatharaliyadda', 1),
(240, '7010', '040', 'Hatton', 1),
(241, '7010', '999', 'Head Office', 1),
(242, '7010', '772', 'Hemmathagama', 1),
(243, '7010', '570', 'Hettipola', 1),
(244, '7010', '609', 'Hikkaduwa', 1),
(245, '7010', '601', 'Hingurakgoda', 1),
(246, '7010', '509', 'Hingurana', 1),
(247, '7010', '569', 'Hiripitiya', 1),
(248, '7010', '568', 'Homagama', 1),
(249, '7010', '054', 'Horana', 1),
(250, '7010', '217', 'Horowpathana', 1),
(251, '7010', '521', 'Hyde Park', 1),
(252, '7010', '770', 'Ibbagamuwa', 1),
(253, '7010', '377', 'Illavalai', 1),
(254, '7010', '135', 'Imaduwa', 1),
(255, '7010', '453', 'Independent? Square', 3),
(256, '7010', '604', 'Ingiriya', 1),
(257, '7010', '087', 'International Division', 1),
(258, '7010', '236', 'Ipalogama', 1),
(259, '7010', '439', 'Irakkamam', 1),
(260, '7010', '776', 'Islamic Banking Unit', 1),
(261, '7010', '039', 'Ja Ela', 1),
(262, '7010', '005', 'Jaffna', 1),
(263, '7010', '500', 'Jaffna 2nd Branch', 1),
(264, '7010', '366', 'Jaffna Bus Stand', 1),
(265, '7010', '368', 'Jaffna Main Street', 1),
(266, '7010', '369', 'Jaffna University', 1),
(267, '7010', '600', 'Jayanthipura', 1),
(268, '7010', '059', 'Kadawatha', 1),
(269, '7010', '780', 'Kadawatha 2nd City', 1),
(270, '7010', '502', 'Kaduruwela', 1),
(271, '7010', '608', 'Kaduwela', 1),
(272, '7010', '622', 'Kahatagasdigiliya', 1),
(273, '7010', '507', 'Kahawatte', 1),
(274, '7010', '370', 'Kaithady', 1),
(275, '7010', '645', 'Kalawana', 1),
(276, '7010', '426', 'Kallady', 1),
(277, '7010', '427', 'Kallar', 1),
(278, '7010', '510', 'Kalmunai', 1),
(279, '7010', '589', 'Kalpitiya', 1),
(280, '7010', '016', 'Kalutara S/G', 1),
(281, '7010', '611', 'Kaluwanchikudy', 1),
(282, '7010', '371', 'Kalviyankadu', 1),
(283, '7010', '529', 'Kamburupitiya', 1),
(284, '7010', '771', 'Kandana', 1),
(285, '7010', '633', 'Kandapola', 1),
(286, '7010', '002', 'Kandy', 1),
(287, '7010', '649', 'Kandy 2nd', 1),
(288, '7010', '473', 'Kandy City Centre', 1),
(289, '7010', '454', 'Kandy Hospital', 1),
(290, '7010', '605', 'Kankesanthurai', 1),
(291, '7010', '623', 'Kantale Bazaar', 1),
(292, '7010', '428', 'Karadiyanaru', 1),
(293, '7010', '749', 'Karainagar', 1),
(294, '7010', '429', 'Karaitivu', 1),
(295, '7010', '372', 'Karanavai', 1),
(296, '7010', '280', 'Karapitiya', 1),
(297, '7010', '294', 'Karawanella', 1),
(298, '7010', '295', 'Karawita', 1),
(299, '7010', '722', 'Katana', 1),
(300, '7010', '616', 'Kataragama', 1),
(301, '7010', '648', 'Kattankudy', 1),
(302, '7010', '030', 'Katubedda', 1),
(303, '7010', '666', 'Katugastota', 1),
(304, '7010', '625', 'Katukurunda', 1),
(305, '7010', '658', 'Katunayake I.P.Z.', 1),
(306, '7010', '332', 'Katuneriya', 1),
(307, '7010', '333', 'Katupotha', 1),
(308, '7010', '261', 'Katuwana', 1),
(309, '7010', '714', 'Katuwellegama Courtaulds Clothing Lanka (Pvt) Ltd', 1),
(310, '7010', '373', 'Kayts', 1),
(311, '7010', '621', 'Kebithigollawa', 1),
(312, '7010', '027', 'Kegalle', 1),
(313, '7010', '536', 'Kegalle Bazaar', 1),
(314, '7010', '297', 'Kegalle Hospital', 1),
(315, '7010', '262', 'Kekanadura', 1),
(316, '7010', '676', 'Kekirawa', 1),
(317, '7010', '703', 'Keppetipola', 1),
(318, '7010', '620', 'Kesbewa', 1),
(319, '7010', '617', 'Keselwatte', 1),
(320, '7010', '093', 'Kilinochchi', 1),
(321, '7010', '735', 'Kinniya', 1),
(322, '7010', '430', 'Kiran', 1),
(323, '7010', '543', 'Kiribathgoda', 1),
(324, '7010', '317', 'Kiriella', 1),
(325, '7010', '334', 'Kirimetiyana', 1),
(326, '7010', '571', 'Kirindiwela', 1),
(327, '7010', '602', 'Kirulapana', 1),
(328, '7010', '282', 'Kitulgala', 1),
(329, '7010', '172', 'Kobeigane', 1),
(330, '7010', '323', 'Kochchikade', 1),
(331, '7010', '375', 'Kodikamam', 1),
(332, '7010', '750', 'Koggala E.P.Z', 1),
(333, '7010', '431', 'Kokkadicholai', 1),
(334, '7010', '376', 'Kokuvil', 1),
(335, '7010', '034', 'Kollupitiya', 1),
(336, '7010', '670', 'Kollupitiya 2nd', 1),
(337, '7010', '283', 'Kolonna', 1),
(338, '7010', '595', 'Kolonnawa', 1),
(339, '7010', '787', 'Kopay', 1),
(340, '7010', '629', 'Koslanda', 1),
(341, '7010', '263', 'Kosmodera', 1),
(342, '7010', '455', 'Kotagala', 1),
(343, '7010', '663', 'Kotahena', 1),
(344, '7010', '813', 'Kothalawala Defence University', 1),
(345, '7010', '284', 'Kotiyakumbura', 1),
(346, '7010', '773', 'Kottawa', 1),
(347, '7010', '264', 'Kudawella', 1),
(348, '7010', '052', 'Kuliyapitiya', 1),
(349, '7010', '324', 'Kumbukgete', 1),
(350, '7010', '809', 'Kurunduwatte', 1),
(351, '7010', '009', 'Kurunegala', 1),
(352, '7010', '513', 'Kurunegala Bazaar', 1),
(353, '7010', '325', 'Kuruwita', 1),
(354, '7010', '636', 'Lake House', 1),
(355, '7010', '612', 'Lake View', 1),
(356, '7010', '603', 'Lanka Hospital', 1),
(357, '7010', '577', 'Lunugala', 1),
(358, '7010', '265', 'Lunugamvehera', 1),
(359, '7010', '647', 'Lunuwatte', 1),
(360, '7010', '544', 'Madampe', 1),
(361, '7010', '654', 'Madatugama', 1),
(362, '7010', '805', 'Madawakkulama', 1),
(363, '7010', '581', 'Madawala', 1),
(364, '7010', '378', 'Madhu', 1),
(365, '7010', '565', 'Madurankuliya', 1),
(366, '7010', '266', 'Maha-Edanda', 1),
(367, '7010', '806', 'Mahaoya', 1),
(368, '7010', '055', 'Maharagama', 1),
(369, '7010', '319', 'Mahawewa', 1),
(370, '7010', '542', 'Mahiyangana', 1),
(371, '7010', '564', 'Maho', 1),
(372, '7010', '026', 'Main Street', 1),
(373, '7010', '299', 'Makandura', 1),
(374, '7010', '267', 'Makandura ? Matara', 1),
(375, '7010', '789', 'Makola', 1),
(376, '7010', '763', 'Malabe', 1),
(377, '7010', '268', 'Malimbada', 1),
(378, '7010', '255', 'Malkaduwawa', 1),
(379, '7010', '349', 'Mallavi', 1),
(380, '7010', '422', 'Malwatte', 1),
(381, '7010', '423', 'Mamangama', 1),
(382, '7010', '281', 'Manipay', 1),
(383, '7010', '574', 'Mankulam', 1),
(384, '7010', '046', 'Mannar', 1),
(385, '7010', '351', 'Manthikai', 1),
(386, '7010', '041', 'Maradana', 1),
(387, '7010', '456', 'Marassana', 1),
(388, '7010', '300', 'Marawila', 1),
(389, '7010', '424', 'Maruthamunai', 1),
(390, '7010', '352', 'Maruthankerny', 1),
(391, '7010', '506', 'Maskeliya', 1),
(392, '7010', '068', 'Matale', 1),
(393, '7010', '024', 'Matara', 1),
(394, '7010', '614', 'Matara City', 1),
(395, '7010', '796', 'Mattala Airport', 1),
(396, '7010', '583', 'Mattegoda', 1),
(397, '7010', '556', 'Matugama', 1),
(398, '7010', '559', 'Mawanella', 1),
(399, '7010', '257', 'Mawathagama', 1),
(400, '7010', '238', 'Medagama', 1),
(401, '7010', '162', 'Medawachchiya', 1),
(402, '7010', '797', 'Medawala', 1),
(403, '7010', '641', 'Medirigiriya', 1),
(404, '7010', '384', 'Meegahakiwula', 1),
(405, '7010', '728', 'Meegalewa', 1),
(406, '7010', '458', 'Meepilimana', 1),
(407, '7010', '555', 'Melsiripura', 1),
(408, '7010', '459', 'Menikhinna', 1),
(409, '7010', '618', 'Metropolitan', 1),
(410, '7010', '518', 'Middeniya', 1),
(411, '7010', '335', 'Mihintale', 1),
(412, '7010', '593', 'Milagiriya', 1),
(413, '7010', '394', 'Minneriya', 1),
(414, '7010', '545', 'Minuwangoda', 1),
(415, '7010', '088', 'Mirigama', 1),
(416, '7010', '417', 'Mollipothana', 1),
(417, '7010', '082', 'Monaragala', 1),
(418, '7010', '705', 'Moneragala Town', 1),
(419, '7010', '557', 'Moratumulla', 1),
(420, '7010', '061', 'Moratuwa', 1),
(421, '7010', '270', 'Morawaka', 1),
(422, '7010', '418', 'Morawewa', 1),
(423, '7010', '285', 'Morontota', 1),
(424, '7010', '766', 'Mount Lavinia', 1),
(425, '7010', '353', 'Mulankavil', 1),
(426, '7010', '355', 'Mullativu', 1),
(427, '7010', '723', 'Mulleriyawa New Town', 1),
(428, '7010', '511', 'Mulliyawalai', 1),
(429, '7010', '356', 'Murungan', 1),
(430, '7010', '118', 'Muttur', 1),
(431, '7010', '818', 'Nagoda', 1),
(432, '7010', '357', 'Nainativu', 1),
(433, '7010', '724', 'Naiwala', 1),
(434, '7010', '358', 'Nallur', 1),
(435, '7010', '359', 'Nanatan', 1),
(436, '7010', '762', 'Narahenpita', 1),
(437, '7010', '534', 'Narammala', 1),
(438, '7010', '552', 'National Institute Of Education', 1),
(439, '7010', '050', 'Nattandiya', 1),
(440, '7010', '092', 'Naula', 1),
(441, '7010', '419', 'Navithanvely', 1),
(442, '7010', '598', 'Nawalapitiya', 1),
(443, '7010', '360', 'Nedunkerny', 1),
(444, '7010', '018', 'Negombo', 1),
(445, '7010', '572', 'Negombo Bazzar', 1),
(446, '7010', '638', 'Nelliady', 1),
(447, '7010', '799', 'Nelundeniya', 1),
(448, '7010', '667', 'Neluwa', 1),
(449, '7010', '547', 'Nikaweratiya', 1),
(450, '7010', '420', 'Nilavely', 1),
(451, '7010', '591', 'Nintavur', 1),
(452, '7010', '675', 'Nittambuwa', 1),
(453, '7010', '597', 'Nivitigala', 1),
(454, '7010', '656', 'Nochchiyagama', 1),
(455, '7010', '779', 'Norchcholei', 1),
(456, '7010', '049', 'Nugegoda Supergrade', 1),
(457, '7010', '029', 'Nuwara Eliya', 1),
(458, '7010', '402', 'Oddamavady', 1),
(459, '7010', '361', 'Oddusudan', 1),
(460, '7010', '706', 'Okkampitiya', 1),
(461, '7010', '403', 'Oluwil', 1),
(462, '7010', '362', 'Omanthai', 1),
(463, '7010', '127', 'Padavi Parakramapura', 1),
(464, '7010', '395', 'Padaviya', 1),
(465, '7010', '492', 'Padiyapelella', 1),
(466, '7010', '348', 'Padiyatalawa', 1),
(467, '7010', '678', 'Padukka', 1),
(468, '7010', '461', 'Palapathwela', 1),
(469, '7010', '301', 'Palaviya', 1),
(470, '7010', '363', 'Pallai', 1),
(471, '7010', '302', 'Pallama', 1),
(472, '7010', '816', 'Pallebedda', 1),
(473, '7010', '464', 'Pallekelle', 1),
(474, '7010', '640', 'Pallepola', 1),
(475, '7010', '406', 'Palmuddai', 1),
(476, '7010', '404', 'Palugamam', 1),
(477, '7010', '007', 'Panadura', 1),
(478, '7010', '607', 'Panadura Bazaar', 1),
(479, '7010', '546', 'Pannala', 1),
(480, '7010', '303', 'Paragahadeniya', 1),
(481, '7010', '364', 'Paranthan', 1),
(482, '7010', '644', 'Parliamentary Complex', 1),
(483, '7010', '271', 'Pasgoda', 1),
(484, '7010', '503', 'Passara', 1),
(485, '7010', '690', 'Pelawatta', 1),
(486, '7010', '707', 'Pelawatta', 1),
(487, '7010', '541', 'Pelawatte City Kalutara', 1),
(488, '7010', '042', 'Peliyagoda', 1),
(489, '7010', '683', 'Pelmadulla', 1),
(490, '7010', '152', 'Pemaduwa', 1),
(491, '7010', '588', 'Peradeniya', 1),
(492, '7010', '681', 'Personal', 1),
(493, '7010', '344', 'Pesalai', 1),
(494, '7010', '004', 'Pettah', 1),
(495, '7010', '587', 'Pilimatalawa', 1),
(496, '7010', '736', 'Piliyandala', 1),
(497, '7010', '287', 'Pinnawala', 1),
(498, '7010', '272', 'Pitabeddara', 1),
(499, '7010', '533', 'Pitakotte', 1),
(500, '7010', '610', 'Pitigala', 1),
(501, '7010', '028', 'Point Pedro', 1),
(502, '7010', '526', 'Polgahawela', 1),
(503, '7010', '083', 'Polonnaruwa New Town', 1),
(504, '7010', '783', 'Polpithigama', 1),
(505, '7010', '405', 'Polwatte', 1),
(506, '7010', '345', 'Poonagary', 1),
(507, '7010', '346', 'Poovarasankulam', 1),
(508, '7010', '664', 'Pothuhera', 1),
(509, '7010', '318', 'Potuvil', 1),
(510, '7010', '099', 'Primary Dealer Unit', 1),
(511, '7010', '802', 'Provincial Council Complex, Pallakelle', 1),
(512, '7010', '765', 'Pugoda', 1),
(513, '7010', '441', 'Pujapitiya', 1),
(514, '7010', '425', 'Pundaluoya', 1),
(515, '7010', '347', 'Punnalaikadduvan', 1),
(516, '7010', '337', 'Pussellawa', 1),
(517, '7010', '341', 'Puthukudieruppu', 1),
(518, '7010', '342', 'Puthukulam', 1),
(519, '7010', '048', 'Puttalam', 1),
(520, '7010', '687', 'Raddolugama', 1),
(521, '7010', '442', 'Ragala', 1),
(522, '7010', '764', 'Ragama', 1),
(523, '7010', '746', 'Rajagiriya', 1),
(524, '7010', '396', 'Rajanganaya', 1),
(525, '7010', '397', 'Rajina Junction', 1),
(526, '7010', '594', 'Rakwana', 1),
(527, '7010', '782', 'Rambewa', 1),
(528, '7010', '582', 'Rambukkana', 1),
(529, '7010', '398', 'Ranajayapura', 1),
(530, '7010', '767', 'Ranna', 1),
(531, '7010', '259', 'Rathgama', 1),
(532, '7010', '689', 'Ratmalana', 1),
(533, '7010', '031', 'Ratnapura', 1),
(534, '7010', '684', 'Ratnapura Bazaar', 1),
(535, '7010', '315', 'Ratnapura Hospital', 1),
(536, '7010', '639', 'Rattota', 1),
(537, '7010', '627', 'Regent Street', 1),
(538, '7010', '532', 'Ridigama', 1),
(539, '7010', '167', 'Rikillagaskada', 1),
(540, '7010', '693', 'Ruhunu Campus', 1),
(541, '7010', '585', 'Ruwanwella', 1),
(542, '7010', '288', 'Sabaragamuwa Provincial Council', 1),
(543, '7010', '286', 'Sabaragamuwa University', 1),
(544, '7010', '407', 'Sainthamarathu', 1),
(545, '7010', '814', 'Saliyawewa', 1),
(546, '7010', '440', 'Samanthurai', 1),
(547, '7010', '338', 'Savalkaddu', 1),
(548, '7010', '421', 'Seeduwa', 1),
(549, '7010', '290', 'Seethawakapura', 1),
(550, '7010', '408', 'Serunuwara', 1),
(551, '7010', '399', 'Sevanapitiya', 1),
(552, '7010', '183', 'Sewagama', 1),
(553, '7010', '443', 'Sigiriya', 1),
(554, '7010', '339', 'Sirupiddy', 1),
(555, '7010', '416', 'Siyambalanduwa', 1),
(556, '7010', '520', 'Sri Jayawardenapura Hospital', 1),
(557, '7010', '751', 'Suriyawewa', 1),
(558, '7010', '650', 'Talatuoya', 1),
(559, '7010', '531', 'Talawakelle', 1),
(560, '7010', '596', 'Talgaswela', 1),
(561, '7010', '655', 'Tambuttegama', 1),
(562, '7010', '056', 'Tangalle', 1),
(563, '7010', '747', 'Taprobane', 1),
(564, '7010', '250', 'Tawalama', 1),
(565, '7010', '781', 'Teldeniya', 1),
(566, '7010', '336', 'Thalaimannar Pier', 1),
(567, '7010', '400', 'Thalawa', 1),
(568, '7010', '516', 'Thalawathugoda', 1),
(569, '7010', '798', 'Thalduwa', 1),
(570, '7010', '409', 'Thambiluvil', 1),
(571, '7010', '410', 'Thampalakamam', 1),
(572, '7010', '322', 'Thanamalwila', 1),
(573, '7010', '256', 'Thanthirimale', 1),
(574, '7010', '752', 'Thihagoda', 1),
(575, '7010', '512', 'Thimbirigasyaya', 1),
(576, '7010', '326', 'Thirumurukandi', 1),
(577, '7010', '761', 'Thirunelvely', 1),
(578, '7010', '305', 'Thoduwawa', 1),
(579, '7010', '411', 'Thoppur', 1),
(580, '7010', '157', 'Tirappane', 1),
(581, '7010', '538', 'Tissamaharama', 1),
(582, '7010', '760', 'Treasury Division', 1),
(583, '7010', '006', 'Trincomalee', 1),
(584, '7010', '624', 'Trincomalee Bazaar', 1),
(585, '7010', '606', 'Uda Dumbara', 1),
(586, '7010', '306', 'Udappuwa', 1),
(587, '7010', '291', 'Udawalawe', 1),
(588, '7010', '753', 'Udugama', 1),
(589, '7010', '413', 'Uhana', 1),
(590, '7010', '444', 'Ukuwela', 1),
(591, '7010', '043', 'Union Place', 1),
(592, '7010', '445', 'University Of Peradeniya', 1),
(593, '7010', '446', 'Upcott', 1),
(594, '7010', '414', 'Uppuvely', 1),
(595, '7010', '748', 'Uragasmanhandiya', 1),
(596, '7010', '298', 'Urubokka', 1),
(597, '7010', '794', 'Urumpirai', 1),
(598, '7010', '343', 'Uva Paranagama', 1),
(599, '7010', '804', 'Vaddukoddai', 1),
(600, '7010', '415', 'Vakarai', 1),
(601, '7010', '626', 'Valachchenai', 1),
(602, '7010', '791', 'Valvettithurai', 1),
(603, '7010', '385', 'Vavunathivu', 1),
(604, '7010', '044', 'Vavuniya', 1),
(605, '7010', '793', 'Vavuniya City', 1),
(606, '7010', '063', 'Velanai', 1),
(607, '7010', '386', 'Vellaveli', 1),
(608, '7010', '682', 'Veyangoda', 1),
(609, '7010', '775', 'Visakha', 1),
(610, '7010', '328', 'Visuvamadu', 1),
(611, '7010', '584', 'Wadduwa', 1),
(612, '7010', '815', 'Wahalkada', 1),
(613, '7010', '558', 'Waikkal', 1),
(614, '7010', '743', 'Walapane', 1),
(615, '7010', '517', 'Walasmulla', 1),
(616, '7010', '744', 'Walgama', 1),
(617, '7010', '800', 'Wanduramba', 1),
(618, '7010', '562', 'Warakapola', 1),
(619, '7010', '733', 'Warapitiya', 1),
(620, '7010', '685', 'Ward Place', 1),
(621, '7010', '379', 'Wariyapola', 1),
(622, '7010', '505', 'Wattala', 1),
(623, '7010', '340', 'Wattegama', 1),
(624, '7010', '307', 'Wayamba University', 1),
(625, '7010', '139', 'Weeraketiya', 1),
(626, '7010', '308', 'Weerapokuna', 1),
(627, '7010', '550', 'Weligama', 1),
(628, '7010', '292', 'Weligepola', 1),
(629, '7010', '817', 'Welikanda', 1),
(630, '7010', '730', 'Welimada', 1),
(631, '7010', '274', 'Weli-Oya', 1),
(632, '7010', '803', 'Welioya-Sampath Nuwara', 1),
(633, '7010', '527', 'Welisara', 1),
(634, '7010', '677', 'Weliweriya', 1),
(635, '7010', '309', 'Wellawa', 1),
(636, '7010', '023', 'Wellawatte', 1),
(637, '7010', '434', 'Wellawaya', 1),
(638, '7010', '104', 'Welpalla', 1),
(639, '7010', '508', 'Wennappuwa', 1),
(640, '7010', '499', 'Wijerama Junction', 1),
(641, '7010', '447', 'Wilgamuwa', 1),
(642, '7010', '769', 'Yakkala', 1),
(643, '7010', '578', 'Yakkalamulla', 1),
(644, '7010', '144', 'Yatawatte', 1),
(645, '7010', '477', 'Yatiyantota', 1),
(646, '7481', '925', 'Central Processing Office', 1),
(647, '7481', '011', 'Chunnakkam', 1),
(648, '7481', '001', 'Corporate', 1),
(649, '7481', '012', 'Galle', 1),
(650, '7481', '007', 'Hawaeliya', 1),
(651, '7481', '010', 'Jaffna City Center', 1),
(652, '7481', '014', 'Kandy', 1),
(653, '7481', '009', 'Kurunegala', 1),
(654, '7481', '005', 'Maharagama', 1),
(655, '7481', '002', 'Maitland Crescent', 1),
(656, '7481', '004', 'Matara', 1),
(657, '7481', '013', 'Nuwara Eliya', 1),
(658, '7481', '003', 'Old Moor Street', 1),
(659, '7481', '015', 'Peradeniya', 1),
(660, '7481', '008', 'Thanamalwila', 1),
(661, '7481', '006', 'Vavuniya', 1),
(662, '8004', '001', 'Head Office', 1),
(663, '8004', '998', 'CBSL-VB', 1),
(664, '8004', '999', 'Central Bank Of Sri Lanka', 1),
(665, '7825', '001', 'Colombo', 1),
(666, '7825', '002', 'Kandy', 1),
(667, '7825', '016', 'Nugegoda', 1),
(668, '7047', '100', 'Cash Mgmt', 1),
(669, '7047', '000', 'Head Office', 1),
(670, '7047', '001', 'Head Office', 1),
(671, '7047', '999', 'Head Office', 1),
(672, '7746', '069', 'Aluthgama', 1),
(673, '7746', '057', 'Ambalangoda', 1),
(674, '7746', '011', 'Anuradhapura', 1),
(675, '7746', '065', 'Avissawella', 1),
(676, '7746', '009', 'Badulla', 1),
(677, '7746', '036', 'Bandarawela', 1),
(678, '7746', '024', 'Battaramulla', 1),
(679, '7746', '034', 'Batticaloa', 1),
(680, '7746', '043', 'Boralesgamuwa', 1),
(681, '7746', '010', 'Chilaw', 1),
(682, '7746', '031', 'Colombo Office', 1),
(683, '7746', '028', 'Dambulla', 1),
(684, '7746', '060', 'Dehiwala', 1),
(685, '7746', '042', 'Eheliyagoda', 1),
(686, '7746', '041', 'Ela Kanda', 1),
(687, '7746', '023', 'Embilipitiya', 1),
(688, '7746', '027', 'Galle', 1),
(689, '7746', '007', 'Gampaha', 1),
(690, '7746', '072', 'Giriulla', 1),
(691, '7746', '038', 'Head Office', 1),
(692, '7746', '050', 'Horana', 1),
(693, '7746', '014', 'Ja-Ela', 1),
(694, '7746', '032', 'Jaffna', 1),
(695, '7746', '039', 'Kadana', 1),
(696, '7746', '029', 'Kaduruwela', 1),
(697, '7746', '015', 'Kaduwela', 1),
(698, '7746', '020', 'Kaluthara', 1),
(699, '7746', '006', 'Kandy', 1),
(700, '7746', '054', 'Katugasthota', 1),
(701, '7746', '016', 'Kegalle', 1),
(702, '7746', '005', 'Kelaniya', 1),
(703, '7746', '052', 'Kochchikade', 1),
(704, '7746', '030', 'Kotahena', 1),
(705, '7746', '062', 'Kottawa', 1),
(706, '7746', '045', 'Kuliyapitiya', 1),
(707, '7746', '004', 'Kurunegala', 1),
(708, '7746', '068', 'Kuruvita', 1),
(709, '7746', '026', 'Mahara', 1),
(710, '7746', '021', 'Maharagama', 1),
(711, '7746', '070', 'Mahiyanganaya', 1),
(712, '7746', '058', 'Malabe', 1),
(713, '7746', '044', 'Marawila', 1),
(714, '7746', '055', 'Matale', 1),
(715, '7746', '022', 'Matara', 1),
(716, '7746', '019', 'Mathugama', 1),
(717, '7746', '064', 'Mawathagama', 1),
(718, '7746', '059', 'Minuwangoda', 1),
(719, '7746', '002', 'Moratuwa', 1),
(720, '7746', '063', 'Narammala', 1),
(721, '7746', '003', 'Negombo', 1),
(722, '7746', '067', 'Nikaweratiya', 1),
(723, '7746', '017', 'Nittambuwa', 1),
(724, '7746', '048', 'Nugegoda', 1),
(725, '7746', '047', 'Panadura', 1),
(726, '7746', '051', 'Pelmadulla', 1),
(727, '7746', '056', 'Piliyandala', 1),
(728, '7746', '049', 'Premier Center', 1),
(729, '7746', '040', 'Ragama', 1),
(730, '7746', '053', 'Rajagiriya', 1),
(731, '7746', '008', 'Rathnapura', 1),
(732, '7746', '046', 'Ratmalana', 1),
(733, '7746', '071', 'Thalawathugoda', 1),
(734, '7746', '025', 'Tissamaharama', 1),
(735, '7746', '035', 'Trincomalee', 1),
(736, '7746', '033', 'Vavuniya', 1),
(737, '7746', '061', 'Warakapola', 1),
(738, '7746', '066', 'Wariyapola', 1),
(739, '7746', '013', 'Wattala', 1),
(740, '7746', '012', 'Wellawatta', 1),
(741, '7746', '018', 'Wennappuwa', 1),
(742, '7056', '172', 'Akkaraipattu', 1),
(743, '7056', '219', 'Akurana Service Point', 1),
(744, '7056', '035', 'Akuressa', 1),
(745, '7056', '188', 'Alawwa', 1),
(746, '7056', '040', 'Aluthgama', 1),
(747, '7056', '097', 'Ambalangoda', 1),
(748, '7056', '063', 'Ambalantota', 1),
(749, '7056', '100', 'Ampara', 1),
(750, '7056', '254', 'Anniwatte CSP', 1),
(751, '7056', '053', 'Anuradhapura', 1),
(752, '7056', '185', 'Anuradhapura New Town', 1),
(753, '7056', '156', 'Atchchuvely', 1),
(754, '7056', '130', 'Athurugiriya', 1),
(755, '7056', '231', 'Attidiya', 1),
(756, '7056', '070', 'Avissawella', 1),
(757, '7056', '098', 'Baddegama', 1),
(758, '7056', '052', 'Badulla', 1),
(759, '7056', '244', 'Badulla Minicom', 1),
(760, '7056', '082', 'Balangoda', 1),
(761, '7056', '106', 'Bambalapitiya', 1),
(762, '7056', '084', 'Bandaragama (C.S.P.)', 1),
(763, '7056', '247', 'Bandarawatta (Laugfs Super)', 1),
(764, '7056', '080', 'Bandarawela', 1),
(765, '7056', '113', 'Baseline', 1),
(766, '7056', '240', 'Batapola', 1),
(767, '7056', '252', 'Batharamulla Arpico Super Centre', 1),
(768, '7056', '029', 'Battaramulla', 1),
(769, '7056', '105', 'Batticaloa', 1),
(770, '7056', '242', 'Batticaloa Minicom', 1),
(771, '7056', '181', 'Beliatta', 1),
(772, '7056', '220', 'Beruwala CSP', 1),
(773, '7056', '249', 'BIA Counter', 1),
(774, '7056', '147', 'Biyagama', 1),
(775, '7056', '226', 'Bokundara CSP', 1),
(776, '7056', '142', 'Boralesgamuwa', 1),
(777, '7056', '132', 'Boralesgamuwa CSP', 1),
(778, '7056', '019', 'Borella', 1),
(779, '7056', '095', 'Card Centre', 1),
(780, '7056', '239', 'Chankanai', 1),
(781, '7056', '126', 'Chavakachcheri', 1),
(782, '7056', '168', 'Chenkalady', 1),
(783, '7056', '043', 'Chilaw', 1),
(784, '7056', '107', 'Chunakkam', 1),
(785, '7056', '002', 'City Office', 1),
(786, '7056', '050', 'Colombo 07', 1),
(787, '7056', '237', 'Colombo Gold Centre', 1),
(788, '7056', '054', 'Dambulla', 1),
(789, '7056', '164', 'Dankotuwa', 1),
(790, '7056', '058', 'Dehiwala', 1),
(791, '7056', '251', 'Dehiwala Arpico Super Centre', 1),
(792, '7056', '276', 'Deiyandara', 1),
(793, '7056', '269', 'Delgoda Laugfs Super', 1),
(794, '7056', '134', 'Delkanda', 1),
(795, '7056', '111', 'Deniyaya', 1),
(796, '7056', '140', 'Digana', 1),
(797, '7056', '180', 'Divulapitiya', 1),
(798, '7056', '068', 'Duplication Road', 1),
(799, '7056', '158', 'Eheliyagoda', 1),
(800, '7056', '071', 'Ekala? (CSP)', 1),
(801, '7056', '103', 'Elpitiya', 1),
(802, '7056', '030', 'Embilipitiya', 1),
(803, '7056', '003', 'Foreign', 1),
(804, '7056', '009', 'Galewela', 1),
(805, '7056', '027', 'Galle City', 1),
(806, '7056', '271', 'Galle City Minicom', 1),
(807, '7056', '005', 'Galle Fort', 1),
(808, '7056', '044', 'Gampaha', 1),
(809, '7056', '218', 'Gampaha CSP', 1),
(810, '7056', '102', 'Gampola', 1),
(811, '7056', '177', 'Ganemulla', 1),
(812, '7056', '265', 'Gelioya Service Point', 1),
(813, '7056', '182', 'Giriulla', 1),
(814, '7056', '197', 'Godakawela CSP', 1),
(815, '7056', '057', 'Grandpass', 1),
(816, '7056', '166', 'Hambantota', 1),
(817, '7056', '143', 'Hanwella', 1),
(818, '7056', '115', 'Hatton', 1),
(819, '7056', '000', 'Head Office', 1),
(820, '7056', '001', 'Head Office', 1),
(821, '7056', '999', 'Head Office', 1),
(822, '7056', '264', 'Hendala Service Point', 1),
(823, '7056', '014', 'Hikkaduwa', 1),
(824, '7056', '015', 'Hingurakgoda', 1),
(825, '7056', '258', 'Holiday Banking Centre ? Majestic City', 1),
(826, '7056', '075', 'Homagama', 1),
(827, '7056', '076', 'Horana', 1),
(828, '7056', '224', 'Horana Service Point', 1),
(829, '7056', '232', 'Hulftsdorp', 1),
(830, '7056', '253', 'Hydepark Arpico Service Center', 1),
(831, '7056', '901', 'Islamic Banking Unit', 1),
(832, '7056', '230', 'Ja ? Ela (K-Zone)', 1),
(833, '7056', '081', 'Ja-Ela', 1),
(834, '7056', '006', 'Jaffna', 1),
(835, '7056', '067', 'Kadawatha', 1),
(836, '7056', '234', 'Kadawatha (Arpico Super)', 1),
(837, '7056', '088', 'Kaduruwela', 1),
(838, '7056', '042', 'Kaduwela', 1),
(839, '7056', '133', 'Kahawatta', 1),
(840, '7056', '138', 'Kalawana', 1),
(841, '7056', '152', 'Kalmunai', 1),
(842, '7056', '036', 'Kalutara', 1),
(843, '7056', '267', 'Kalutara (Arpico Super)', 1),
(844, '7056', '104', 'Kamburupitiya', 1),
(845, '7056', '031', 'Kandana', 1),
(846, '7056', '004', 'Kandy', 1),
(847, '7056', '150', 'Kandy City office', 1),
(848, '7056', '135', 'karapitiya', 1),
(849, '7056', '173', 'Kataragama', 1),
(850, '7056', '193', 'Kattankudy', 1),
(851, '7056', '114', 'Katubedda', 1),
(852, '7056', '167', 'Katubedda CSP', 1),
(853, '7056', '045', 'Katugastota', 1),
(854, '7056', '245', 'Katugastota (Minicom)', 1),
(855, '7056', '227', 'Katukurunda CSP', 1),
(856, '7056', '190', 'Katunayake 24/7 Centre', 1),
(857, '7056', '025', 'Katunayake FTZ', 1),
(858, '7056', '021', 'Kegalle', 1),
(859, '7056', '110', 'Kekirawa', 1),
(860, '7056', '039', 'Keyzer Street', 1),
(861, '7056', '155', 'Kilinochchi', 1),
(862, '7056', '272', 'Kilinochchi Minicom', 1),
(863, '7056', '069', 'Kiribathgoda', 1),
(864, '7056', '257', 'Kiribathgoda Service Point', 1),
(865, '7056', '139', 'Kirindiwela', 1),
(866, '7056', '047', 'Kirulapona', 1),
(867, '7056', '217', 'Kirulapone Minicom', 1),
(868, '7056', '074', 'Kochchikade', 1),
(869, '7056', '198', 'Kodikamam', 1),
(870, '7056', '028', 'Koggala', 1),
(871, '7056', '087', 'Kohuwala', 1),
(872, '7056', '266', 'Kohuwala Service Point', 1),
(873, '7056', '011', 'Kollupitiya', 1),
(874, '7056', '012', 'Kotahena', 1),
(875, '7056', '119', 'Kotikawatta', 1),
(876, '7056', '121', 'Kottawa', 1),
(877, '7056', '051', 'Kuliyapitiya', 1),
(878, '7056', '255', 'Kundasale (Dumbara Super CSP)', 1),
(879, '7056', '016', 'Kurunegala', 1),
(880, '7056', '122', 'Kurunegala City Office', 1),
(881, '7056', '212', 'Kurunegala Service Point', 1),
(882, '7056', '175', 'Kuruwita', 1),
(883, '7056', '196', 'Liberty Plaza CSP', 1),
(884, '7056', '018', 'Maharagama', 1),
(885, '7056', '209', 'Maharagama Minicom', 1),
(886, '7056', '137', 'Mahiyanganaya', 1),
(887, '7056', '199', 'Makola', 1),
(888, '7056', '086', 'Malabe (C.S.P.)', 1),
(889, '7056', '153', 'Manipay', 1),
(890, '7056', '154', 'Mannar', 1),
(891, '7056', '032', 'Maradana', 1),
(892, '7056', '183', 'Marawila', 1),
(893, '7056', '195', 'Maskeliya', 1),
(894, '7056', '008', 'Matale', 1),
(895, '7056', '007', 'Matara', 1),
(896, '7056', '151', 'Matara City office', 1),
(897, '7056', '222', 'Matara Minicom Centre', 1),
(898, '7056', '096', 'Mathugama', 1),
(899, '7056', '268', 'Mattegoda (Laugfs Super)', 1),
(900, '7056', '079', 'Mawanella', 1),
(901, '7056', '161', 'Mawathagama', 1),
(902, '7056', '200', 'Medawachchiya', 1),
(903, '7056', '176', 'Middeniya', 1),
(904, '7056', '033', 'Minuwangoda', 1),
(905, '7056', '066', 'Mirigama', 1),
(906, '7056', '120', 'Monaragala', 1),
(907, '7056', '059', 'Moratuwa', 1),
(908, '7056', '210', 'Moratuwa Minicom', 1),
(909, '7056', '277', 'Morawaka', 1),
(910, '7056', '093', 'Mount Lavinia(C.S.P.)', 1),
(911, '7056', '229', 'Mulliyawalai', 1),
(912, '7056', '023', 'Mutuwal', 1),
(913, '7056', '022', 'Narahenpita', 1),
(914, '7056', '060', 'Narammala', 1),
(915, '7056', '055', 'Nattandiya', 1),
(916, '7056', '101', 'Nawala? (C.S.P.)', 1),
(917, '7056', '208', 'Nawala Service Point', 1),
(918, '7056', '089', 'Nawalapitiya', 1),
(919, '7056', '259', 'Nawam Mawatha', 1),
(920, '7056', '238', 'Nawinna (Arpico Super)', 1),
(921, '7056', '256', 'Negambo Arpico Super Centre', 1),
(922, '7056', '013', 'Negombo', 1),
(923, '7056', '118', 'Negombo Extension Office', 1),
(924, '7056', '108', 'Nelliady', 1),
(925, '7056', '125', 'Neluwa', 1),
(926, '7056', '083', 'Nikaweratiya', 1),
(927, '7056', '065', 'Nittambuwa', 1),
(928, '7056', '261', 'Nittambuwa CSP', 1),
(929, '7056', '241', 'Nochchiyagama', 1),
(930, '7056', '020', 'Nugegoda', 1),
(931, '7056', '034', 'Nuwara Eliya', 1),
(932, '7056', '017', 'Old Moor Street', 1),
(933, '7056', '270', 'Orion City ABC', 1),
(934, '7056', '187', 'Padukka', 1),
(935, '7056', '206', 'Palavi', 1),
(936, '7056', '041', 'Panadura', 1),
(937, '7056', '223', 'Panadura CSP', 1),
(938, '7056', '189', 'Panadura Second', 1),
(939, '7056', '038', 'Panchikawatte', 1),
(940, '7056', '144', 'Pannala', 1),
(941, '7056', '186', 'Passara', 1),
(942, '7056', '262', 'Pelawatte CSP', 1),
(943, '7056', '165', 'Peliyagoda CSP', 1),
(944, '7056', '149', 'Pelmadulla', 1),
(945, '7056', '073', 'Peradeniya? (CSP)', 1),
(946, '7056', '024', 'Pettah', 1),
(947, '7056', '072', 'Pettah Main Street', 1),
(948, '7056', '109', 'Pilimathalawa', 1),
(949, '7056', '077', 'Piliyandala', 1),
(950, '7056', '117', 'Pitakotte CSP', 1),
(951, '7056', '141', 'Polgahawela', 1),
(952, '7056', '194', 'Pottuvil', 1),
(953, '7056', '169', 'Priority Banking Centre', 1),
(954, '7056', '148', 'Puttlam', 1),
(955, '7056', '131', 'Raddolugama', 1),
(956, '7056', '221', 'Ragama', 1),
(957, '7056', '062', 'Rajagiriya', 1),
(958, '7056', '233', 'Rajagiriya (Keells Super)', 1),
(959, '7056', '216', 'Ramanayake Mawatha', 1),
(960, '7056', '046', 'Ratmalana', 1),
(961, '7056', '049', 'Ratnapura', 1),
(962, '7056', '213', 'Ratnapura (Laugfs Super)', 1),
(963, '7056', '116', 'Reid Avenue', 1),
(964, '7056', '163', 'Ruwanwella', 1),
(965, '7056', '064', 'Seeduwa', 1),
(966, '7056', '204', 'SLIC- CSP', 1),
(967, '7056', '127', 'Stanley Road, Jaffna', 1),
(968, '7056', '123', 'Tangalle', 1),
(969, '7056', '184', 'Thalawakelle', 1),
(970, '7056', '078', 'Thalawathugoda (C.S.P.)', 1),
(971, '7056', '162', 'Thambuttegama', 1),
(972, '7056', '157', 'Thirunelvely', 1),
(973, '7056', '124', 'Tissamaharama', 1),
(974, '7056', '037', 'Trincomalee', 1),
(975, '7056', '129', 'Udugama', 1),
(976, '7056', '048', 'Union Place', 1),
(977, '7056', '211', 'Union Place (Keells Super) Branch', 1),
(978, '7056', '236', 'Urubokka', 1),
(979, '7056', '159', 'Valachchenai', 1),
(980, '7056', '061', 'Vavuniya', 1),
(981, '7056', '171', 'Vavuniya Extension Office', 1),
(982, '7056', '170', 'Velanai', 1),
(983, '7056', '250', 'Veyangoda', 1),
(984, '7056', '146', 'Wadduwa', 1),
(985, '7056', '128', 'Warakapola', 1),
(986, '7056', '145', 'Ward Place', 1),
(987, '7056', '174', 'Wariyapola', 1),
(988, '7056', '056', 'Wattala', 1),
(989, '7056', '260', 'Wattala Arpico Super Center', 1),
(990, '7056', '225', 'Wattala Minicom', 1),
(991, '7056', '246', 'Wattgama', 1),
(992, '7056', '112', 'Weligama', 1),
(993, '7056', '136', 'Welimada', 1),
(994, '7056', '228', 'Weliweria', 1),
(995, '7056', '010', 'Wellawatte', 1),
(996, '7056', '179', 'Wellawatte 2nd', 1),
(997, '7056', '160', 'Wellawaya', 1),
(998, '7056', '026', 'Wennappuwa', 1),
(999, '7056', '248', 'Wennapuwa (Arpico) Super', 1),
(1000, '7056', '178', 'World Trade Centre', 1),
(1001, '7056', '085', 'Yakkala', 1),
(1002, '7870', '114', 'Akkaraipattu', 1),
(1003, '7870', '138', 'Akurana', 1),
(1004, '7870', '098', 'Akuressa', 1),
(1005, '7870', '081', 'Aluthgama', 1),
(1006, '7870', '001', 'Ambalangoda', 1),
(1007, '7870', '005', 'Ambalantota', 1),
(1008, '7870', '077', 'Ampara', 1),
(1009, '7870', '127', 'Anamaduwa', 1),
(1010, '7870', '120', 'Angunakolapelessa', 1),
(1011, '7870', '076', 'Anuradhapura', 1),
(1012, '7870', '073', 'Aralaganwila', 1),
(1013, '7870', '074', 'Avissawella', 1),
(1014, '7870', '124', 'Baddegama', 1),
(1015, '7870', '008', 'Badulla', 1),
(1016, '7870', '097', 'Bakamuna', 1),
(1017, '7870', '022', 'Balangoda', 1),
(1018, '7870', '051', 'Bandaragama', 1),
(1019, '7870', '003', 'Bandarawela', 1),
(1020, '7870', '111', 'Battaramulla', 1),
(1021, '7870', '002', 'Batticaloa', 1),
(1022, '7870', '132', 'Beruwala', 1),
(1023, '7870', '108', 'Bibile', 1),
(1024, '7870', '113', 'Chavakachcheri', 1),
(1025, '7870', '119', 'Chilaw', 1),
(1026, '7870', '090', 'Chunnakam', 1),
(1027, '7870', '064', 'City Office-A', 1),
(1028, '7870', '014', 'City Office-B', 1),
(1029, '7870', '058', 'City Office-C', 1),
(1030, '7870', '049', 'City Office-Colombo', 1),
(1031, '7870', '068', 'City Office-D', 1),
(1032, '7870', '009', 'City Office-E', 1),
(1033, '7870', '056', 'City Office-F', 1),
(1034, '7870', '055', 'City Office-G', 1),
(1035, '7870', '066', 'City Office-H', 1),
(1036, '7870', '004', 'City Office-I', 1),
(1037, '7870', '071', 'City Office-J', 1),
(1038, '7870', '057', 'City Office-K', 1),
(1039, '7870', '034', 'City Office-M', 1),
(1040, '7870', '050', 'City Office-None Fd', 1),
(1041, '7870', '047', 'City Office-P', 1),
(1042, '7870', '059', 'City Office-Q', 1),
(1043, '7870', '037', 'City Office-S', 1),
(1044, '7870', '063', 'Dambulla', 1),
(1045, '7870', '060', 'Dehiattakandiya', 1),
(1046, '7870', '089', 'Delft', 1),
(1047, '7870', '062', 'Deniyaya', 1),
(1048, '7870', '118', 'Deraniyagala', 1),
(1049, '7870', '131', 'Divulapitiya', 1),
(1050, '7870', '061', 'Elpitiya', 1),
(1051, '7870', '013', 'Embilipitiya', 1),
(1052, '7870', '137', 'Galagedara', 1),
(1053, '7870', '067', 'Galenbindunuwewa', 1),
(1054, '7870', '136', 'Galgamuwa', 1),
(1055, '7870', '065', 'Galle', 1),
(1056, '7870', '039', 'Galnewa', 1),
(1057, '7870', '041', 'Gampaha', 1),
(1058, '7870', '093', 'Gampola', 1),
(1059, '7870', '105', 'Giriulla', 1),
(1060, '7870', '130', 'Godakawela', 1),
(1061, '7870', '104', 'Hatton', 1),
(1062, '7870', '017', 'Hingurakgoda', 1),
(1063, '7870', '032', 'Homagama', 1),
(1064, '7870', '079', 'Horana', 1),
(1065, '7870', '083', 'Horowpathana', 1),
(1066, '7870', '123', 'Ingiriya', 1),
(1067, '7870', '133', 'Ja-Ela', 1),
(1068, '7870', '078', 'Jaffna', 1),
(1069, '7870', '016', 'Kaduwela', 1),
(1070, '7870', '129', 'Kalawana', 1),
(1071, '7870', '012', 'Kalmunai', 1),
(1072, '7870', '046', 'Kalpitiya', 1),
(1073, '7870', '010', 'Kalutara', 1),
(1074, '7870', '135', 'Kaluwanchikudy', 1),
(1075, '7870', '070', 'Kandy', 1),
(1076, '7870', '007', 'Kanthale', 1),
(1077, '7870', '072', 'Kcc', 1),
(1078, '7870', '069', 'Kegalle', 1),
(1079, '7870', '087', 'Kekirawa', 1),
(1080, '7870', '053', 'Kilinochchi', 1),
(1081, '7870', '128', 'Kinniya', 1),
(1082, '7870', '139', 'Kiribathgoda', 1),
(1083, '7870', '102', 'Kirindiwela', 1),
(1084, '7870', '052', 'Kuliyapitiya', 1),
(1085, '7870', '006', 'Kurunegala', 1),
(1086, '7870', '110', 'Mahaoya', 1),
(1087, '7870', '048', 'Maharagama', 1),
(1088, '7870', '043', 'Mahiyanganaya', 1),
(1089, '7870', '045', 'Mannar', 1),
(1090, '7870', '018', 'Matale', 1),
(1091, '7870', '044', 'Matara', 1),
(1092, '7870', '031', 'Mathugama', 1),
(1093, '7870', '029', 'Medawachchiya', 1),
(1094, '7870', '096', 'Melsiripura', 1),
(1095, '7870', '054', 'Monaragala', 1),
(1096, '7870', '030', 'Moratuwa', 1),
(1097, '7870', '099', 'Mount Lavinia', 1),
(1098, '7870', '117', 'Mullativu', 1),
(1099, '7870', '101', 'Muthur', 1),
(1100, '7870', '126', 'Naththandiya', 1),
(1101, '7870', '038', 'Nawalapitiya', 1),
(1102, '7870', '035', 'Negombo', 1),
(1103, '7870', '019', 'Nelliady', 1),
(1104, '7870', '084', 'Neluwa', 1),
(1105, '7870', '036', 'Nikaweratiya', 1),
(1106, '7870', '025', 'Nittambuwa', 1),
(1107, '7870', '082', 'Nochchiyagama', 1),
(1108, '7870', '033', 'Nugegoda', 1),
(1109, '7870', '023', 'Nuwara Eliya', 1),
(1110, '7870', '021', 'Padaviya', 1),
(1111, '7870', '091', 'Panadura', 1),
(1112, '7870', '121', 'Pilimathalawa', 1),
(1113, '7870', '134', 'Piliyandala', 1),
(1114, '7870', '026', 'Polonnaruwa', 1),
(1115, '7870', '112', 'Polpithigama', 1),
(1116, '7870', '107', 'Pothuvil', 1),
(1117, '7870', '086', 'Pulmude', 1),
(1118, '7870', '116', 'Pussellawa', 1),
(1119, '7870', '028', 'Puttalam', 1),
(1120, '7870', '027', 'Ratnapura', 1),
(1121, '7870', '040', 'Rikillagaskada', 1),
(1122, '7870', '085', 'Siyambalanduwa', 1),
(1123, '7870', '125', 'Tangalle', 1),
(1124, '7870', '103', 'Teldeniya', 1),
(1125, '7870', '042', 'Thambuththegama', 1),
(1126, '7870', '106', 'Thanamalwila', 1),
(1127, '7870', '122', 'Tissamaharama', 1),
(1128, '7870', '020', 'Trincomalee', 1),
(1129, '7870', '095', 'Udugama', 1),
(1130, '7870', '115', 'Valaichchenai', 1),
(1131, '7870', '024', 'Vavuniya', 1),
(1132, '7870', '109', 'Warakapola', 1),
(1133, '7870', '094', 'Wariyapola', 1),
(1134, '7870', '011', 'Wattala', 1),
(1135, '7870', '092', 'Weligama', 1),
(1136, '7870', '100', 'Welikanda', 1),
(1137, '7870', '080', 'Welimada', 1),
(1138, '7870', '075', 'Wellawatte', 1),
(1139, '7870', '140', 'Wellawaya', 1),
(1140, '7870', '015', 'Wennappuwa', 1),
(1141, '7807', '001', 'Head Office', 1),
(1142, '7807', '002', 'Virtual Branch', 1),
(1143, '7205', '000', 'Head Office', 1),
(1144, '7205', '999', 'Head Office', 1),
(1145, '7205', '001', 'Main Branch', 1),
(1146, '7454', '058', 'Akkaraipattu', 1),
(1147, '7454', '054', 'Akuressa', 1),
(1148, '7454', '038', 'Ambalangoda', 1),
(1149, '7454', '041', 'Ampara', 1),
(1150, '7454', '009', 'Anuradhapura', 1),
(1151, '7454', '085', 'Aralaganwila', 1),
(1152, '7454', '039', 'Avissawella', 1),
(1153, '7454', '011', 'Badulla', 1),
(1154, '7454', '080', 'Balangoda', 1),
(1155, '7454', '081', 'Bandaragama', 1),
(1156, '7454', '015', 'Bandaranayake Mawatha', 1),
(1157, '7454', '017', 'Bandarawela', 1),
(1158, '7454', '040', 'Batticaloa', 1),
(1159, '7454', '012', 'Borella', 1),
(1160, '7454', '800', 'Central Operations', 1),
(1161, '7454', '531', 'Central Province SLP Units', 1),
(1162, '7454', '032', 'Chilaw', 1),
(1163, '7454', '059', 'Chunnakam', 1),
(1164, '7454', '007', 'City Office', 1),
(1165, '7454', '020', 'Dambulla', 1),
(1166, '7454', '094', 'Dankotuwa', 1),
(1167, '7454', '084', 'Dehiattakandiya', 1),
(1168, '7454', '025', 'Deniyaya', 1),
(1169, '7454', '065', 'Digana', 1),
(1170, '7454', '561', 'Eastern? Province SLP Units', 1),
(1171, '7454', '068', 'Eheliyagoda', 1),
(1172, '7454', '053', 'Elpitiya', 1),
(1173, '7454', '045', 'Embilipitiya', 1),
(1174, '7454', '067', 'Galewela', 1),
(1175, '7454', '035', 'Galle', 1),
(1176, '7454', '010', 'Gampaha', 1),
(1177, '7454', '030', 'Gampola', 1),
(1178, '7454', '076', 'Gangodawila', 1),
(1179, '7454', '090', 'Giriulla', 1),
(1180, '7454', '062', 'Hambantota', 1),
(1181, '7454', '073', 'Hatton', 1),
(1182, '7454', '001', 'Head Office', 1),
(1183, '7454', '999', 'Head Office', 1),
(1184, '7454', '092', 'Hikkaduwa', 1),
(1185, '7454', '079', 'Hingurakgoda', 1),
(1186, '7454', '034', 'Horana', 1),
(1187, '7454', '075', 'Ibbagamuwa', 1),
(1188, '7454', '063', 'Ja Ela', 1),
(1189, '7454', '042', 'Jaffna', 1),
(1190, '7454', '029', 'Kadawatha', 1),
(1191, '7454', '014', 'Kaduruwela', 1),
(1192, '7454', '078', 'Kaduwela', 1),
(1193, '7454', '088', 'Kahawatta', 1),
(1194, '7454', '037', 'Kalawana', 1),
(1195, '7454', '026', 'Kaluthara', 1),
(1196, '7454', '083', 'Kandy City Centre', 1),
(1197, '7454', '055', 'Kattankudy', 1),
(1198, '7454', '006', 'Katugastota', 1),
(1199, '7454', '048', 'Katugastota', 1),
(1200, '7454', '049', 'Kegalle', 1),
(1201, '7454', '052', 'Kilinochchi', 1),
(1202, '7454', '027', 'Kiribathgoda', 1),
(1203, '7454', '089', 'Kochchikade', 1),
(1204, '7454', '064', 'Kotahena', 1),
(1205, '7454', '019', 'Kottawa', 1),
(1206, '7454', '022', 'Kuliyapitiya', 1),
(1207, '7454', '005', 'Kurunegala', 1),
(1208, '7454', '016', 'Maharagama', 1),
(1209, '7454', '003', 'Malabe', 1),
(1210, '7454', '060', 'Manipai', 1),
(1211, '7454', '031', 'Matale', 1),
(1212, '7454', '004', 'Matara', 1),
(1213, '7454', '069', 'Mathugama', 1),
(1214, '7454', '086', 'Medirigiriya', 1),
(1215, '7454', '050', 'Monaragala', 1),
(1216, '7454', '043', 'Moratuwa', 1),
(1217, '7454', '072', 'Mount Lavinia', 1),
(1218, '7454', '070', 'Narammala', 1),
(1219, '7454', '028', 'Nawala', 1),
(1220, '7454', '093', 'Nawalapitiya', 1),
(1221, '7454', '018', 'Negombo', 1),
(1222, '7454', '061', 'Nelliady', 1),
(1223, '7454', '071', 'Nikaweratiya', 1),
(1224, '7454', '551', 'North Central? Province SLP Units', 1),
(1225, '7454', '521', 'North Western Province SLP Units', 1),
(1226, '7454', '002', 'Nugegoda', 1),
(1227, '7454', '036', 'Nuwara Eliya', 1),
(1228, '7454', '057', 'Oddamavadi', 1),
(1229, '7454', '023', 'Panadura', 1),
(1230, '7454', '082', 'Peradeniya', 1),
(1231, '7454', '046', 'Pettah Peoples Park', 1),
(1232, '7454', '087', 'Pettah-Main Street', 1),
(1233, '7454', '024', 'Piliyandala', 1),
(1234, '7454', '700', 'Premier Banking Centre', 1),
(1235, '7454', '008', 'Rathnapura', 1),
(1236, '7454', '541', 'Sabaragamuwa Province SLP Units', 1),
(1237, '7454', '051', 'Sainthamaruthu', 1),
(1238, '7454', '501', 'Southern Province SLP Units', 1),
(1239, '7454', '056', 'Tangalle', 1),
(1240, '7454', '066', 'Thambuttegama', 1),
(1241, '7454', '044', 'Trincomalee', 1),
(1242, '7454', '571', 'Uva Province SLP Units', 1),
(1243, '7454', '047', 'Vavuniya', 1),
(1244, '7454', '021', 'Wattala', 1),
(1245, '7454', '077', 'Weligama', 1),
(1246, '7454', '074', 'Welimada', 1),
(1247, '7454', '033', 'Wellawatte', 1),
(1248, '7454', '091', 'Wennappuwa', 1),
(1249, '7454', '511', 'Western? Province SLP Units', 1),
(1250, '7074', '002', 'Dharmapala Mawatha', 1),
(1251, '7074', '006', 'Galle', 1),
(1252, '7074', '000', 'Habib Bank Ltd', 1),
(1253, '7074', '999', 'Head Office', 1),
(1254, '7074', '021', 'Islamic Banking', 1),
(1255, '7074', '003', 'Kalmunai', 1),
(1256, '7074', '005', 'Kandy', 1),
(1257, '7074', '001', 'Pettah', 1),
(1258, '7074', '007', 'Wellawatte', 1),
(1259, '7083', '078', 'Akkaraipattu', 1),
(1260, '7083', '236', 'Akurana', 1),
(1261, '7083', '151', 'Akuressa', 1),
(1262, '7083', '123', 'Alawwa', 1),
(1263, '7083', '109', 'Aluthgama', 1),
(1264, '7083', '001', 'Aluthkade', 1),
(1265, '7083', '081', 'Ambalangoda', 1),
(1266, '7083', '045', 'Ambalantota', 1),
(1267, '7083', '058', 'Ampara', 1),
(1268, '7083', '177', 'Anamaduwa', 1),
(1269, '7083', '239', 'Angunakolapelassa', 1),
(1270, '7083', '010', 'Anuradhapura', 1),
(1271, '7083', '232', 'Anuradhapura Metro', 1),
(1272, '7083', '193', 'Aralaganwila', 1),
(1273, '7083', '249', 'Asiri Surgical Hospital', 1),
(1274, '7083', '189', 'Atchchuvely', 1),
(1275, '7083', '154', 'Athurugiriya', 1),
(1276, '7083', '111', 'Avissawella', 1),
(1277, '7083', '011', 'Badulla', 1),
(1278, '7083', '071', 'Balangoda', 1),
(1279, '7083', '039', 'Bambalapitiya', 1),
(1280, '7083', '201', 'Bandaragama', 1),
(1281, '7083', '012', 'Bandarawela', 1),
(1282, '7083', '215', 'Batapola', 1),
(1283, '7083', '057', 'Batticaloa', 1),
(1284, '7083', '160', 'Beruwela', 1),
(1285, '7083', '233', 'Bibile', 1),
(1286, '7083', '047', 'Biyagama', 1),
(1287, '7083', '060', 'Bogawanthalawa', 1),
(1288, '7083', '112', 'Boralesgamuwa', 1),
(1289, '7083', '055', 'Borella', 1),
(1290, '7083', '075', 'Buttala', 1),
(1291, '7083', '113', 'Card Centre', 1),
(1292, '7083', '114', 'Central Colombo', 1),
(1293, '7083', '157', 'Chankanai', 1),
(1294, '7083', '137', 'Chavakachcheri', 1),
(1295, '7083', '040', 'Chilaw', 1),
(1296, '7083', '117', 'Chunnakam', 1),
(1297, '7083', '076', 'Cinnamon Gardens', 1),
(1298, '7083', '002', 'City Office', 1),
(1299, '7083', '048', 'Dambulla', 1),
(1300, '7083', '070', 'Dankotuwa', 1),
(1301, '7083', '196', 'Dehiattakandiya', 1),
(1302, '7083', '093', 'Dehiwala', 1),
(1303, '7083', '122', 'Delgoda', 1),
(1304, '7083', '103', 'Dematagoda', 1),
(1305, '7083', '120', 'Deniyaya Customer Centre', 1),
(1306, '7083', '238', 'Devinuwara', 1),
(1307, '7083', '176', 'Digana', 1),
(1308, '7083', '178', 'Dikwella', 1),
(1309, '7083', '229', 'Divulapitiya', 1),
(1310, '7083', '230', 'Ekala', 1),
(1311, '7083', '107', 'Elpitiya', 1),
(1312, '7083', '050', 'Embilipitiya', 1),
(1313, '7083', '135', 'Eravur', 1),
(1314, '7083', '198', 'Galaha', 1);
INSERT INTO `tbl_bank_branch` (`idtbl_bank_branch`, `bankcode`, `code`, `branch`, `status`) VALUES
(1315, '7083', '149', 'Galewela', 1),
(1316, '7083', '128', 'Galgamuwa', 1),
(1317, '7083', '013', 'Galle', 1),
(1318, '7083', '051', 'Gampaha', 1),
(1319, '7083', '014', 'Gampola', 1),
(1320, '7083', '136', 'Ganemulla', 1),
(1321, '7083', '218', 'Gelioya', 1),
(1322, '7083', '173', 'Ginigathhena', 1),
(1323, '7083', '148', 'Giriulla', 1),
(1324, '7083', '235', 'Godakawela', 1),
(1325, '7083', '046', 'Grandpass', 1),
(1326, '7083', '005', 'Green Path', 1),
(1327, '7083', '200', 'Hakmana', 1),
(1328, '7083', '068', 'Hambantota', 1),
(1329, '7083', '139', 'Hanwella', 1),
(1330, '7083', '234', 'Haputale', 1),
(1331, '7083', '015', 'Hatton', 1),
(1332, '7083', '003', 'Head Office', 1),
(1333, '7083', '004', 'Head Office', 1),
(1334, '7083', '131', 'Hendala', 1),
(1335, '7083', '152', 'Hettipola', 1),
(1336, '7083', '202', 'Hikkaduwa', 1),
(1337, '7083', '077', 'Homagama', 1),
(1338, '7083', '052', 'Horana', 1),
(1339, '7083', '063', 'Hulftsdorp', 1),
(1340, '7083', '245', 'Ingiriya', 1),
(1341, '7083', '054', 'International Division', 1),
(1342, '7083', '250', 'Islamic Banking Unit', 1),
(1343, '7083', '087', 'Ja-Ela', 1),
(1344, '7083', '219', 'Jaffna', 1),
(1345, '7083', '016', 'Jaffna Metro', 1),
(1346, '7083', '207', 'Jampettah Street', 1),
(1347, '7083', '084', 'Kadawatha', 1),
(1348, '7083', '082', 'Kaduwela', 1),
(1349, '7083', '017', 'Kahawatte', 1),
(1350, '7083', '241', 'Kaithady', 1),
(1351, '7083', '197', 'Kalawana', 1),
(1352, '7083', '192', 'Kallady', 1),
(1353, '7083', '091', 'Kalmunai', 1),
(1354, '7083', '034', 'Kalutara', 1),
(1355, '7083', '165', 'Kaluwanchikudy', 1),
(1356, '7083', '119', 'Kandana', 1),
(1357, '7083', '018', 'Kandy', 1),
(1358, '7083', '095', 'Kantale', 1),
(1359, '7083', '184', 'Karaitive', 1),
(1360, '7083', '227', 'Karapitiya', 1),
(1361, '7083', '240', 'Kataragama', 1),
(1362, '7083', '211', 'Kattankudy', 1),
(1363, '7083', '100', 'Katugastota', 1),
(1364, '7083', '049', 'Katunayake', 1),
(1365, '7083', '041', 'Kegalle', 1),
(1366, '7083', '231', 'Kekirawa', 1),
(1367, '7083', '138', 'Kelaniya', 1),
(1368, '7083', '146', 'Kilinochchi South', 1),
(1369, '7083', '195', 'Killinochchi North', 1),
(1370, '7083', '169', 'Kinniya', 1),
(1371, '7083', '056', 'Kiribathgoda', 1),
(1372, '7083', '099', 'Kirindiwela', 1),
(1373, '7083', '043', 'Kirulapone', 1),
(1374, '7083', '155', 'Kochchikade', 1),
(1375, '7083', '190', 'Kodikamam', 1),
(1376, '7083', '237', 'Koggala', 1),
(1377, '7083', '129', 'Kohuwela', 1),
(1378, '7083', '115', 'Kollupitiya', 1),
(1379, '7083', '194', 'Kolonnawa', 1),
(1380, '7083', '096', 'Kotahena', 1),
(1381, '7083', '098', 'Kottawa', 1),
(1382, '7083', '074', 'Kuliyapitiya', 1),
(1383, '7083', '188', 'Kundasale', 1),
(1384, '7083', '206', 'Kurumankadu', 1),
(1385, '7083', '243', 'Kurunduwatte', 1),
(1386, '7083', '019', 'Kurunegala', 1),
(1387, '7083', '224', 'Kurunegala Metro', 1),
(1388, '7083', '251', 'Lanka Hospital', 1),
(1389, '7083', '248', 'Lotus Road', 1),
(1390, '7083', '168', 'Madampe', 1),
(1391, '7083', '064', 'Maharagama', 1),
(1392, '7083', '124', 'Mahiyanganaya', 1),
(1393, '7083', '156', 'Malabe', 1),
(1394, '7083', '006', 'Maligawatta', 1),
(1395, '7083', '212', 'Mallavi', 1),
(1396, '7083', '150', 'Manipay', 1),
(1397, '7083', '020', 'Mannar', 1),
(1398, '7083', '108', 'Maradana', 1),
(1399, '7083', '079', 'Marandagahamula', 1),
(1400, '7083', '080', 'Marawila', 1),
(1401, '7083', '185', 'Maruthamunai', 1),
(1402, '7083', '021', 'Maskeliya', 1),
(1403, '7083', '065', 'Matale', 1),
(1404, '7083', '042', 'Matara', 1),
(1405, '7083', '125', 'Mathugama', 1),
(1406, '7083', '089', 'Mawanella', 1),
(1407, '7083', '143', 'Medawachchiya', 1),
(1408, '7083', '179', 'Medirigiriya', 1),
(1409, '7083', '127', 'Middeniya', 1),
(1410, '7083', '094', 'Minuwangoda', 1),
(1411, '7083', '180', 'Mirigama', 1),
(1412, '7083', '204', 'Mirihana', 1),
(1413, '7083', '053', 'Monaragala', 1),
(1414, '7083', '073', 'Moratumulla', 1),
(1415, '7083', '022', 'Moratuwa', 1),
(1416, '7083', '061', 'Mount Lavinia', 1),
(1417, '7083', '183', 'Mullativu', 1),
(1418, '7083', '174', 'Mullipothanai', 1),
(1419, '7083', '205', 'Mulliyawalai', 1),
(1420, '7083', '191', 'Muthur', 1),
(1421, '7083', '097', 'Mutwal', 1),
(1422, '7083', '172', 'Nanattan', 1),
(1423, '7083', '104', 'Narahenpita', 1),
(1424, '7083', '147', 'Nawala', 1),
(1425, '7083', '023', 'Nawalapitiya', 1),
(1426, '7083', '701', 'Nawam Mawatha', 1),
(1427, '7083', '024', 'Negombo', 1),
(1428, '7083', '145', 'Negombo Metro', 1),
(1429, '7083', '118', 'Nelliady', 1),
(1430, '7083', '121', 'Nikaweratiya', 1),
(1431, '7083', '159', 'Ninthavur', 1),
(1432, '7083', '025', 'Nittambuwa', 1),
(1433, '7083', '026', 'Nochchiyagama', 1),
(1434, '7083', '133', 'Norochchole', 1),
(1435, '7083', '027', 'Nugegoda', 1),
(1436, '7083', '028', 'Nuwara Eliya', 1),
(1437, '7083', '181', 'Padavi Parakramapura', 1),
(1438, '7083', '140', 'Padukka', 1),
(1439, '7083', '221', 'Pamankada', 1),
(1440, '7083', '210', 'Pamunugama', 1),
(1441, '7083', '069', 'Panadura', 1),
(1442, '7083', '059', 'Panchikawatta', 1),
(1443, '7083', '220', 'Passara', 1),
(1444, '7083', '228', 'Peliyagoda', 1),
(1445, '7083', '101', 'Pelmadulla', 1),
(1446, '7083', '223', 'Peradeniya', 1),
(1447, '7083', '007', 'Pettah', 1),
(1448, '7083', '247', 'Pettah Metro', 1),
(1449, '7083', '141', 'Pilimatalawa', 1),
(1450, '7083', '038', 'Piliyandala', 1),
(1451, '7083', '066', 'Pinnawala', 1),
(1452, '7083', '187', 'Pitigala', 1),
(1453, '7083', '132', 'Point Pedro', 1),
(1454, '7083', '044', 'Polonnaruwa', 1),
(1455, '7083', '158', 'Pottuvil', 1),
(1456, '7083', '166', 'Pugoda', 1),
(1457, '7083', '029', 'Pussellawa', 1),
(1458, '7083', '083', 'Puttalam', 1),
(1459, '7083', '244', 'Ragala', 1),
(1460, '7083', '102', 'Ragama', 1),
(1461, '7083', '208', 'Ratmalana', 1),
(1462, '7083', '030', 'Ratnapura', 1),
(1463, '7083', '162', 'Rikillagaskada', 1),
(1464, '7083', '222', 'Sammanthurai', 1),
(1465, '7083', '072', 'Sea Street', 1),
(1466, '7083', '209', 'Seeduwa', 1),
(1467, '7083', '186', 'Serunuwara', 1),
(1468, '7083', '170', 'Siyabalanduwa', 1),
(1469, '7083', '036', 'Sri Jay?awardanapura Kotte', 1),
(1470, '7083', '067', 'Suriyawewa', 1),
(1471, '7083', '085', 'Talangama', 1),
(1472, '7083', '086', 'Tangalle', 1),
(1473, '7083', '246', 'Thalawakele', 1),
(1474, '7083', '142', 'Thalawathugoda', 1),
(1475, '7083', '088', 'Thambuttegama', 1),
(1476, '7083', '164', 'Thandenweli', 1),
(1477, '7083', '092', 'Thimbirigasyaya', 1),
(1478, '7083', '134', 'Thirukovil', 1),
(1479, '7083', '144', 'Thirunelvely', 1),
(1480, '7083', '090', 'Tissamaharama', 1),
(1481, '7083', '105', 'Treasury Division', 1),
(1482, '7083', '031', 'Trincomalee', 1),
(1483, '7083', '225', 'Trincomalee Metro', 1),
(1484, '7083', '171', 'Udappuwa', 1),
(1485, '7083', '182', 'Uhana', 1),
(1486, '7083', '175', 'Uppuvelli', 1),
(1487, '7083', '199', 'Urubokka', 1),
(1488, '7083', '167', 'Valachchenai', 1),
(1489, '7083', '032', 'Vavuniya', 1),
(1490, '7083', '161', 'Velanai', 1),
(1491, '7083', '214', 'Veyangoda', 1),
(1492, '7083', '203', 'Wadduwa', 1),
(1493, '7083', '217', 'Walasmulla', 1),
(1494, '7083', '126', 'Warakapola', 1),
(1495, '7083', '153', 'Wariyapola', 1),
(1496, '7083', '035', 'Wattala', 1),
(1497, '7083', '213', 'Weligama', 1),
(1498, '7083', '033', 'Welimada', 1),
(1499, '7083', '130', 'Weliweriya', 1),
(1500, '7083', '009', 'Wellawatta', 1),
(1501, '7083', '106', 'Wellawaya', 1),
(1502, '7083', '110', 'Wennappuwa', 1),
(1503, '7083', '226', 'Wijerama', 1),
(1504, '7083', '703', 'World Trade Centre', 1),
(1505, '7083', '163', 'Yakkala', 1),
(1506, '7083', '216', 'Yakkalamulla', 1),
(1507, '7737', '001', 'Head Office', 1),
(1508, '7092', '007', 'Bambalapitiya', 1),
(1509, '7092', '003', 'Colpetty', 1),
(1510, '7092', '022', 'Galle', 1),
(1511, '7092', '001', 'Head Office', 1),
(1512, '7092', '999', 'Head Office', 1),
(1513, '7092', '000', 'Hongkong & Shanghai Bank', 1),
(1514, '7092', '021', 'Jaffna', 1),
(1515, '7092', '002', 'Kandy', 1),
(1516, '7092', '020', 'kohuwela', 1),
(1517, '7092', '018', 'Moratuwa', 1),
(1518, '7092', '017', 'Negombo', 1),
(1519, '7092', '005', 'Nugegoda', 1),
(1520, '7092', '008', 'Pelawatte', 1),
(1521, '7092', '015', 'Premier Centre', 1),
(1522, '7092', '012', 'Union Place', 1),
(1523, '7092', '014', 'Wattala', 1),
(1524, '7092', '004', 'Wellawatte', 1),
(1525, '7092', '006', 'World Trade Center', 1),
(1526, '7384', '001', 'Sri Lanka Branch', 1),
(1527, '7108', '000', 'Head Office', 1),
(1528, '7108', '001', 'Head Office', 1),
(1529, '7108', '999', 'Head Office', 1),
(1530, '7108', '002', 'Jaffna', 1),
(1531, '7117', '000', 'Head Office', 1),
(1532, '7117', '999', 'Head Office', 1),
(1533, '7117', '001', 'Matara', 1),
(1534, '7834', '001', 'Head Office', 1),
(1535, '7861', '000', 'Head Office', 1),
(1536, '7773', '055', 'Akkaraipattu', 1),
(1537, '7773', '087', 'Akuressa', 1),
(1538, '7773', '069', 'Aluthgama', 1),
(1539, '7773', '015', 'Ambalangoda', 1),
(1540, '7773', '016', 'Ampara', 1),
(1541, '7773', '008', 'Anuradhapura', 1),
(1542, '7773', '059', 'Anuradhapura 02', 1),
(1543, '7773', '017', 'Avissawella', 1),
(1544, '7773', '006', 'Badulla', 1),
(1545, '7773', '082', 'Badulla City', 1),
(1546, '7773', '024', 'Balangoda', 1),
(1547, '7773', '026', 'Bandarawela', 1),
(1548, '7773', '092', 'Battaramulla', 1),
(1549, '7773', '029', 'Batticaloa', 1),
(1550, '7773', '022', 'Boralesgamuwa', 1),
(1551, '7773', '046', 'Chavakachcheri', 1),
(1552, '7773', '096', 'Chenkalady', 1),
(1553, '7773', '019', 'Chilaw', 1),
(1554, '7773', '044', 'Chunnakam', 1),
(1555, '7773', '002', 'Corporate Office', 1),
(1556, '7773', '086', 'Dam Street', 1),
(1557, '7773', '023', 'Dambulla', 1),
(1558, '7773', '027', 'Dehiwala', 1),
(1559, '7773', '084', 'Delkada', 1),
(1560, '7773', '098', 'Deniyaya', 1),
(1561, '7773', '030', 'Elpitiya', 1),
(1562, '7773', '028', 'Embilipitiya', 1),
(1563, '7773', '009', 'Galle', 1),
(1564, '7773', '018', 'Gampaha', 1),
(1565, '7773', '040', 'Gampola', 1),
(1566, '7773', '050', 'Hatton', 1),
(1567, '7773', '001', 'Head Office', 1),
(1568, '7773', '075', 'Homagama', 1),
(1569, '7773', '041', 'Horana', 1),
(1570, '7773', '083', 'Ja Ela', 1),
(1571, '7773', '043', 'Jaffna', 1),
(1572, '7773', '099', 'Jaffna City', 1),
(1573, '7773', '100', 'Jaffna Premier', 1),
(1574, '7773', '042', 'Kadawatha', 1),
(1575, '7773', '073', 'Kaduwela', 1),
(1576, '7773', '066', 'Kalawanchikudy', 1),
(1577, '7773', '064', 'Kalmunai', 1),
(1578, '7773', '014', 'Kalutara', 1),
(1579, '7773', '032', 'Kandana', 1),
(1580, '7773', '005', 'Kandy', 1),
(1581, '7773', '070', 'Kandy City', 1),
(1582, '7773', '085', 'Kaththankudi', 1),
(1583, '7773', '063', 'Katugasthota', 1),
(1584, '7773', '025', 'Kegalle', 1),
(1585, '7773', '047', 'Kilinochchi', 1),
(1586, '7773', '010', 'Kiribathgoda', 1),
(1587, '7773', '057', 'Kochchikade', 1),
(1588, '7773', '058', 'Kotahena', 1),
(1589, '7773', '104', 'Kottawa', 1),
(1590, '7773', '081', 'Kotte', 1),
(1591, '7773', '037', 'Kuliyapitiya', 1),
(1592, '7773', '011', 'Kurunegala', 1),
(1593, '7773', '076', 'Kurunegala City', 1),
(1594, '7773', '093', 'Kurunegala Premier Centre', 1),
(1595, '7773', '036', 'Maharagama', 1),
(1596, '7773', '033', 'Mahiyanganaya', 1),
(1597, '7773', '072', 'Malabe', 1),
(1598, '7773', '045', 'Manipay', 1),
(1599, '7773', '031', 'Maradana', 1),
(1600, '7773', '077', 'Maskeliya', 1),
(1601, '7773', '035', 'Matale', 1),
(1602, '7773', '013', 'Matara', 1),
(1603, '7773', '068', 'Matara City', 1),
(1604, '7773', '052', 'Matugama', 1),
(1605, '7773', '095', 'Medawachchiya', 1),
(1606, '7773', '088', 'Monaragala', 1),
(1607, '7773', '065', 'Moratumulla', 1),
(1608, '7773', '094', 'Moratuwa', 1),
(1609, '7773', '090', 'Mount Lavinia', 1),
(1610, '7773', '074', 'Nawalapitiya', 1),
(1611, '7773', '004', 'Negambo', 1),
(1612, '7773', '051', 'Nelliady', 1),
(1613, '7773', '091', 'Neluwa', 1),
(1614, '7773', '003', 'Nugegoda', 1),
(1615, '7773', '049', 'Nuwara Eliya', 1),
(1616, '7773', '007', 'Panadura', 1),
(1617, '7773', '062', 'Pilimathalawa', 1),
(1618, '7773', '021', 'Piliyandala', 1),
(1619, '7773', '078', 'Pitigala', 1),
(1620, '7773', '020', 'Polonnaruwa', 1),
(1621, '7773', '056', 'Pothuvil', 1),
(1622, '7773', '097', 'Pussellawa', 1),
(1623, '7773', '038', 'Puttalam', 1),
(1624, '7773', '060', 'Rajagiriya', 1),
(1625, '7773', '012', 'Ratnapura', 1),
(1626, '7773', '080', 'Saindamarthu', 1),
(1627, '7773', '079', 'Samanturei', 1),
(1628, '7773', '067', 'Sea Street', 1),
(1629, '7773', '089', 'Tangalle', 1),
(1630, '7773', '054', 'Thambuththegama', 1),
(1631, '7773', '034', 'Tissamaharama', 1),
(1632, '7773', '039', 'Trincomalee', 1),
(1633, '7773', '101', 'Valaichchenai', 1),
(1634, '7773', '048', 'Vavuniya', 1),
(1635, '7773', '071', 'Warakapola', 1),
(1636, '7773', '102', 'Wattala', 1),
(1637, '7773', '061', 'Welimada', 1),
(1638, '7773', '053', 'Wennappuwa', 1),
(1639, '7269', '007', 'Batticaloa', 1),
(1640, '7269', '008', 'Galle', 1),
(1641, '7269', '001', 'Head Office', 1),
(1642, '7269', '999', 'Head Office', 1),
(1643, '7269', '004', 'Islamic Banking Unit', 1),
(1644, '7269', '006', 'Kandy', 1),
(1645, '7269', '009', 'Kollupitiya', 1),
(1646, '7269', '003', 'Maradana', 1),
(1647, '7269', '000', 'Middle East Bank', 1),
(1648, '7269', '002', 'Pettah', 1),
(1649, '7269', '005', 'Wellawatte', 1),
(1650, '7913', '001', 'Head Office', 1),
(1651, '7898', '114', 'Ambalangoda', 1),
(1652, '7898', '116', 'Ambalantota', 1),
(1653, '7898', '115', 'Ampara', 1),
(1654, '7898', '112', 'Anuradhapura', 1),
(1655, '7898', '117', 'Avissawella', 1),
(1656, '7898', '118', 'Bandarawela', 1),
(1657, '7898', '119', 'Batticaloa', 1),
(1658, '7898', '120', 'Chilaw', 1),
(1659, '7898', '121', 'City Office', 1),
(1660, '7898', '122', 'Dambulla', 1),
(1661, '7898', '123', 'Deniyaya', 1),
(1662, '7898', '124', 'Embilipitiya', 1),
(1663, '7898', '107', 'Galle', 1),
(1664, '7898', '102', 'Gampaha', 1),
(1665, '7898', '125', 'Hambantota', 1),
(1666, '7898', '128', 'Hatton', 1),
(1667, '7898', '151', 'Head Office', 1),
(1668, '7898', '126', 'Hingurakgoda', 1),
(1669, '7898', '127', 'Horana', 1),
(1670, '7898', '129', 'Ja-Ela', 1),
(1671, '7898', '130', 'Jaffna', 1),
(1672, '7898', '101', 'Kadawatha', 1),
(1673, '7898', '135', 'Kakirawa', 1),
(1674, '7898', '105', 'Kalutara', 1),
(1675, '7898', '136', 'Kandana', 1),
(1676, '7898', '131', 'Kandy', 1),
(1677, '7898', '133', 'Kandy City Office', 1),
(1678, '7898', '134', 'Kilinochchi', 1),
(1679, '7898', '132', 'Kiribathgoda', 1),
(1680, '7898', '109', 'Kotahena', 1),
(1681, '7898', '104', 'Kottawa', 1),
(1682, '7898', '137', 'Kuliyapitiya', 1),
(1683, '7898', '110', 'Kurunegala', 1),
(1684, '7898', '138', 'Maharagama', 1),
(1685, '7898', '142', 'Matara', 1),
(1686, '7898', '143', 'Matugama', 1),
(1687, '7898', '141', 'Metropolitan', 1),
(1688, '7898', '140', 'Monaragala', 1),
(1689, '7898', '106', 'Moratuwa', 1),
(1690, '7898', '103', 'Negombo', 1),
(1691, '7898', '144', 'Nittambuwa', 1),
(1692, '7898', '108', 'Nugegoda', 1),
(1693, '7898', '145', 'Panadura', 1),
(1694, '7898', '146', 'Puttlam', 1),
(1695, '7898', '113', 'Ratnapura', 1),
(1696, '7898', '147', 'Trincomalee', 1),
(1697, '7898', '100', 'Union Place', 1),
(1698, '7898', '148', 'Vavuniya', 1),
(1699, '7898', '150', 'Wattala', 1),
(1700, '7898', '149', 'Wennappuwa', 1),
(1701, '7214', '094', 'Akkaraipattu', 1),
(1702, '7214', '065', 'Akuressa', 1),
(1703, '7214', '059', 'Aluthgama', 1),
(1704, '7214', '047', 'Ambalangoda', 1),
(1705, '7214', '048', 'Ambalantota', 1),
(1706, '7214', '040', 'Ampara', 1),
(1707, '7214', '019', 'Anuradhapura', 1),
(1708, '7214', '071', 'Athurugiriya', 1),
(1709, '7214', '034', 'Awissawella', 1),
(1710, '7214', '018', 'Badulla', 1),
(1711, '7214', '077', 'Balangoda', 1),
(1712, '7214', '051', 'Bandarawela', 1),
(1713, '7214', '090', 'Battaramulla', 1),
(1714, '7214', '039', 'Batticaloa', 1),
(1715, '7214', '072', 'Boralesgamuwa', 1),
(1716, '7214', '052', 'Borella', 1),
(1717, '7214', '099', 'Chavakachcheri', 1),
(1718, '7214', '093', 'Chenkalady', 1),
(1719, '7214', '010', 'Chilaw', 1),
(1720, '7214', '062', 'Chunnakam', 1),
(1721, '7214', '064', 'Dambulla', 1),
(1722, '7214', '078', 'Eheliyagoda', 1),
(1723, '7214', '067', 'Elpitiya', 1),
(1724, '7214', '058', 'Embilipitiya', 1),
(1725, '7214', '021', 'Galle', 1),
(1726, '7214', '029', 'Gampaha', 1),
(1727, '7214', '050', 'Gampola', 1),
(1728, '7214', '086', 'Giriulla', 1),
(1729, '7214', '057', 'Hambantota', 1),
(1730, '7214', '088', 'Handala', 1),
(1731, '7214', '096', 'Hanwella', 1),
(1732, '7214', '000', 'Head Office', 1),
(1733, '7214', '014', 'Head Office', 1),
(1734, '7214', '999', 'Head Office', 1),
(1735, '7214', '900', 'Head Office(Corporare)', 1),
(1736, '7214', '100', 'Head Office(Retail)', 1),
(1737, '7214', '102', 'Hingurakgoda', 1),
(1738, '7214', '030', 'Homagama', 1),
(1739, '7214', '027', 'Horana', 1),
(1740, '7214', '601', 'Islamic Banking Unit', 1),
(1741, '7214', '044', 'Ja Ela', 1),
(1742, '7214', '037', 'Jaffna', 1),
(1743, '7214', '003', 'Jawatta', 1),
(1744, '7214', '026', 'Kadawatha', 1),
(1745, '7214', '060', 'Kaduruwela', 1),
(1746, '7214', '055', 'Kaduwela', 1),
(1747, '7214', '084', 'Kahawatta', 1),
(1748, '7214', '083', 'Kakirawa', 1),
(1749, '7214', '053', 'kalmunai', 1),
(1750, '7214', '016', 'Kalutara', 1),
(1751, '7214', '028', 'Kandana', 1),
(1752, '7214', '002', 'Kandy', 1),
(1753, '7214', '080', 'Kandy City Centre', 1),
(1754, '7214', '109', 'Katana', 1),
(1755, '7214', '082', 'Katunayake', 1),
(1756, '7214', '017', 'Kegalle', 1),
(1757, '7214', '025', 'Kiribathgoda', 1),
(1758, '7214', '089', 'Kochchikade', 1),
(1759, '7214', '032', 'Kohuwala', 1),
(1760, '7214', '024', 'Kotahena', 1),
(1761, '7214', '042', 'Kuliyapitiya', 1),
(1762, '7214', '007', 'Kurunegala', 1),
(1763, '7214', '012', 'Maharagama', 1),
(1764, '7214', '105', 'Mahawewa', 1),
(1765, '7214', '075', 'Mahiyangana', 1),
(1766, '7214', '031', 'Malabe', 1),
(1767, '7214', '097', 'Manipai', 1),
(1768, '7214', '103', 'Marine Drive', 1),
(1769, '7214', '046', 'Matale', 1),
(1770, '7214', '006', 'Matara', 1),
(1771, '7214', '045', 'Matugama', 1),
(1772, '7214', '063', 'Minuwangoda', 1),
(1773, '7214', '070', 'Monaragala', 1),
(1774, '7214', '015', 'Moratuwa', 1),
(1775, '7214', '020', 'Mount Lavinia', 1),
(1776, '7214', '074', 'Narahenpita', 1),
(1777, '7214', '091', 'Narammala', 1),
(1778, '7214', '095', 'Natthandiya', 1),
(1779, '7214', '001', 'Navam Mawatha', 1),
(1780, '7214', '061', 'Nawalapitiya', 1),
(1781, '7214', '009', 'Negombo', 1),
(1782, '7214', '066', 'Nelliady', 1),
(1783, '7214', '069', 'Nikaweratiya', 1),
(1784, '7214', '054', 'Nittambuwa', 1),
(1785, '7214', '004', 'Nugegoda', 1),
(1786, '7214', '076', 'Nuwara Eliya', 1),
(1787, '7214', '079', 'Old Moor Street', 1),
(1788, '7214', '035', 'Panadura', 1),
(1789, '7214', '022', 'Pelawatte', 1),
(1790, '7214', '043', 'Pettah', 1),
(1791, '7214', '049', 'Pilimatalawa', 1),
(1792, '7214', '023', 'Piliyandala', 1),
(1793, '7214', '087', 'Pitakotte', 1),
(1794, '7214', '033', 'Puttalam', 1),
(1795, '7214', '005', 'Rajagiriya', 1),
(1796, '7214', '073', 'Ratmalana', 1),
(1797, '7214', '013', 'Ratnapura', 1),
(1798, '7214', '104', 'Thambuttegama', 1),
(1799, '7214', '098', 'Thirunelvely', 1),
(1800, '7214', '092', 'Tissamaharama', 1),
(1801, '7214', '038', 'Trincomalee', 1),
(1802, '7214', '081', 'Uragasmanhandiya', 1),
(1803, '7214', '041', 'Vavuniya', 1),
(1804, '7214', '101', 'Warakapola', 1),
(1805, '7214', '056', 'Wariyapola', 1),
(1806, '7214', '011', 'Wattala', 1),
(1807, '7214', '008', 'Wellawatte', 1),
(1808, '7214', '036', 'Wennappuwa', 1),
(1809, '7214', '068', 'Yakkala', 1),
(1810, '7719', '752', 'Akkaraipattu', 1),
(1811, '7719', '055', 'Akuressa', 1),
(1812, '7719', '132', 'Alawathugoda', 1),
(1813, '7719', '742', 'Alawwa', 1),
(1814, '7719', '105', 'Aluthgama', 1),
(1815, '7719', '033', 'Ambalangoda', 1),
(1816, '7719', '011', 'Ambalantota', 1),
(1817, '7719', '030', 'Ampara', 1),
(1818, '7719', '746', 'Anamaduwa', 1),
(1819, '7719', '760', 'Angunakolapelessa', 1),
(1820, '7719', '005', 'Anuradhapura', 1),
(1821, '7719', '721', 'Aranayake Piyasa', 1),
(1822, '7719', '727', 'Arayampathy', 1),
(1823, '7719', '718', 'Atchuvely NSB Piyasa', 1),
(1824, '7719', '703', 'Athurugiriya Piyasa', 1),
(1825, '7719', '057', 'Avissawella', 1),
(1826, '7719', '128', 'Badalkumbura', 1),
(1827, '7719', '734', 'Baddegama', 1),
(1828, '7719', '022', 'Badulla', 1),
(1829, '7719', '786', 'Baduraliya', 1),
(1830, '7719', '091', 'Balangoda', 1),
(1831, '7719', '023', 'Bambalapitiya', 1),
(1832, '7719', '126', 'Bandaragama', 1),
(1833, '7719', '060', 'Bandarawela', 1),
(1834, '7719', '080', 'Battaramulla', 1),
(1835, '7719', '021', 'Batticaloa', 1),
(1836, '7719', '048', 'Beliatta', 1),
(1837, '7719', '028', 'Beruwala', 1),
(1838, '7719', '708', 'Bibile?piyasa?', 1),
(1839, '7719', '785', 'Bingiriya', 1),
(1840, '7719', '124', 'Boralesgamuwa', 1),
(1841, '7719', '061', 'Borella', 1),
(1842, '7719', '912', 'Br. Management Division', 1),
(1843, '7719', '710', 'Bulathkohupitiya', 1),
(1844, '7719', '738', 'Bulathsinhala', 1),
(1845, '7719', '741', 'Buttala', 1),
(1846, '7719', '725', 'Chankanai Piyasa', 1),
(1847, '7719', '073', 'Chavakachcheri', 1),
(1848, '7719', '109', 'Chenkaladi', 1),
(1849, '7719', '007', 'Chilaw', 1),
(1850, '7719', '072', 'Chunnakam', 1),
(1851, '7719', '002', 'City', 1),
(1852, '7719', '910', 'Credit Division, (H.L Division)', 1),
(1853, '7719', '103', 'Dambulla', 1),
(1854, '7719', '129', 'Dankotuwa', 1),
(1855, '7719', '024', 'Dehiwala', 1),
(1856, '7719', '747', 'Delgoda', 1),
(1857, '7719', '119', 'Delkanda', 1),
(1858, '7719', '783', 'Deltota', 1),
(1859, '7719', '054', 'Deniyaya', 1),
(1860, '7719', '112', 'Deraniyagala', 1),
(1861, '7719', '039', 'Devinuwara', 1),
(1862, '7719', '082', 'Dickwella', 1),
(1863, '7719', '748', 'Digana', 1),
(1864, '7719', '096', 'Divulapitiya', 1),
(1865, '7719', '094', 'Elpitiya', 1),
(1866, '7719', '013', 'Embilipitiya', 1),
(1867, '7719', '788', 'Eppawala', 1),
(1868, '7719', '145', 'Galagedara', 1),
(1869, '7719', '137', 'Galenbindunuwewa', 1),
(1870, '7719', '755', 'Galewela', 1),
(1871, '7719', '729', 'Galgamuwa', 1),
(1872, '7719', '003', 'Galle', 1),
(1873, '7719', '058', 'Galnewa', 1),
(1874, '7719', '037', 'Gampaha', 1),
(1875, '7719', '074', 'Gampola', 1),
(1876, '7719', '705', 'Ganemulla Piyasa', 1),
(1877, '7719', '791', 'Gelioya', 1),
(1878, '7719', '784', 'Ginigathhena', 1),
(1879, '7719', '787', 'Giriulla', 1),
(1880, '7719', '133', 'Godakawela', 1),
(1881, '7719', '735', 'Habaraduwa', 1),
(1882, '7719', '062', 'Hakmana', 1),
(1883, '7719', '751', 'Hali Ela', 1),
(1884, '7719', '781', 'Hambantota', 1),
(1885, '7719', '750', 'Hanwella', 1),
(1886, '7719', '116', 'Hatton', 1),
(1887, '7719', '001', 'Head Office', 1),
(1888, '7719', '709', 'Hettipola', 1),
(1889, '7719', '113', 'Hikkaduwa', 1),
(1890, '7719', '076', 'Hingurakgoda', 1),
(1891, '7719', '027', 'Homagama', 1),
(1892, '7719', '063', 'Horana', 1),
(1893, '7719', '136', 'Horawpathana', 1),
(1894, '7719', '771', 'Ibbagamuwa', 1),
(1895, '7719', '911', 'IBU (NRFC)', 1),
(1896, '7719', '757', 'Imaduwa', 1),
(1897, '7719', '764', 'Ingiriya', 1),
(1898, '7719', '036', 'Ja-Ela', 1),
(1899, '7719', '006', 'Jaffna', 1),
(1900, '7719', '075', 'Kadawatha', 1),
(1901, '7719', '122', 'Kaduruwela', 1),
(1902, '7719', '095', 'Kaduwela', 1),
(1903, '7719', '759', 'Kahatagasdigiliya', 1),
(1904, '7719', '104', 'Kahathuduwa', 1),
(1905, '7719', '737', 'Kahawatte', 1),
(1906, '7719', '739', 'Kalawana', 1),
(1907, '7719', '114', 'Kalawanchikudy', 1),
(1908, '7719', '047', 'Kalmunai', 1),
(1909, '7719', '115', 'Kalubowila', 1),
(1910, '7719', '012', 'Kalutara', 1),
(1911, '7719', '086', 'Kamburupitiya', 1),
(1912, '7719', '141', 'Kandana', 1),
(1913, '7719', '015', 'Kandy', 1),
(1914, '7719', '081', 'Kandy 2nd', 1),
(1915, '7719', '711', 'Kandy City Center', 1),
(1916, '7719', '762', 'Kantale', 1),
(1917, '7719', '731', 'Karainagar', 1),
(1918, '7719', '121', 'Karapitiya', 1),
(1919, '7719', '093', 'Katubedda', 1),
(1920, '7719', '723', 'Katugastota Piyasa', 1),
(1921, '7719', '052', 'Katunayake', 1),
(1922, '7719', '730', 'Kayts', 1),
(1923, '7719', '767', 'Kebithigollawa', 1),
(1924, '7719', '018', 'Kegalle', 1),
(1925, '7719', '775', 'Kekanadura', 1),
(1926, '7719', '014', 'Kekirawa', 1),
(1927, '7719', '716', 'Kelaniya NSB Piyasa', 1),
(1928, '7719', '019', 'Kilinochchi', 1),
(1929, '7719', '067', 'Kiribathgoda', 1),
(1930, '7719', '778', 'Kiriella', 1),
(1931, '7719', '099', 'Kirindiwela', 1),
(1932, '7719', '031', 'Kochchikade', 1),
(1933, '7719', '131', 'Kodikamam', 1),
(1934, '7719', '065', 'Kollupitiya 2nd', 1),
(1935, '7719', '147', 'Kopay', 1),
(1936, '7719', '087', 'Kotahena', 1),
(1937, '7719', '102', 'Kottawa', 1),
(1938, '7719', '008', 'Kuliyapitiya', 1),
(1939, '7719', '017', 'kurunegala', 1),
(1940, '7719', '772', 'Kuruwita', 1),
(1941, '7719', '761', 'Madampe', 1),
(1942, '7719', '083', 'Mahabage', 1),
(1943, '7719', '053', 'Maharagama', 1),
(1944, '7719', '041', 'Mahiyanganaya', 1),
(1945, '7719', '142', 'Maho', 1),
(1946, '7719', '123', 'Malabe', 1),
(1947, '7719', '077', 'Maligawatta', 1),
(1948, '7719', '774', 'Mallavi', 1),
(1949, '7719', '107', 'Manipay', 1),
(1950, '7719', '049', 'Mannar', 1),
(1951, '7719', '069', 'Marawila', 1),
(1952, '7719', '016', 'Matale', 1),
(1953, '7719', '004', 'Matara', 1),
(1954, '7719', '045', 'Matugama', 1),
(1955, '7719', '059', 'Mawanella', 1),
(1956, '7719', '749', 'Mawathagama', 1),
(1957, '7719', '763', 'Medawachchiya', 1),
(1958, '7719', '776', 'Medirigiriya', 1),
(1959, '7719', '106', 'Meegoda', 1),
(1960, '7719', '780', 'Melsiripura', 1),
(1961, '7719', '724', 'Middeniya Piyasa', 1),
(1962, '7719', '098', 'Minuwangoda', 1),
(1963, '7719', '079', 'Mirigama', 1),
(1964, '7719', '046', 'Monaragala', 1),
(1965, '7719', '125', 'Moratumulla', 1),
(1966, '7719', '020', 'Moratuwa', 1),
(1967, '7719', '090', 'Morawaka', 1),
(1968, '7719', '068', 'Mount Lavinia', 1),
(1969, '7719', '127', 'Mulgampola', 1),
(1970, '7719', '130', 'Mullative', 1),
(1971, '7719', '733', 'Mulleriyawa New Town', 1),
(1972, '7719', '732', 'Mutwal', 1),
(1973, '7719', '064', 'Narahenpita', 1),
(1974, '7719', '707', 'Narammala Piyasa', 1),
(1975, '7719', '034', 'Naththandiya', 1),
(1976, '7719', '779', 'Naula', 1),
(1977, '7719', '111', 'Nawala', 1),
(1978, '7719', '050', 'Nawalapitiya', 1),
(1979, '7719', '009', 'Negombo', 1),
(1980, '7719', '717', 'Nelliady NSB Piyasa', 1),
(1981, '7719', '704', 'Neluwa Piyasa', 1),
(1982, '7719', '040', 'Nikaweratiya', 1),
(1983, '7719', '100', 'Nittambuwa', 1),
(1984, '7719', '777', 'Nivithigala', 1),
(1985, '7719', '745', 'Nochchiyagama', 1),
(1986, '7719', '026', 'Nugegoda', 1),
(1987, '7719', '056', 'Nuwara Eliya', 1),
(1988, '7719', '753', 'Palugamam', 1),
(1989, '7719', '043', 'Panadura', 1),
(1990, '7719', '758', 'Passara', 1),
(1991, '7719', '909', 'PBU ? Ampara', 1),
(1992, '7719', '906', 'PBU ? Anuradhapura', 1),
(1993, '7719', '917', 'PBU ? Eheliyagoda', 1),
(1994, '7719', '903', 'PBU ? Galle', 1),
(1995, '7719', '908', 'PBU ? Gampaha', 1),
(1996, '7719', '901', 'PBU ? Head Office', 1),
(1997, '7719', '916', 'PBU ? Jaffna', 1),
(1998, '7719', '907', 'PBU ? Kalutara', 1),
(1999, '7719', '902', 'PBU ? Kandy', 1),
(2000, '7719', '905', 'PBU ? Kegalle', 1),
(2001, '7719', '915', 'PBU ? Kurunegala', 1),
(2002, '7719', '904', 'PBU ? Matara', 1),
(2003, '7719', '025', 'Peliyagoda', 1),
(2004, '7719', '736', 'Pelmadulla', 1),
(2005, '7719', '134', 'Periyakallar', 1),
(2006, '7719', '051', 'Pettah', 1),
(2007, '7719', '084', 'Pilimathalawa', 1),
(2008, '7719', '071', 'Piliyandala', 1),
(2009, '7719', '138', 'Pitakatte', 1),
(2010, '7719', '139', 'Pitigala', 1),
(2011, '7719', '032', 'Point Pedro', 1),
(2012, '7719', '726', 'Polgahawela', 1),
(2013, '7719', '770', 'Pothuvil', 1),
(2014, '7719', '790', 'Pugoda', 1),
(2015, '7719', '744', 'Pundaluoya', 1),
(2016, '7719', '769', 'Pussellawa', 1),
(2017, '7719', '044', 'Puttalama', 1),
(2018, '7719', '719', 'Puwakaramba Piyasa', 1),
(2019, '7719', '728', 'Raddolugama', 1),
(2020, '7719', '792', 'Ragala', 1),
(2021, '7719', '701', 'Ragama Piyasa', 1),
(2022, '7719', '765', 'Rambukkana', 1),
(2023, '7719', '010', 'Ratnapura', 1),
(2024, '7719', '782', 'Rideegama', 1),
(2025, '7719', '722', 'Rikillagaskada Piyasa', 1),
(2026, '7719', '035', 'Ruwanwella', 1),
(2027, '7719', '118', 'Samanthurai', 1),
(2028, '7719', '146', 'Siyambalanduwa', 1),
(2029, '7719', '754', 'Sooriyawewa', 1),
(2030, '7719', '756', 'Tambuttegama', 1),
(2031, '7719', '713', 'Tangalle NSB Piyasa', 1),
(2032, '7719', '078', 'Thalawakele', 1),
(2033, '7719', '789', 'Thalawathugoda', 1),
(2034, '7719', '135', 'Thamabiluvil', 1),
(2035, '7719', '108', 'Thirunelvely', 1),
(2036, '7719', '097', 'Tissamaharama', 1),
(2037, '7719', '089', 'Trincomalee', 1),
(2038, '7719', '143', 'Udugama', 1),
(2039, '7719', '144', 'Uhana', 1),
(2040, '7719', '110', 'Uragasmanhandiya', 1),
(2041, '7719', '140', 'Urubokka', 1),
(2042, '7719', '720', 'Valaichenai Piyasa', 1),
(2043, '7719', '773', 'Vankalai', 1),
(2044, '7719', '088', 'Vavuniya', 1),
(2045, '7719', '092', 'Veyangoda', 1),
(2046, '7719', '715', 'Wadduwa NSB Piyasa', 1),
(2047, '7719', '714', 'Walasmulla NSB Piyasa', 1),
(2048, '7719', '042', 'Warakapola', 1),
(2049, '7719', '766', 'Wariyapola', 1),
(2050, '7719', '085', 'Wattala', 1),
(2051, '7719', '768', 'Wattegama', 1),
(2052, '7719', '712', 'Weeraketiya NSB Piyasa', 1),
(2053, '7719', '066', 'Weligama', 1),
(2054, '7719', '117', 'Welikada', 1),
(2055, '7719', '101', 'Welimada', 1),
(2056, '7719', '706', 'Wellampitiya Piyasa', 1),
(2057, '7719', '070', 'Wellawatta', 1),
(2058, '7719', '740', 'Wellawaya', 1),
(2059, '7719', '029', 'Wennappuwa', 1),
(2060, '7719', '702', 'WTC Piyasa', 1),
(2061, '7719', '120', 'Yakkala', 1),
(2062, '7719', '743', 'Yatiyantota', 1),
(2063, '7162', '057', 'Akkaraipattu', 1),
(2064, '7162', '063', 'Akuressa', 1),
(2065, '7162', '047', 'Aluthgama', 1),
(2066, '7162', '056', 'Ambalangoda', 1),
(2067, '7162', '062', 'Ambalantota', 1),
(2068, '7162', '039', 'Anuradhapura', 1),
(2069, '7162', '091', 'Avissawella', 1),
(2070, '7162', '059', 'Badulla', 1),
(2071, '7162', '064', 'Balangoda', 1),
(2072, '7162', '072', 'Bandaragama', 1),
(2073, '7162', '032', 'Bandarawela', 1),
(2074, '7162', '010', 'Battaramulla', 1),
(2075, '7162', '034', 'Batticaloa', 1),
(2076, '7162', '075', 'Boralasgamuwa', 1),
(2077, '7162', '015', 'Borella', 1),
(2078, '7162', '400', 'Card Center', 1),
(2079, '7162', '000', 'Central Clearing', 1),
(2080, '7162', '043', 'Chilaw', 1),
(2081, '7162', '002', 'Colpetty', 1),
(2082, '7162', '006', 'Corporate', 1),
(2083, '7162', '022', 'Crescat', 1),
(2084, '7162', '023', 'Dehiwala', 1),
(2085, '7162', '065', 'Deniyaya', 1),
(2086, '7162', '011', 'Dharmapala Mawatha', 1),
(2087, '7162', '073', 'Digana', 1),
(2088, '7162', '082', 'Elpitiya', 1),
(2089, '7162', '061', 'Embilipitiya', 1),
(2090, '7162', '029', 'Galle', 1),
(2091, '7162', '018', 'Gampaha', 1),
(2092, '7162', '088', 'Gampola', 1),
(2093, '7162', '083', 'Giriulla', 1),
(2094, '7162', '077', 'Gothatuwa', 1),
(2095, '7162', '058', 'Hambantota', 1),
(2096, '7162', '025', 'Havelock Town', 1),
(2097, '7162', '999', 'Head Office', 1),
(2098, '7162', '087', 'Hikkaduwa', 1),
(2099, '7162', '031', 'Homagama', 1),
(2100, '7162', '036', 'Horana', 1),
(2101, '7162', '060', 'Ja-Ela', 1),
(2102, '7162', '035', 'Jaffna', 1),
(2103, '7162', '021', 'Kadawatha', 1),
(2104, '7162', '045', 'Kaduruwela', 1),
(2105, '7162', '070', 'Kaduwela', 1),
(2106, '7162', '037', 'Kalmunai', 1),
(2107, '7162', '004', 'Kandy', 1),
(2108, '7162', '093', 'Kandy City Center', 1),
(2109, '7162', '067', 'Karapitiya', 1),
(2110, '7162', '069', 'Katugastota', 1),
(2111, '7162', '079', 'Kegalle', 1),
(2112, '7162', '016', 'Kiribathgoda', 1),
(2113, '7162', '054', 'Kohuwala', 1),
(2114, '7162', '504', 'Kohuwala', 1),
(2115, '7162', '019', 'Kotahena', 1),
(2116, '7162', '076', 'Kottawa', 1),
(2117, '7162', '055', 'Kuliyapitiya', 1),
(2118, '7162', '012', 'Kurunegala', 1),
(2119, '7162', '500', 'Liberty Plaza', 1),
(2120, '7162', '009', 'Mahabage', 1),
(2121, '7162', '013', 'Maharagama', 1),
(2122, '7162', '038', 'Malabe', 1),
(2123, '7162', '092', 'Matale', 1),
(2124, '7162', '028', 'Matara', 1),
(2125, '7162', '066', 'Matugama', 1),
(2126, '7162', '090', 'Mawathagama', 1),
(2127, '7162', '086', 'Minuwangoda', 1),
(2128, '7162', '074', 'Monaragala', 1),
(2129, '7162', '014', 'Moratuwa', 1),
(2130, '7162', '052', 'Mount Lavinia', 1),
(2131, '7162', '502', 'Mount Lavinia', 1),
(2132, '7162', '081', 'Narahenpita', 1),
(2133, '7162', '027', 'Nawala', 1),
(2134, '7162', '024', 'Nawam Mawatha', 1),
(2135, '7162', '007', 'Negombo(C.S.P.)', 1),
(2136, '7162', '044', 'Nelliady', 1),
(2137, '7162', '085', 'Nittambuwa', 1),
(2138, '7162', '001', 'NTB.Head Office,', 1),
(2139, '7162', '053', 'Nugegoda', 1),
(2140, '7162', '503', 'Nugegoda', 1),
(2141, '7162', '042', 'Nuwara Eliya', 1),
(2142, '7162', '071', 'Old Moor Street', 1),
(2143, '7162', '017', 'Panadura', 1),
(2144, '7162', '026', 'Peradeniya', 1),
(2145, '7162', '008', 'Pettah', 1),
(2146, '7162', '046', 'Pettah Second', 1),
(2147, '7162', '040', 'Piliyandala', 1),
(2148, '7162', '068', 'Rajagiriya', 1),
(2149, '7162', '041', 'Ratnapura', 1),
(2150, '7162', '003', 'Sri Sangharaja Mw.', 1),
(2151, '7162', '089', 'Tangalle', 1),
(2152, '7162', '030', 'Thalawathugoda', 1),
(2153, '7162', '080', 'Tissamaharama', 1),
(2154, '7162', '049', 'Trincomalee', 1),
(2155, '7162', '033', 'Vavuniya', 1),
(2156, '7162', '020', 'Ward Place', 1),
(2157, '7162', '078', 'Wariyapola', 1),
(2158, '7162', '051', 'Wattala', 1),
(2159, '7162', '501', 'Wattala', 1),
(2160, '7162', '084', 'Weligama', 1),
(2161, '7162', '005', 'Wellawatte', 1),
(2162, '7162', '048', 'Wennappuwa', 1),
(2163, '7162', '050', 'World Trade Centre', 1),
(2164, '7311', '060', 'Akkaraipaththu', 1),
(2165, '7311', '072', 'Akuressa', 1),
(2166, '7311', '041', 'Ambalangoda', 1),
(2167, '7311', '053', 'Ambalanthota', 1),
(2168, '7311', '032', 'Anuradhapura', 1),
(2169, '7311', '045', 'Badulla', 1),
(2170, '7311', '062', 'Balangoda', 1),
(2171, '7311', '009', 'Bambalapitiya', 1),
(2172, '7311', '048', 'Bandarawela', 1),
(2173, '7311', '063', 'Battaramulla', 1),
(2174, '7311', '040', 'Batticaloa', 1),
(2175, '7311', '031', 'Borella', 1),
(2176, '7311', '036', 'Chilaw', 1),
(2177, '7311', '061', 'Chunnakam', 1),
(2178, '7311', '078', 'Colombo Gold Centre', 1),
(2179, '7311', '019', 'Dam Street', 1),
(2180, '7311', '049', 'Dambulla', 1),
(2181, '7311', '015', 'Dehiwela', 1),
(2182, '7311', '038', 'Embilipitiya', 1),
(2183, '7311', '071', 'Galewela', 1),
(2184, '7311', '025', 'Galle', 1),
(2185, '7311', '011', 'Gampaha', 1),
(2186, '7311', '030', 'Gampola', 1),
(2187, '7311', '075', 'Hatton', 1),
(2188, '7311', '999', 'Head Office', 1),
(2189, '7311', '076', 'Homagama', 1),
(2190, '7311', '077', 'Horana', 1),
(2191, '7311', '814', 'Internationl Remittance', 1),
(2192, '7311', '066', 'Ja-Ela', 1),
(2193, '7311', '037', 'Jaffna', 1),
(2194, '7311', '026', 'Kadawatha', 1),
(2195, '7311', '052', 'Kaduruwela', 1),
(2196, '7311', '081', 'Kaduwela', 1),
(2197, '7311', '042', 'Kalmunai', 1),
(2198, '7311', '047', 'Kalubowila', 1),
(2199, '7311', '033', 'Kalutara', 1),
(2200, '7311', '005', 'Kandy', 1),
(2201, '7311', '044', 'Kandy City Centre', 1),
(2202, '7311', '057', 'Kanthankudy', 1),
(2203, '7311', '020', 'Katugastota', 1),
(2204, '7311', '027', 'Kegalle', 1),
(2205, '7311', '067', 'Kekirawa', 1),
(2206, '7311', '043', 'Kilinochchi', 1),
(2207, '7311', '054', 'Kiribathgoda', 1),
(2208, '7311', '022', 'Kirulapana', 1),
(2209, '7311', '003', 'Kollupitiya', 1),
(2210, '7311', '014', 'Kotahena', 1),
(2211, '7311', '080', 'Kottawa', 1),
(2212, '7311', '046', 'Kuliyapitiya', 1),
(2213, '7311', '058', 'Kundasale', 1),
(2214, '7311', '012', 'Kurunegala', 1),
(2215, '7311', '023', 'Maharagama', 1),
(2216, '7311', '035', 'Malabe', 1),
(2217, '7311', '039', 'Matale', 1),
(2218, '7311', '013', 'Matara', 1),
(2219, '7311', '082', 'Mawanella', 1),
(2220, '7311', '001', 'Metro', 1),
(2221, '7311', '069', 'Minuwangoda', 1),
(2222, '7311', '059', 'Monaragala', 1),
(2223, '7311', '024', 'Moratuwa', 1),
(2224, '7311', '021', 'Narahenpita', 1),
(2225, '7311', '079', 'Nawala', 1),
(2226, '7311', '010', 'Negombo', 1),
(2227, '7311', '056', 'Nelliady', 1),
(2228, '7311', '008', 'Nugegoda', 1),
(2229, '7311', '018', 'Old Moor Street', 1),
(2230, '7311', '017', 'Panadura', 1),
(2231, '7311', '002', 'Panchikawatte', 1),
(2232, '7311', '051', 'Peradeniya', 1),
(2233, '7311', '004', 'Pettah', 1),
(2234, '7311', '065', 'Pilimathalawa', 1),
(2235, '7311', '055', 'Piliyandala', 1),
(2236, '7311', '064', 'Puttalama', 1),
(2237, '7311', '006', 'Rajagiriya', 1),
(2238, '7311', '050', 'Ratmalana', 1),
(2239, '7311', '007', 'Ratnapura', 1),
(2240, '7311', '074', 'Tangalle', 1),
(2241, '7311', '068', 'Thalawathugoda', 1),
(2242, '7311', '073', 'Trincomalee', 1),
(2243, '7311', '034', 'Vavuniya', 1),
(2244, '7311', '070', 'Warakapola', 1),
(2245, '7311', '016', 'Wattala', 1),
(2246, '7311', '029', 'Wellawatta', 1),
(2247, '7311', '028', 'Wennappuwa', 1),
(2248, '7135', '228', 'Addalachchene', 1),
(2249, '7135', '188', 'Ahangama', 1),
(2250, '7135', '063', 'Akkaraipattu', 1),
(2251, '7135', '153', 'Akurana', 1),
(2252, '7135', '117', 'Akuressa', 1),
(2253, '7135', '294', 'Alawathugoda', 1),
(2254, '7135', '149', 'Alawwa', 1),
(2255, '7135', '084', 'Aluthgama', 1),
(2256, '7135', '035', 'Ambalangoda', 1),
(2257, '7135', '072', 'Ambalantota', 1),
(2258, '7135', '015', 'Ampara', 1),
(2259, '7135', '267', 'Anamaduwa', 1),
(2260, '7135', '205', 'Angunakolapalessa', 1),
(2261, '7135', '183', 'Ankumbura', 1),
(2262, '7135', '008', 'Anuradhapura', 1),
(2263, '7135', '220', 'Anuradhapura-Nuwarawewa', 1),
(2264, '7135', '253', 'Aralaganwila', 1),
(2265, '7135', '248', 'Aranayake', 1),
(2266, '7135', '107', 'Atchchuvely', 1),
(2267, '7135', '029', 'Avissawella', 1),
(2268, '7135', '347', 'Badalkubura', 1),
(2269, '7135', '087', 'Baddegama', 1),
(2270, '7135', '010', 'Badulla', 1),
(2271, '7135', '269', 'Badulla-Muthiyangana', 1),
(2272, '7135', '283', 'Baduraliya', 1),
(2273, '7135', '242', 'Bakamuna', 1),
(2274, '7135', '017', 'Balangoda', 1),
(2275, '7135', '154', 'Balapitiya', 1),
(2276, '7135', '310', 'Bambalapitiya', 1),
(2277, '7135', '121', 'Bandaragama', 1),
(2278, '7135', '037', 'Bandarawela', 1),
(2279, '7135', '234', 'Batapola', 1),
(2280, '7135', '208', 'Battaramulla', 1),
(2281, '7135', '075', 'Batticaloa', 1),
(2282, '7135', '113', 'Batticaloa Town', 1),
(2283, '7135', '244', 'Beliatta', 1),
(2284, '7135', '311', 'Beruwala', 1),
(2285, '7135', '011', 'Bibile', 1),
(2286, '7135', '172', 'Bingiriya', 1),
(2287, '7135', '354', 'Bogawanthalawa', 1),
(2288, '7135', '209', 'Boralanda', 1),
(2289, '7135', '348', 'Boralesgamuwa', 1),
(2290, '7135', '078', 'Borella', 1),
(2291, '7135', '320', 'Borella Town', 1),
(2292, '7135', '252', 'Bulathkohupitiya', 1),
(2293, '7135', '161', 'Bulathsinhala', 1),
(2294, '7135', '147', 'Buttala', 1),
(2295, '7135', '326', 'Capricon', 1),
(2296, '7135', '600', 'Card Center', 1),
(2297, '7135', '999', 'CCD', 1),
(2298, '7135', '108', 'Chankanai', 1),
(2299, '7135', '110', 'Chavakachcheri', 1),
(2300, '7135', '356', 'Cheddikulam', 1),
(2301, '7135', '227', 'Chenkalady', 1),
(2302, '7135', '024', 'Chilaw', 1),
(2303, '7135', '109', 'Chunnakam', 1),
(2304, '7135', '297', 'Dam Street', 1),
(2305, '7135', '138', 'Dambulla', 1),
(2306, '7135', '291', 'Dankotuwa', 1),
(2307, '7135', '206', 'Davulagala', 1),
(2308, '7135', '330', 'Dehiattakandiya', 1),
(2309, '7135', '293', 'Dehiowita', 1),
(2310, '7135', '019', 'Dehiwala', 1),
(2311, '7135', '337', 'Dehiwela (Galle Rd.)', 1),
(2312, '7135', '118', 'Delgoda', 1),
(2313, '7135', '257', 'Deltota', 1),
(2314, '7135', '071', 'Dematagoda', 1),
(2315, '7135', '132', 'Deniyaya', 1),
(2316, '7135', '180', 'Deraniyagala', 1),
(2317, '7135', '243', 'Devinuwara', 1),
(2318, '7135', '135', 'Dickwella', 1),
(2319, '7135', '151', 'Diyatalawa', 1),
(2320, '7135', '001', 'Duke Street', 1),
(2321, '7135', '085', 'Eheliyagoda', 1),
(2322, '7135', '073', 'Elpitiya', 1),
(2323, '7135', '045', 'Embilipitiya', 1),
(2324, '7135', '170', 'Eppawela', 1),
(2325, '7135', '123', 'Eravur', 1),
(2326, '7135', '114', 'Galagedera', 1),
(2327, '7135', '177', 'Galenbindunuwewa', 1),
(2328, '7135', '115', 'Galewela', 1),
(2329, '7135', '184', 'Galgamuwa', 1),
(2330, '7135', '185', 'Galigamuwa', 1),
(2331, '7135', '301', 'Galkiriyagama', 1),
(2332, '7135', '013', 'Galle Fort', 1),
(2333, '7135', '169', 'Galle Main Street', 1),
(2334, '7135', '179', 'Galnewa', 1),
(2335, '7135', '026', 'Gampaha', 1),
(2336, '7135', '018', 'Gampola', 1),
(2337, '7135', '307', 'Gandara', 1),
(2338, '7135', '332', 'Ganemulla', 1),
(2339, '7135', '097', 'Gangodawila', 1),
(2340, '7135', '302', 'Ginigathhena', 1),
(2341, '7135', '298', 'Ginthupitiya', 1),
(2342, '7135', '268', 'Girandurukotte', 1),
(2343, '7135', '092', 'Giriulla', 1),
(2344, '7135', '245', 'Godakawela', 1),
(2345, '7135', '238', 'Gonagaldeniya', 1),
(2346, '7135', '126', 'Grandpass', 1),
(2347, '7135', '203', 'Habarana', 1),
(2348, '7135', '130', 'Hakmana', 1),
(2349, '7135', '195', 'Haldummulla', 1),
(2350, '7135', '225', 'Haliela', 1),
(2351, '7135', '007', 'Hambantota', 1),
(2352, '7135', '022', 'Hanguranketha', 1),
(2353, '7135', '229', 'Hanwella', 1),
(2354, '7135', '216', 'Haputale', 1),
(2355, '7135', '140', 'Hasalaka', 1),
(2356, '7135', '341', 'Hataraliyadda', 1),
(2357, '7135', '186', 'Hatton', 1),
(2358, '7135', '204', 'Head Quarters', 1),
(2359, '7135', '221', 'Hemmathagama', 1),
(2360, '7135', '144', 'Hettipola', 1),
(2361, '7135', '136', 'Hikkaduwa', 1),
(2362, '7135', '006', 'Hingurakgoda', 1),
(2363, '7135', '049', 'Homagama', 1),
(2364, '7135', '041', 'Horana', 1),
(2365, '7135', '218', 'Horowpathana', 1),
(2366, '7135', '025', 'Hyde park Corner', 1),
(2367, '7135', '207', 'Ibbagamuwa', 1),
(2368, '7135', '247', 'Imaduwa', 1),
(2369, '7135', '300', 'Ingiriya', 1),
(2370, '7135', '004', 'International Division', 1),
(2371, '7135', '239', 'Ja Ela', 1),
(2372, '7135', '284', 'Jaffna Kannathiddy', 1),
(2373, '7135', '104', 'Jaffna Main Street', 1),
(2374, '7135', '030', 'Jaffna Stanley Road', 1),
(2375, '7135', '162', 'Jaffna University', 1),
(2376, '7135', '273', 'Kadawatha', 1),
(2377, '7135', '159', 'Kadugannawa', 1),
(2378, '7135', '196', 'Kaduwela', 1),
(2379, '7135', '051', 'Kahatagasdigiliya', 1),
(2380, '7135', '155', 'Kahawatte', 1),
(2381, '7135', '235', 'Kalawana', 1),
(2382, '7135', '339', 'Kallar', 1),
(2383, '7135', '023', 'Kalmunai', 1),
(2384, '7135', '125', 'Kalpitiya', 1),
(2385, '7135', '289', 'Kaltota', 1),
(2386, '7135', '039', 'Kalutara', 1),
(2387, '7135', '190', 'Kaluwanchikudy', 1),
(2388, '7135', '133', 'Kamburupitiya', 1),
(2389, '7135', '175', 'Kandana', 1),
(2390, '7135', '250', 'Kandeketiya', 1),
(2391, '7135', '003', 'Kandy', 1),
(2392, '7135', '357', 'Kandy City Centre', 1),
(2393, '7135', '031', 'Kankasanthurai', 1),
(2394, '7135', '090', 'Kantale', 1),
(2395, '7135', '223', 'Karaitivu', 1),
(2396, '7135', '343', 'Karapitiya', 1),
(2397, '7135', '168', 'Kataragama', 1),
(2398, '7135', '065', 'Kattankudy', 1),
(2399, '7135', '313', 'Katubedda', 1),
(2400, '7135', '089', 'Katugastota', 1),
(2401, '7135', '276', 'Katunayake', 1),
(2402, '7135', '105', 'Kayts', 1),
(2403, '7135', '150', 'Kebithigollawa', 1),
(2404, '7135', '027', 'Kegalle', 1),
(2405, '7135', '299', 'Kegalle Bazaar', 1),
(2406, '7135', '259', 'Kehelwatte', 1),
(2407, '7135', '042', 'Kekirawa', 1),
(2408, '7135', '055', 'Kelaniya', 1),
(2409, '7135', '240', 'Keppetipola', 1),
(2410, '7135', '327', 'Kesbewa', 1),
(2411, '7135', '048', 'Kilinochchi', 1),
(2412, '7135', '094', 'Kinniya', 1),
(2413, '7135', '237', 'Kiribathgoda', 1),
(2414, '7135', '266', 'Kiriella', 1),
(2415, '7135', '202', 'Kirindiwela', 1),
(2416, '7135', '319', 'Kirulapana', 1),
(2417, '7135', '281', 'Kobeigane', 1),
(2418, '7135', '142', 'Kochchikade', 1),
(2419, '7135', '329', 'Koggala', 1),
(2420, '7135', '342', 'Kokkaddicholai', 1),
(2421, '7135', '210', 'Kollupitiya Co-op House', 1),
(2422, '7135', '194', 'Kolonnawa', 1),
(2423, '7135', '260', 'Koslanda', 1),
(2424, '7135', '308', 'Kotahena', 1),
(2425, '7135', '098', 'Kotikawatte', 1),
(2426, '7135', '355', 'Kotiyakumbura', 1),
(2427, '7135', '328', 'Kottawa', 1),
(2428, '7135', '288', 'Kudawella', 1),
(2429, '7135', '028', 'Kuliyapitiya', 1),
(2430, '7135', '012', 'Kurunegala', 1),
(2431, '7135', '226', 'Kurunegala Maliyadeva', 1),
(2432, '7135', '334', 'Kurunegala-Ethugalpura', 1),
(2433, '7135', '263', 'Kuruwita', 1),
(2434, '7135', '309', 'Liberty Plaza', 1),
(2435, '7135', '331', 'Lucky Plaza', 1),
(2436, '7135', '251', 'Lunugala', 1),
(2437, '7135', '215', 'Madampe', 1),
(2438, '7135', '282', 'Maggona', 1),
(2439, '7135', '181', 'Maha ? Oya', 1),
(2440, '7135', '217', 'Mahara', 1),
(2441, '7135', '306', 'Maharagama', 1),
(2442, '7135', '303', 'Mahawewa', 1),
(2443, '7135', '058', 'Mahiyangana', 1),
(2444, '7135', '052', 'Maho', 1),
(2445, '7135', '200', 'Majestic City', 1),
(2446, '7135', '137', 'Makandura', 1),
(2447, '7135', '191', 'Malwana', 1),
(2448, '7135', '312', 'Malwatta Road', 1),
(2449, '7135', '165', 'Mankulam', 1),
(2450, '7135', '044', 'Mannar', 1),
(2451, '7135', '236', 'Maradana', 1),
(2452, '7135', '100', 'Marandagahamula', 1),
(2453, '7135', '322', 'Marawila', 1),
(2454, '7135', '346', 'Maruthamunai', 1),
(2455, '7135', '178', 'Maskeliya', 1),
(2456, '7135', '002', 'Matale', 1),
(2457, '7135', '152', 'Matara Dharmapala Mawatha', 1),
(2458, '7135', '032', 'Matara Uyanwatta', 1),
(2459, '7135', '070', 'Mathugama', 1),
(2460, '7135', '069', 'Mawanella', 1),
(2461, '7135', '199', 'Mawathagama', 1),
(2462, '7135', '258', 'Medagama', 1),
(2463, '7135', '096', 'Medawachchiya', 1),
(2464, '7135', '231', 'Medirigiriya', 1),
(2465, '7135', '246', 'Meegalewa', 1),
(2466, '7135', '344', 'Melsiripura', 1),
(2467, '7135', '157', 'Menikhinna', 1),
(2468, '7135', '176', 'Mid City', 1),
(2469, '7135', '265', 'Middeniya', 1),
(2470, '7135', '021', 'Minuwangoda', 1),
(2471, '7135', '198', 'Mirigama', 1),
(2472, '7135', '068', 'Monaragala', 1),
(2473, '7135', '290', 'Moratumulla', 1),
(2474, '7135', '091', 'Moratuwa', 1),
(2475, '7135', '060', 'Morawaka', 1),
(2476, '7135', '336', 'Mount Lavinia', 1),
(2477, '7135', '046', 'Mudalige Mawatha', 1),
(2478, '7135', '020', 'Mulativu', 1),
(2479, '7135', '166', 'Murunkan', 1),
(2480, '7135', '095', 'Muttur', 1),
(2481, '7135', '214', 'Mutuwal', 1),
(2482, '7135', '119', 'Narahenpita', 1),
(2483, '7135', '082', 'Narammala', 1),
(2484, '7135', '083', 'Nattandiya', 1),
(2485, '7135', '146', 'Naula', 1),
(2486, '7135', '053', 'Nawalapitiya', 1),
(2487, '7135', '249', 'Neboda', 1),
(2488, '7135', '034', 'Negombo', 1),
(2489, '7135', '106', 'Nelliady', 1),
(2490, '7135', '124', 'Nikeweratiya', 1),
(2491, '7135', '127', 'Nildandahinna.', 1),
(2492, '7135', '296', 'Nintavur', 1),
(2493, '7135', '278', 'Nittambuwa', 1),
(2494, '7135', '192', 'Nivitigala', 1),
(2495, '7135', '171', 'Nochchiyagama', 1),
(2496, '7135', '174', 'Nugegoda', 1),
(2497, '7135', '335', 'Nugegoda City', 1),
(2498, '7135', '134', 'Nuwara Eliya', 1),
(2499, '7135', '340', 'Oddamavady', 1),
(2500, '7135', '275', 'Olcott Mawatha', 1),
(2501, '7135', '796', 'Overseas Customers Unit', 1),
(2502, '7135', '043', 'Padaviya', 1),
(2503, '7135', '349', 'Pallebedda', 1),
(2504, '7135', '241', 'Pallepola', 1),
(2505, '7135', '318', 'Pamunugama', 1),
(2506, '7135', '148', 'Panadura', 1),
(2507, '7135', '321', 'Panadura Town', 1),
(2508, '7135', '211', 'Panwila', 1),
(2509, '7135', '111', 'Paranthan', 1),
(2510, '7135', '116', 'Passara', 1),
(2511, '7135', '261', 'Pelawatte', 1),
(2512, '7135', '160', 'Pelmadulla', 1),
(2513, '7135', '057', 'Peradeniya', 1),
(2514, '7135', '139', 'Pettah', 1),
(2515, '7135', '256', 'Pilimatalawa', 1),
(2516, '7135', '103', 'Piliyandala', 1),
(2517, '7135', '359', 'Piliyandala City', 1),
(2518, '7135', '279', 'Pitakotte', 1),
(2519, '7135', '285', 'Point Pedro', 1),
(2520, '7135', '059', 'Polgahawela', 1),
(2521, '7135', '005', 'Polonnaruwa', 1),
(2522, '7135', '232', 'Polonnaruwa Town', 1),
(2523, '7135', '360', 'Polpithigama', 1),
(2524, '7135', '358', 'Poojapitiya', 1),
(2525, '7135', '280', 'Pothuhera', 1),
(2526, '7135', '164', 'Potuvil', 1),
(2527, '7135', '093', 'Pugoda', 1),
(2528, '7135', '352', 'Pulmudai', 1),
(2529, '7135', '173', 'Pundaluoya', 1),
(2530, '7135', '274', 'Pussellawa', 1),
(2531, '7135', '009', 'Puttalam', 1),
(2532, '7135', '033', 'Queens', 1),
(2533, '7135', '036', 'Ragala', 1),
(2534, '7135', '316', 'Ragama', 1),
(2535, '7135', '129', 'Rakwana', 1),
(2536, '7135', '101', 'Rambukkana', 1),
(2537, '7135', '345', 'Ranna', 1),
(2538, '7135', '080', 'Ratmalana', 1),
(2539, '7135', '088', 'Ratnapura', 1),
(2540, '7135', '317', 'Ratnapura Town', 1),
(2541, '7135', '128', 'Ratthota', 1),
(2542, '7135', '193', 'Ridigama', 1),
(2543, '7135', '353', 'Rikillagaskada', 1),
(2544, '7135', '081', 'Ruwanwella', 1),
(2545, '7135', '338', 'Sainthamaruthu', 1),
(2546, '7135', '064', 'Samanthurai', 1),
(2547, '7135', '277', 'Sea Street', 1),
(2548, '7135', '324', 'Seeduwa', 1),
(2549, '7135', '158', 'Senkadagala', 1),
(2550, '7135', '233', 'Serunuwara', 1),
(2551, '7135', '056', 'Sri Sangaraja Mawatha', 1),
(2552, '7135', '143', 'Suduwella', 1),
(2553, '7135', '264', 'Suriyawewa', 1),
(2554, '7135', '315', 'Talawa', 1),
(2555, '7135', '038', 'Talawakele', 1),
(2556, '7135', '272', 'Talgaswela', 1),
(2557, '7135', '219', 'Tambuttegama', 1),
(2558, '7135', '230', 'Tanamalwila', 1),
(2559, '7135', '067', 'Tangalle', 1),
(2560, '7135', '112', 'Teldeniya', 1),
(2561, '7135', '351', 'Thambala', 1),
(2562, '7135', '086', 'Thimbirigasyaya', 1),
(2563, '7135', '224', 'Thirukkovil', 1),
(2564, '7135', '270', 'Thulhiriya', 1),
(2565, '7135', '061', 'Tissamaharama', 1),
(2566, '7135', '167', 'Town Hall, Colombo', 1),
(2567, '7135', '066', 'Trincomalee', 1),
(2568, '7135', '255', 'Trincomalee Town', 1),
(2569, '7135', '292', 'Udapussellawa', 1),
(2570, '7135', '295', 'Udawalawe', 1),
(2571, '7135', '131', 'Udugama', 1),
(2572, '7135', '189', 'Uhana', 1),
(2573, '7135', '201', 'Ukuwela', 1),
(2574, '7135', '014', 'Union Place', 1),
(2575, '7135', '197', 'Uragasmanhandiya', 1),
(2576, '7135', '271', 'Urubokka', 1),
(2577, '7135', '156', 'Uva-Paranagama', 1),
(2578, '7135', '102', 'Valaichechenai', 1),
(2579, '7135', '040', 'Vavuniya', 1),
(2580, '7135', '141', 'Velvetiturai', 1),
(2581, '7135', '079', 'Veyangoda', 1),
(2582, '7135', '262', 'Wadduwa', 1),
(2583, '7135', '304', 'Walasgala', 1),
(2584, '7135', '120', 'Walasmulla', 1),
(2585, '7135', '325', 'Wanduramba', 1),
(2586, '7135', '054', 'Warakapola', 1),
(2587, '7135', '163', 'Wariyapola', 1),
(2588, '7135', '222', 'Wattala', 1),
(2589, '7135', '074', 'Wattegama', 1),
(2590, '7135', '350', 'Weeraketiya', 1),
(2591, '7135', '077', 'Weligama', 1),
(2592, '7135', '254', 'Welikanda', 1),
(2593, '7135', '016', 'Welimada', 1),
(2594, '7135', '145', 'Wellawatte', 1),
(2595, '7135', '062', 'Wellawaya', 1),
(2596, '7135', '076', 'Wennappuwa', 1),
(2597, '7135', '122', 'Wilgamuwa', 1),
(2598, '7135', '333', 'Yakkala', 1),
(2599, '7135', '047', 'Yatiyantota', 1),
(2600, '7922', '002', 'Akuressa', 1),
(2601, '7922', '003', 'Ambalangoda', 1),
(2602, '7922', '004', 'Ambalantota', 1),
(2603, '7922', '005', 'Ampara', 1),
(2604, '7922', '006', 'Anuradhapura', 1),
(2605, '7922', '007', 'Avissawella', 1),
(2606, '7922', '008', 'Badulla', 1),
(2607, '7922', '009', 'Balangoda', 1),
(2608, '7922', '010', 'Bandarawela', 1),
(2609, '7922', '011', 'Battaramulla', 1),
(2610, '7922', '012', 'Batticaloa', 1),
(2611, '7922', '013', 'Bentota', 1),
(2612, '7922', '014', 'Chilaw', 1),
(2613, '7922', '015', 'Chunnakam', 1),
(2614, '7922', '017', 'Dambulla', 1),
(2615, '7922', '018', 'Dehiwala', 1),
(2616, '7922', '019', 'Deniyaya', 1),
(2617, '7922', '020', 'Digana', 1),
(2618, '7922', '021', 'Elpitiya', 1),
(2619, '7922', '022', 'Embilipitiya', 1),
(2620, '7922', '023', 'Galle', 1),
(2621, '7922', '024', 'Gampaha', 1),
(2622, '7922', '025', 'Gampola', 1),
(2623, '7922', '026', 'Giriulla', 1),
(2624, '7922', '027', 'Grandpass', 1),
(2625, '7922', '028', 'Hambantota', 1),
(2626, '7922', '029', 'Hatton', 1),
(2627, '7922', '030', 'Havelock City', 1);
INSERT INTO `tbl_bank_branch` (`idtbl_bank_branch`, `bankcode`, `code`, `branch`, `status`) VALUES
(2628, '7922', '001', 'Head Office', 1),
(2629, '7922', '031', 'Homagama', 1),
(2630, '7922', '032', 'Horana', 1),
(2631, '7922', '033', 'Ja-Ela', 1),
(2632, '7922', '034', 'Jaffna', 1),
(2633, '7922', '035', 'Kadawatha', 1),
(2634, '7922', '036', 'Kaduwela', 1),
(2635, '7922', '037', 'Kalawana', 1),
(2636, '7922', '038', 'Kalmunai ? AlSafa', 1),
(2637, '7922', '039', 'Kalutara', 1),
(2638, '7922', '040', 'Kaluwanchikudy', 1),
(2639, '7922', '041', 'Kandy', 1),
(2640, '7922', '042', 'Kandy ? AlSafa', 1),
(2641, '7922', '043', 'Kanthale', 1),
(2642, '7922', '044', 'Kattankudy ? AlSafa', 1),
(2643, '7922', '045', 'Kegalle', 1),
(2644, '7922', '046', 'Kekirawa', 1),
(2645, '7922', '047', 'Kelaniya', 1),
(2646, '7922', '048', 'Kilinochchi', 1),
(2647, '7922', '049', 'Kirindiwela', 1),
(2648, '7922', '016', 'Kollupitiya', 1),
(2649, '7922', '050', 'Kuliyapitiya', 1),
(2650, '7922', '051', 'Kurunegala', 1),
(2651, '7922', '052', 'Mahaiyawa', 1),
(2652, '7922', '053', 'Maharagama', 1),
(2653, '7922', '054', 'Mahiyanganaya', 1),
(2654, '7922', '055', 'Mannar', 1),
(2655, '7922', '056', 'Matale', 1),
(2656, '7922', '057', 'Matara', 1),
(2657, '7922', '058', 'Mathugama', 1),
(2658, '7922', '059', 'Medawachchiya', 1),
(2659, '7922', '060', 'Melsiripura', 1),
(2660, '7922', '061', 'Metropolitan Office', 1),
(2661, '7922', '062', 'Minuwangoda', 1),
(2662, '7922', '063', 'Mirigama', 1),
(2663, '7922', '064', 'Monaragala', 1),
(2664, '7922', '065', 'Moratuwa', 1),
(2665, '7922', '066', 'Mutur ? AlSafa', 1),
(2666, '7922', '067', 'Nawalapitiya', 1),
(2667, '7922', '068', 'Negombo', 1),
(2668, '7922', '069', 'Neluwa', 1),
(2669, '7922', '070', 'Nittambuwa', 1),
(2670, '7922', '071', 'Nugegoda', 1),
(2671, '7922', '072', 'Nuwara Eliya', 1),
(2672, '7922', '073', 'Panadura', 1),
(2673, '7922', '074', 'Pelmadulla', 1),
(2674, '7922', '075', 'Pettah', 1),
(2675, '7922', '076', 'Pilimathalawa', 1),
(2676, '7922', '077', 'Piliyandala', 1),
(2677, '7922', '078', 'Polonnaruwa', 1),
(2678, '7922', '079', 'Puttalam ? AlSafa', 1),
(2679, '7922', '080', 'Ratnapura', 1),
(2680, '7922', '081', 'Tangalle', 1),
(2681, '7922', '082', 'Thambuttegama', 1),
(2682, '7922', '083', 'Tissamaharama', 1),
(2683, '7922', '084', 'Trincomalee', 1),
(2684, '7922', '085', 'Union Place ? Alsafa', 1),
(2685, '7922', '086', 'Vavuniya', 1),
(2686, '7922', '087', 'Ward Place', 1),
(2687, '7922', '088', 'Wariyapola', 1),
(2688, '7922', '089', 'Wattala', 1),
(2689, '7922', '090', 'Welimada', 1),
(2690, '7922', '091', 'Wellawatte', 1),
(2691, '7922', '092', 'Wellawaya', 1),
(2692, '7922', '093', 'Wennappuwa', 1),
(2693, '7755', '103', 'Agalawatte', 1),
(2694, '7755', '617', 'Agarapathana', 1),
(2695, '7755', '243', 'Ahangama', 1),
(2696, '7755', '805', 'Akkaraipaththu', 1),
(2697, '7755', '222', 'Akmeemana', 1),
(2698, '7755', '204', 'Akuressa', 1),
(2699, '7755', '304', 'Alawwa', 1),
(2700, '7755', '208', 'Ambalantota', 1),
(2701, '7755', '331', 'Ambanpola', 1),
(2702, '7755', '801', 'Ampara', 1),
(2703, '7755', '315', 'Anamaduwa', 1),
(2704, '7755', '209', 'Angunukolapalassa', 1),
(2705, '7755', '423', 'Aralaganwila', 1),
(2706, '7755', '506', 'Aranayaka', 1),
(2707, '7755', '127', 'Awissawella', 1),
(2708, '7755', '711', 'Badalkumbura', 1),
(2709, '7755', '217', 'Baddegama', 1),
(2710, '7755', '705', 'Badulla', 1),
(2711, '7755', '114', 'Baduraliya', 1),
(2712, '7755', '414', 'Bakamoona', 1),
(2713, '7755', '514', 'Balangoda', 1),
(2714, '7755', '249', 'Balapitiya', 1),
(2715, '7755', '715', 'Bandarawela', 1),
(2716, '7755', '240', 'Barawakumbuka', 1),
(2717, '7755', '213', 'Batapola', 1),
(2718, '7755', '811', 'Batticaloa', 1),
(2719, '7755', '211', 'Beliatta', 1),
(2720, '7755', '107', 'Beruwala', 1),
(2721, '7755', '721', 'Bibile', 1),
(2722, '7755', '720', 'Bogahakumbura', 1),
(2723, '7755', '907', 'Bogaswewa', 1),
(2724, '7755', '328', 'Bowatte', 1),
(2725, '7755', '510', 'Bulathkohupitiya', 1),
(2726, '7755', '101', 'Bulathsinghala', 1),
(2727, '7755', '701', 'Buttala', 1),
(2728, '7755', '813', 'Chenkalady', 1),
(2729, '7755', '313', 'Chilaw', 1),
(2730, '7755', '904', 'Chunnakam', 1),
(2731, '7755', '233', 'City ? Matara', 1),
(2732, '7755', '620', 'Dambulla', 1),
(2733, '7755', '605', 'Danture', 1),
(2734, '7755', '627', 'Daulagala', 1),
(2735, '7755', '802', 'Dehiatthakandiya', 1),
(2736, '7755', '529', 'Dehiovita', 1),
(2737, '7755', '203', 'Deiyandara', 1),
(2738, '7755', '226', 'Deniyaya', 1),
(2739, '7755', '511', 'Deraniyagala', 1),
(2740, '7755', '254', 'Devinuwara', 1),
(2741, '7755', '509', 'Dewalegama', 1),
(2742, '7755', '247', 'Dikwella', 1),
(2743, '7755', '298', 'District Office ? Galle', 1),
(2744, '7755', '297', 'District Office ? Hambantota', 1),
(2745, '7755', '299', 'District Office ? Matara', 1),
(2746, '7755', '123', 'Divulapitiya', 1),
(2747, '7755', '724', 'Diyathalawa', 1),
(2748, '7755', '112', 'Dodangoda', 1),
(2749, '7755', '498', 'Dritrict Office Polonnaruwa', 1),
(2750, '7755', '305', 'Dummalasooriya', 1),
(2751, '7755', '424', 'Economic Centre', 1),
(2752, '7755', '518', 'Eheliyagoda', 1),
(2753, '7755', '212', 'Elpitiya', 1),
(2754, '7755', '515', 'Embilipitiya', 1),
(2755, '7755', '523', 'Erathna', 1),
(2756, '7755', '812', 'Eraur', 1),
(2757, '7755', '418', 'Galamuna', 1),
(2758, '7755', '415', 'Galenbindunuwewa', 1),
(2759, '7755', '621', 'Galewela', 1),
(2760, '7755', '312', 'Galgamuwa', 1),
(2761, '7755', '228', 'Galle', 1),
(2762, '7755', '405', 'Galnewa', 1),
(2763, '7755', '116', 'Gampaha', 1),
(2764, '7755', '198', 'Gampaha District Office', 1),
(2765, '7755', '601', 'Gampola', 1),
(2766, '7755', '206', 'Gandara', 1),
(2767, '7755', '613', 'Ginigathena', 1),
(2768, '7755', '719', 'Girandurukotte', 1),
(2769, '7755', '320', 'Giriulla', 1),
(2770, '7755', '522', 'Godakawela', 1),
(2771, '7755', '215', 'Gonagalapura', 1),
(2772, '7755', '416', 'Gonapathirawa', 1),
(2773, '7755', '105', 'Goonapola', 1),
(2774, '7755', '201', 'Hakmana', 1),
(2775, '7755', '718', 'Haldummulla', 1),
(2776, '7755', '238', 'Hambantota', 1),
(2777, '7755', '626', 'Hanguranketha', 1),
(2778, '7755', '712', 'Haputhale', 1),
(2779, '7755', '603', 'Hataraliyadda', 1),
(2780, '7755', '001', 'Head Office', 1),
(2781, '7755', '630', 'Hedeniya', 1),
(2782, '7755', '516', 'Hemmathagama', 1),
(2783, '7755', '244', 'Hikkaduwa', 1),
(2784, '7755', '413', 'Hingurakgoda', 1),
(2785, '7755', '804', 'Hingurana', 1),
(2786, '7755', '125', 'Homagama', 1),
(2787, '7755', '109', 'Horana', 1),
(2788, '7755', '329', 'HQB', 1),
(2789, '7755', '321', 'Ibbagamuwa', 1),
(2790, '7755', '216', 'Imaduwa', 1),
(2791, '7755', '111', 'Ingiriya', 1),
(2792, '7755', '905', 'Jaffna', 1),
(2793, '7755', '132', 'J-Ela', 1),
(2794, '7755', '421', 'Kaduruwela', 1),
(2795, '7755', '404', 'Kahatagasdigiliya', 1),
(2796, '7755', '526', 'Kahawatta', 1),
(2797, '7755', '818', 'Kalauwanchikudi', 1),
(2798, '7755', '520', 'Kalawana', 1),
(2799, '7755', '806', 'Kalmunai', 1),
(2800, '7755', '115', 'Kalutara', 1),
(2801, '7755', '199', 'Kalutara District Office', 1),
(2802, '7755', '252', 'Kaluwella', 1),
(2803, '7755', '225', 'Kamburugamuwa', 1),
(2804, '7755', '227', 'Kamburupitiya', 1),
(2805, '7755', '902', 'Kanagarayankulam', 1),
(2806, '7755', '708', 'Kandaketiya', 1),
(2807, '7755', '632', 'Kandy', 1),
(2808, '7755', '612', 'Kandy Marketing Centre', 1),
(2809, '7755', '814', 'Kanthale', 1),
(2810, '7755', '223', 'Karandeniya', 1),
(2811, '7755', '248', 'Karapitiya', 1),
(2812, '7755', '816', 'Kathankudi', 1),
(2813, '7755', '615', 'Katugastota', 1),
(2814, '7755', '210', 'Katuwana', 1),
(2815, '7755', '501', 'Kegalle', 1),
(2816, '7755', '599', 'Kegalle District Office', 1),
(2817, '7755', '207', 'Kekanadura', 1),
(2818, '7755', '422', 'Kekirawa', 1),
(2819, '7755', '134', 'Kelaniya ? Head Quarter', 1),
(2820, '7755', '906', 'Kilinochchi', 1),
(2821, '7755', '530', 'Kiriella', 1),
(2822, '7755', '317', 'Kirimetiyana', 1),
(2823, '7755', '245', 'Kirinda', 1),
(2824, '7755', '131', 'Kirindiwela', 1),
(2825, '7755', '507', 'Kithulgala', 1),
(2826, '7755', '819', 'Kokkadichcholai', 1),
(2827, '7755', '517', 'Kolonna', 1),
(2828, '7755', '126', 'Kolonnawa', 1),
(2829, '7755', '624', 'Kotagala', 1),
(2830, '7755', '527', 'Kotiyakumbura', 1),
(2831, '7755', '301', 'Kuliyapitiya', 1),
(2832, '7755', '311', 'Kurunegala', 1),
(2833, '7755', '399', 'Kurunegala District Office', 1),
(2834, '7755', '524', 'Kuruwita', 1),
(2835, '7755', '622', 'Laggala', 1),
(2836, '7755', '717', 'Lunugala', 1),
(2837, '7755', '219', 'Lunugamwehera', 1),
(2838, '7755', '726', 'Madulla', 1),
(2839, '7755', '807', 'Mahaoya', 1),
(2840, '7755', '325', 'Mahawewa', 1),
(2841, '7755', '709', 'Mahiyanganaya', 1),
(2842, '7755', '319', 'Maho', 1),
(2843, '7755', '324', 'Mampuri', 1),
(2844, '7755', '417', 'Manampitiya', 1),
(2845, '7755', '903', 'Mannar', 1),
(2846, '7755', '604', 'Marassana', 1),
(2847, '7755', '619', 'Matale', 1),
(2848, '7755', '121', 'Mathugama', 1),
(2849, '7755', '504', 'Mawanella', 1),
(2850, '7755', '236', 'Mawarala', 1),
(2851, '7755', '117', 'Mawaramandiya', 1),
(2852, '7755', '309', 'Mawathagama', 1),
(2853, '7755', '702', 'Medagama', 1),
(2854, '7755', '407', 'Medawachchiya', 1),
(2855, '7755', '411', 'Medirigiriya', 1),
(2856, '7755', '716', 'Meegahakiula', 1),
(2857, '7755', '113', 'Meegahathenna', 1),
(2858, '7755', '119', 'Meerigama', 1),
(2859, '7755', '330', 'Melsiripura', 1),
(2860, '7755', '625', 'Menikhinna', 1),
(2861, '7755', '246', 'Middeniya', 1),
(2862, '7755', '401', 'Mihinthale', 1),
(2863, '7755', '104', 'Millaniya', 1),
(2864, '7755', '118', 'Minuwangoda', 1),
(2865, '7755', '251', 'Mirissa', 1),
(2866, '7755', '133', 'Miriswaththa', 1),
(2867, '7755', '703', 'Monaragala', 1),
(2868, '7755', '120', 'Moragahahena', 1),
(2869, '7755', '106', 'Moranthuduwa', 1),
(2870, '7755', '237', 'Morawaka', 1),
(2871, '7755', '607', 'Morayaya', 1),
(2872, '7755', '322', 'Mundel', 1),
(2873, '7755', '820', 'Muthtur', 1),
(2874, '7755', '326', 'Narammala', 1),
(2875, '7755', '316', 'Nattandiya', 1),
(2876, '7755', '628', 'Naula', 1),
(2877, '7755', '323', 'Nawagattegama', 1),
(2878, '7755', '629', 'Nawalapitiya', 1),
(2879, '7755', '122', 'Negombo', 1),
(2880, '7755', '519', 'Nelumdeniya', 1),
(2881, '7755', '235', 'Neluwa', 1),
(2882, '7755', '419', 'New Town ? Anuradhapura', 1),
(2883, '7755', '307', 'Nikaweratiya', 1),
(2884, '7755', '616', 'Nildandahinna', 1),
(2885, '7755', '810', 'Nintavur', 1),
(2886, '7755', '124', 'Nittambuwa', 1),
(2887, '7755', '525', 'Nivithigala', 1),
(2888, '7755', '610', 'Nuwara Eliya', 1),
(2889, '7755', '314', 'Palakuda', 1),
(2890, '7755', '250', 'Pamburana', 1),
(2891, '7755', '108', 'Panadura', 1),
(2892, '7755', '303', 'Panduwasnuwara', 1),
(2893, '7755', '302', 'Pannala', 1),
(2894, '7755', '706', 'Passara', 1),
(2895, '7755', '513', 'Pelmadulla', 1),
(2896, '7755', '633', 'Peradeniya', 1),
(2897, '7755', '128', 'Piliyandala', 1),
(2898, '7755', '220', 'Pitabaddera', 1),
(2899, '7755', '502', 'Pitagaldeniya', 1),
(2900, '7755', '214', 'Pitigala', 1),
(2901, '7755', '410', 'Polonnaruwa', 1),
(2902, '7755', '327', 'Polpithigama', 1),
(2903, '7755', '614', 'Poondaluoya', 1),
(2904, '7755', '306', 'Pothuhera', 1),
(2905, '7755', '531', 'Pothupitiya', 1),
(2906, '7755', '808', 'Pothuvil', 1),
(2907, '7755', '003', 'Provincial Office ? Central', 1),
(2908, '7755', '600', 'Provincial Office ? Central', 1),
(2909, '7755', '400', 'Provincial Office ? North Central', 1),
(2910, '7755', '500', 'Provincial Office ? Sabaragamuwa', 1),
(2911, '7755', '200', 'Provincial Office ? Southern', 1),
(2912, '7755', '700', 'Provincial Office ? Uva', 1),
(2913, '7755', '100', 'Provincial Office ? Western', 1),
(2914, '7755', '609', 'Pujapitiya', 1),
(2915, '7755', '412', 'Pulasthigama', 1),
(2916, '7755', '534', 'Pulungupitiya', 1),
(2917, '7755', '318', 'Puttlam', 1),
(2918, '7755', '398', 'Puttlam District Office', 1),
(2919, '7755', '129', 'Ragama', 1),
(2920, '7755', '528', 'Rakwana', 1),
(2921, '7755', '409', 'Rambewa', 1),
(2922, '7755', '503', 'Rambukkana', 1),
(2923, '7755', '242', 'Ranna', 1),
(2924, '7755', '512', 'Rathnapura', 1),
(2925, '7755', '623', 'Rattota', 1),
(2926, '7755', '308', 'Rideegama', 1),
(2927, '7755', '713', 'Rideemaliyadda', 1),
(2928, '7755', '611', 'Rikillagaskada', 1),
(2929, '7755', '508', 'Ruwanwella', 1),
(2930, '7755', '803', 'Sammanthurai', 1),
(2931, '7755', '332', 'Santha Anapura', 1),
(2932, '7755', '425', 'Sevanapitiya', 1),
(2933, '7755', '725', 'Sewanagala', 1),
(2934, '7755', '420', 'Siripura', 1),
(2935, '7755', '723', 'Siyambalanduwa', 1),
(2936, '7755', '224', 'Sooriyawewa', 1),
(2937, '7755', '533', 'Sri Palabaddala', 1),
(2938, '7755', '234', 'Tangalle', 1),
(2939, '7755', '608', 'Teldeniya', 1),
(2940, '7755', '406', 'Thalawa', 1),
(2941, '7755', '221', 'Thalgaswala', 1),
(2942, '7755', '403', 'Thambuththegama', 1),
(2943, '7755', '704', 'Thanamalvila', 1),
(2944, '7755', '232', 'Thihagoda', 1),
(2945, '7755', '408', 'Thirappane', 1),
(2946, '7755', '218', 'Tissamaharama', 1),
(2947, '7755', '402', 'Town Branch ? Anuradhapura', 1),
(2948, '7755', '817', 'Trincomalee', 1),
(2949, '7755', '602', 'Udawela', 1),
(2950, '7755', '618', 'Ududumbara', 1),
(2951, '7755', '241', 'Udugama', 1),
(2952, '7755', '809', 'Uhana', 1),
(2953, '7755', '229', 'Uragasmanhandiya', 1),
(2954, '7755', '202', 'Urubokka', 1),
(2955, '7755', '722', 'Uva Maligathenna', 1),
(2956, '7755', '714', 'Uvaparanagama', 1),
(2957, '7755', '815', 'Valachenai', 1),
(2958, '7755', '901', 'Vavuniya', 1),
(2959, '7755', '130', 'Wadduwa', 1),
(2960, '7755', '102', 'Walagedara', 1),
(2961, '7755', '239', 'Walasmulla', 1),
(2962, '7755', '110', 'Warakagoda', 1),
(2963, '7755', '505', 'Warakapola', 1),
(2964, '7755', '253', 'Warapitiya', 1),
(2965, '7755', '310', 'Wariyapola', 1),
(2966, '7755', '606', 'Wattegama', 1),
(2967, '7755', '300', 'Wayamba Provincial Office', 1),
(2968, '7755', '231', 'Weerakatiya', 1),
(2969, '7755', '205', 'Weligama', 1),
(2970, '7755', '532', 'Weligepola', 1),
(2971, '7755', '707', 'Welimada', 1),
(2972, '7755', '710', 'wellawaya', 1),
(2973, '7755', '631', 'Wilgamuwa', 1),
(2974, '7755', '230', 'Yakkalamulla', 1),
(2975, '7755', '521', 'Yatiyantota', 1),
(2976, '7278', '139', '2nd Branch Batticaloa', 1),
(2977, '7278', '182', 'Ahangama', 1),
(2978, '7278', '111', 'Akkaraipattu', 1),
(2979, '7278', '179', 'Akuressa', 1),
(2980, '7278', '053', 'Alawwa PBC', 1),
(2981, '7278', '079', 'Aluthgama', 1),
(2982, '7278', '104', 'Ambalantota', 1),
(2983, '7278', '072', 'Ambalongoda', 1),
(2984, '7278', '062', 'Ampara', 1),
(2985, '7278', '143', 'Anamabuwa', 1),
(2986, '7278', '168', 'Anuradhapura New Town', 1),
(2987, '7278', '021', 'Anuradhapura Super Branch', 1),
(2988, '7278', '154', 'Aralangawila', 1),
(2989, '7278', '067', 'Athurugiriya PBC', 1),
(2990, '7278', '089', 'Attidiya', 1),
(2991, '7278', '022', 'Avissawella', 1),
(2992, '7278', '118', 'Baddegama', 1),
(2993, '7278', '093', 'Badulla', 1),
(2994, '7278', '097', 'Balangoda', 1),
(2995, '7278', '011', 'Bambalapitiya', 1),
(2996, '7278', '059', 'Bandaragama', 1),
(2997, '7278', '046', 'Bandarawela', 1),
(2998, '7278', '061', 'Battaramulla', 1),
(2999, '7278', '107', 'Batticaloa', 1),
(3000, '7278', '180', 'Beliatta', 1),
(3001, '7278', '161', 'Bibile', 1),
(3002, '7278', '142', 'Boralesgamuwa', 1),
(3003, '7278', '004', 'Borella', 1),
(3004, '7278', '218', 'Borella Super', 1),
(3005, '7278', '145', 'Buttala', 1),
(3006, '7278', '996', 'Card Centre', 1),
(3007, '7278', '993', 'Central Clearing Department', 1),
(3008, '7278', '164', 'Chankanai', 1),
(3009, '7278', '169', 'Chavakachcheri', 1),
(3010, '7278', '121', 'Chenkalady', 1),
(3011, '7278', '108', 'Chilaw', 1),
(3012, '7278', '128', 'Chunnakam', 1),
(3013, '7278', '001', 'City Office', 1),
(3014, '7278', '175', 'Colombo Super', 1),
(3015, '7278', '090', 'Dambulla', 1),
(3016, '7278', '196', 'Dankotuwa', 1),
(3017, '7278', '167', 'Dehiattakandiya', 1),
(3018, '7278', '017', 'Dehiwala', 1),
(3019, '7278', '202', 'Delgoda', 1),
(3020, '7278', '014', 'Deniyaya', 1),
(3021, '7278', '049', 'Deraniyagala PBC', 1),
(3022, '7278', '216', 'Dickwella', 1),
(3023, '7278', '085', 'Digana PBC', 1),
(3024, '7278', '198', 'Divulapitiya', 1),
(3025, '7278', '020', 'Eheliyagoda', 1),
(3026, '7278', '204', 'Elpitiya', 1),
(3027, '7278', '043', 'Embilipitiya', 1),
(3028, '7278', '114', 'Embuldeniya', 1),
(3029, '7278', '012', 'Fort', 1),
(3030, '7278', '190', 'Galewela', 1),
(3031, '7278', '035', 'Galle', 1),
(3032, '7278', '159', 'Galle Bazaar', 1),
(3033, '7278', '016', 'Gampaha', 1),
(3034, '7278', '212', 'Gampaha Super', 1),
(3035, '7278', '101', 'Gampola', 1),
(3036, '7278', '078', 'Ganemulla PBC', 1),
(3037, '7278', '135', 'Gangodawila', 1),
(3038, '7278', '095', 'Giriulla', 1),
(3039, '7278', '225', 'Godakawela', 1),
(3040, '7278', '173', 'Gothatuwa New Town', 1),
(3041, '7278', '127', 'Grandpass', 1),
(3042, '7278', '070', 'Gregorys Road PBC', 1),
(3043, '7278', '181', 'Habaraduwa', 1),
(3044, '7278', '137', 'Hanwella', 1),
(3045, '7278', '058', 'Harbour-View PBC', 1),
(3046, '7278', '080', 'Hatton', 1),
(3047, '7278', '999', 'Head Office', 1),
(3048, '7278', '029', 'Headquarters', 1),
(3049, '7278', '220', 'Heerassagala', 1),
(3050, '7278', '096', 'Hendala', 1),
(3051, '7278', '187', 'Hettipola', 1),
(3052, '7278', '229', 'Hikkaduwa', 1),
(3053, '7278', '110', 'Hingurakgoda', 1),
(3054, '7278', '069', 'Homagama', 1),
(3055, '7278', '057', 'Horana', 1),
(3056, '7278', '140', 'Ingiriya', 1),
(3057, '7278', '098', 'Ja-Ela', 1),
(3058, '7278', '120', 'Jaffna', 1),
(3059, '7278', '206', 'Kaburupitiya', 1),
(3060, '7278', '060', 'Kadawatha', 1),
(3061, '7278', '038', 'Kaduruwela', 1),
(3062, '7278', '162', 'Kaduwela', 1),
(3063, '7278', '203', 'Kahatagasdigiliya', 1),
(3064, '7278', '041', 'Kalawana', 1),
(3065, '7278', '112', 'Kalmunai', 1),
(3066, '7278', '050', 'Kalutara', 1),
(3067, '7278', '125', 'Kaluwanchikudy', 1),
(3068, '7278', '076', 'Kandana', 1),
(3069, '7278', '123', 'Kandy City Centre', 1),
(3070, '7278', '100', 'Kandy Metro', 1),
(3071, '7278', '007', 'Kandy Super', 1),
(3072, '7278', '172', 'Kantale', 1),
(3073, '7278', '210', 'Karagampitiya', 1),
(3074, '7278', '141', 'Karapitiya', 1),
(3075, '7278', '115', 'Kattankudy', 1),
(3076, '7278', '032', 'Katugastota', 1),
(3077, '7278', '171', 'Kayts', 1),
(3078, '7278', '064', 'Kegalle', 1),
(3079, '7278', '149', 'Kekirawa', 1),
(3080, '7278', '227', 'Kelaniya', 1),
(3081, '7278', '224', 'Kesbewa', 1),
(3082, '7278', '151', 'Keselwatta', 1),
(3083, '7278', '148', 'Kilinochchi', 1),
(3084, '7278', '177', 'Kinniya', 1),
(3085, '7278', '005', 'Kiribathgoda', 1),
(3086, '7278', '200', 'Kiribathgoda', 1),
(3087, '7278', '083', 'Kirindiwela PBC', 1),
(3088, '7278', '117', 'Kirulapone', 1),
(3089, '7278', '165', 'Kochchikade', 1),
(3090, '7278', '094', 'Kohuwela', 1),
(3091, '7278', '134', 'Kollupitiya', 1),
(3092, '7278', '037', 'Kotahena', 1),
(3093, '7278', '052', 'Kottawa', 1),
(3094, '7278', '023', 'Kuliyapitiya', 1),
(3095, '7278', '133', 'Kundasale', 1),
(3096, '7278', '006', 'Kurunegala', 1),
(3097, '7278', '215', 'Kurunegala Metro', 1),
(3098, '7278', '189', 'Madampe', 1),
(3099, '7278', '013', 'Maharagama', 1),
(3100, '7278', '092', 'Maharagama Super', 1),
(3101, '7278', '056', 'Mahiyanganaya', 1),
(3102, '7278', '197', 'Maho', 1),
(3103, '7278', '042', 'Main Street', 1),
(3104, '7278', '207', 'Makola', 1),
(3105, '7278', '039', 'Malabe', 1),
(3106, '7278', '174', 'Mallavi', 1),
(3107, '7278', '147', 'Manipay', 1),
(3108, '7278', '119', 'Mannar', 1),
(3109, '7278', '144', 'Maradana', 1),
(3110, '7278', '183', 'Marandagahamula', 1),
(3111, '7278', '194', 'Marawila', 1),
(3112, '7278', '025', 'Matale', 1),
(3113, '7278', '010', 'Matara', 1),
(3114, '7278', '153', 'Matara Bazaar', 1),
(3115, '7278', '176', 'Mattegoda', 1),
(3116, '7278', '106', 'Matugama', 1),
(3117, '7278', '160', 'Mawanella', 1),
(3118, '7278', '109', 'Mawathagama', 1),
(3119, '7278', '184', 'Menikhinna', 1),
(3120, '7278', '158', 'Middeniya', 1),
(3121, '7278', '065', 'Minuwangoda', 1),
(3122, '7278', '086', 'Mirigama', 1),
(3123, '7278', '074', 'Monaragala', 1),
(3124, '7278', '155', 'Moratumulla', 1),
(3125, '7278', '031', 'Moratuwa', 1),
(3126, '7278', '015', 'Morawaka', 1),
(3127, '7278', '199', 'Mount Lavinia', 1),
(3128, '7278', '208', 'Muttur', 1),
(3129, '7278', '193', 'Mutwal', 1),
(3130, '7278', '040', 'Narahenpita', 1),
(3131, '7278', '099', 'Narammala', 1),
(3132, '7278', '132', 'Nattandiya', 1),
(3133, '7278', '082', 'Nawala', 1),
(3134, '7278', '223', 'Nawala Koswatta', 1),
(3135, '7278', '195', 'Nawalapitiya', 1),
(3136, '7278', '009', 'Nawam Mawatha', 1),
(3137, '7278', '024', 'Negombo', 1),
(3138, '7278', '088', 'Negombo 2nd', 1),
(3139, '7278', '129', 'Nelliady', 1),
(3140, '7278', '054', 'Neluwa PBC', 1),
(3141, '7278', '102', 'Nikaweratiya', 1),
(3142, '7278', '185', 'Ninthavur', 1),
(3143, '7278', '071', 'Nittambuwa', 1),
(3144, '7278', '138', 'Nochchiyagama', 1),
(3145, '7278', '003', 'Nugegoda', 1),
(3146, '7278', '084', 'Nuwara Eliya', 1),
(3147, '7278', '124', 'Oddamavady', 1),
(3148, '7278', '027', 'Old Moor Street', 1),
(3149, '7278', '214', 'Orugodawatte', 1),
(3150, '7278', '192', 'Padukka', 1),
(3151, '7278', '026', 'Panadura', 1),
(3152, '7278', '047', 'Panadura Wekada', 1),
(3153, '7278', '191', 'Panchikawatte', 1),
(3154, '7278', '166', 'Pannala', 1),
(3155, '7278', '087', 'Pannipitiya', 1),
(3156, '7278', '146', 'Passara', 1),
(3157, '7278', '063', 'Pelawatte PBC', 1),
(3158, '7278', '136', 'Peliyagoda', 1),
(3159, '7278', '103', 'Pelmadulla', 1),
(3160, '7278', '051', 'Peradeniya PBC', 1),
(3161, '7278', '002', 'Pettah', 1),
(3162, '7278', '150', 'Pilimatalawa', 1),
(3163, '7278', '019', 'Piliyandala', 1),
(3164, '7278', '091', 'Pitakotte', 1),
(3165, '7278', '131', 'Platinum Plus', 1),
(3166, '7278', '228', 'Polgahawela', 1),
(3167, '7278', '221', 'Poojapitiya', 1),
(3168, '7278', '130', 'Pottuvil', 1),
(3169, '7278', '217', 'Prince Street', 1),
(3170, '7278', '152', 'Pussellawa', 1),
(3171, '7278', '156', 'Puttalam', 1),
(3172, '7278', '073', 'Ragama PBC', 1),
(3173, '7278', '122', 'Rajagiriya', 1),
(3174, '7278', '188', 'Rambukkana', 1),
(3175, '7278', '033', 'Rathnapura', 1),
(3176, '7278', '018', 'Ratmalana', 1),
(3177, '7278', '226', 'Ratnapura', 1),
(3178, '7278', '163', 'Rikillagaskada', 1),
(3179, '7278', '201', 'Ruwanwella', 1),
(3180, '7278', '126', 'Sainthamaruthu', 1),
(3181, '7278', '929', 'Sampath Viswa', 1),
(3182, '7278', '213', 'Seeduwa', 1),
(3183, '7278', '157', 'Sooriyawewa', 1),
(3184, '7278', '211', 'Talahena', 1),
(3185, '7278', '116', 'Tangalle', 1),
(3186, '7278', '222', 'Thalawakele', 1),
(3187, '7278', '178', 'Thalawathugoda', 1),
(3188, '7278', '048', 'Thambuttegama (PBC)', 1),
(3189, '7278', '034', 'Thimbirigasyaya', 1),
(3190, '7278', '186', 'Thirunelvely', 1),
(3191, '7278', '028', 'Tissamaharama', 1),
(3192, '7278', '066', 'Trincomalee', 1),
(3193, '7278', '055', 'Vavunia', 1),
(3194, '7278', '170', 'Vavuniya Metro', 1),
(3195, '7278', '077', 'veyangoda PBC', 1),
(3196, '7278', '075', 'Wadduwa PBC', 1),
(3197, '7278', '205', 'Warakapola', 1),
(3198, '7278', '044', 'Wariyapola (PBC)', 1),
(3199, '7278', '008', 'Wattala', 1),
(3200, '7278', '105', 'Wattegama', 1),
(3201, '7278', '209', 'Weligama', 1),
(3202, '7278', '081', 'Welimada', 1),
(3203, '7278', '045', 'Wellampitiya (PBC)', 1),
(3204, '7278', '036', 'Wellawatte Super', 1),
(3205, '7278', '113', 'Wellawaya', 1),
(3206, '7278', '030', 'Wennappuwa', 1),
(3207, '7278', '219', 'World Trade Center', 1),
(3208, '7278', '068', 'Yakkala PBC', 1),
(3209, '7728', '001', '1st Colombo City', 1),
(3210, '7728', '074', 'Akkeripattu', 1),
(3211, '7728', '008', 'Akurassa', 1),
(3212, '7728', '080', 'Aluthgama', 1),
(3213, '7728', '030', 'Ambalangoda', 1),
(3214, '7728', '023', 'Ambalanthota', 1),
(3215, '7728', '039', 'Ampara', 1),
(3216, '7728', '050', 'Anamaduwa', 1),
(3217, '7728', '051', 'Angunakolapalassa', 1),
(3218, '7728', '017', 'Anuradhapura', 1),
(3219, '7728', '052', 'Aralaganvila', 1),
(3220, '7728', '044', 'Badulla', 1),
(3221, '7728', '003', 'Battaramulla', 1),
(3222, '7728', '029', 'Batticaloa', 1),
(3223, '7728', '062', 'Buttala', 1),
(3224, '7728', '011', 'Chilaw', 1),
(3225, '7728', '089', 'Chunnakam', 1),
(3226, '7728', '035', 'Dambulla', 1),
(3227, '7728', '058', 'Dehiattakandiya', 1),
(3228, '7728', '086', 'Dehiwala', 1),
(3229, '7728', '049', 'Deniyaya', 1),
(3230, '7728', '057', 'Deraniyagala', 1),
(3231, '7728', '088', 'Ekala', 1),
(3232, '7728', '064', 'Elpitiya', 1),
(3233, '7728', '004', 'Embilipitiya', 1),
(3234, '7728', '053', 'Galenbidunuwewa', 1),
(3235, '7728', '032', 'Galle', 1),
(3236, '7728', '082', 'Gampaha', 1),
(3237, '7728', '048', 'Gampola', 1),
(3238, '7728', '033', 'Giriulla', 1),
(3239, '7728', '076', 'Hatharaliyadda', 1),
(3240, '7728', '077', 'Hingurna', 1),
(3241, '7728', '005', 'Horana', 1),
(3242, '7728', '042', 'Jaffna', 1),
(3243, '7728', '078', 'Kaduwela', 1),
(3244, '7728', '059', 'Kalawanchikudi', 1),
(3245, '7728', '022', 'Kalmuani', 1),
(3246, '7728', '025', 'Kalutara', 1),
(3247, '7728', '010', 'Kandy', 1),
(3248, '7728', '073', 'Kanthale', 1),
(3249, '7728', '007', 'Karapitiya', 1),
(3250, '7728', '067', 'Katuwana', 1),
(3251, '7728', '002', 'Kegalle', 1),
(3252, '7728', '071', 'Kekirawa', 1),
(3253, '7728', '069', 'Kilinochchi', 1),
(3254, '7728', '006', 'Kiribathgoda', 1),
(3255, '7728', '056', 'Kirulapona', 1),
(3256, '7728', '026', 'Kuliyapitiya', 1),
(3257, '7728', '020', 'Kurunegala', 1),
(3258, '7728', '085', 'Mahabage', 1),
(3259, '7728', '081', 'Maharagama', 1),
(3260, '7728', '037', 'Maho', 1),
(3261, '7728', '084', 'Malabe', 1),
(3262, '7728', '013', 'Manaragala', 1),
(3263, '7728', '090', 'Mannar', 1),
(3264, '7728', '046', 'Mapalagama', 1),
(3265, '7728', '009', 'Matale', 1),
(3266, '7728', '031', 'Matara', 1),
(3267, '7728', '047', 'Mathugama', 1),
(3268, '7728', '068', 'Mawanella', 1),
(3269, '7728', '040', 'Medawachchiya', 1),
(3270, '7728', '075', 'Moratuwa', 1),
(3271, '7728', '041', 'Muthur', 1),
(3272, '7728', '043', 'Nanatan', 1),
(3273, '7728', '079', 'Narammala', 1),
(3274, '7728', '027', 'Negombo', 1),
(3275, '7728', '065', 'Nochchiyagama', 1),
(3276, '7728', '087', 'Nuwara Eliya', 1),
(3277, '7728', '070', 'Padavi Parakramapura', 1),
(3278, '7728', '055', 'Pilimathalawa', 1),
(3279, '7728', '028', 'Polonnaruwa', 1),
(3280, '7728', '045', 'Pottuvil', 1),
(3281, '7728', '034', 'Rambukkana', 1),
(3282, '7728', '015', 'Rathnapura', 1),
(3283, '7728', '019', 'Rikillagaskada', 1),
(3284, '7728', '014', 'Ruwanwella', 1),
(3285, '7728', '018', 'Sahasapura', 1),
(3286, '7728', '060', 'Samanthurei', 1),
(3287, '7728', '999', 'Sanasa Development Bank Head Office', 1),
(3288, '7728', '061', 'Siyabalanduwa', 1),
(3289, '7728', '083', 'Thalawa', 1),
(3290, '7728', '036', 'Thambuththegama', 1),
(3291, '7728', '021', 'Trincomalle', 1),
(3292, '7728', '072', 'Uhana', 1),
(3293, '7728', '063', 'Valachchena', 1),
(3294, '7728', '012', 'Vavuniya', 1),
(3295, '7728', '016', 'Warakapola', 1),
(3296, '7728', '054', 'Wariyapola', 1),
(3297, '7728', '038', 'Wennappuwa', 1),
(3298, '7728', '066', 'Yakkalamulla', 1),
(3299, '7782', '001', 'Head Office', 1),
(3300, '7287', '116', 'Akkaraipatthu', 1),
(3301, '7287', '100', 'Akuressa', 1),
(3302, '7287', '024', 'Ambalangoda', 1),
(3303, '7287', '105', 'Ambalantota', 1),
(3304, '7287', '091', 'Ampara', 1),
(3305, '7287', '021', 'Anuradhapura', 1),
(3306, '7287', '129', 'Aralaganwila', 1),
(3307, '7287', '163', 'Athurugiriya', 1),
(3308, '7287', '041', 'Attidiya', 1),
(3309, '7287', '075', 'Awissawella', 1),
(3310, '7287', '026', 'Badulla', 1),
(3311, '7287', '145', 'Baduraliya', 1),
(3312, '7287', '020', 'Balangoda', 1),
(3313, '7287', '139', 'Bambalapitiya', 1),
(3314, '7287', '054', 'Bandaragama', 1),
(3315, '7287', '046', 'Bandarawela', 1),
(3316, '7287', '101', 'Battaramulla', 1),
(3317, '7287', '073', 'Batticaloa', 1),
(3318, '7287', '065', 'Beliatta', 1),
(3319, '7287', '121', 'Beruwala', 1),
(3320, '7287', '059', 'Bogawanthalawa', 1),
(3321, '7287', '034', 'Boralesgamuwa', 1),
(3322, '7287', '082', 'Borella', 1),
(3323, '7287', '137', 'Bowatta', 1),
(3324, '7287', '996', 'Central Processing Unit', 1),
(3325, '7287', '117', 'Chankanai', 1),
(3326, '7287', '095', 'Chavakachcheri', 1),
(3327, '7287', '098', 'Chenkalady', 1),
(3328, '7287', '015', 'Chilaw', 1),
(3329, '7287', '166', 'Chunnakam', 1),
(3330, '7287', '032', 'Cinnamon Gardens', 1),
(3331, '7287', '001', 'City Office', 1),
(3332, '7287', '030', 'Colombo Fort', 1),
(3333, '7287', '144', 'Colombo Gold Centre', 1),
(3334, '7287', '069', 'Dam Street', 1),
(3335, '7287', '103', 'Dambulla', 1),
(3336, '7287', '161', 'Dankotuwa', 1),
(3337, '7287', '156', 'Deal Place', 1),
(3338, '7287', '029', 'Dehiattakandiya', 1),
(3339, '7287', '014', 'Dehiwala', 1),
(3340, '7287', '111', 'Dummalasooriya', 1),
(3341, '7287', '045', 'Embilipitiya', 1),
(3342, '7287', '138', 'Eppawala', 1),
(3343, '7287', '113', 'Galenbidunuwewa', 1),
(3344, '7287', '016', 'Galle', 1),
(3345, '7287', '011', 'Gampaha', 1),
(3346, '7287', '025', 'Gampola', 1),
(3347, '7287', '060', 'Ganemulla', 1),
(3348, '7287', '112', 'Godagama', 1),
(3349, '7287', '123', 'Gothatuwa', 1),
(3350, '7287', '022', 'Grandpass', 1),
(3351, '7287', '081', 'Hambantota', 1),
(3352, '7287', '155', 'Hasalaka', 1),
(3353, '7287', '039', 'Hatton', 1),
(3354, '7287', '083', 'Havelock Town', 1),
(3355, '7287', '999', 'Head Office', 1),
(3356, '7287', '140', 'Hikkaduwa', 1),
(3357, '7287', '051', 'Hingurakgoda', 1),
(3358, '7287', '043', 'Homagama', 1),
(3359, '7287', '023', 'Horana', 1),
(3360, '7287', '120', 'Ingiriya', 1),
(3361, '7287', '027', 'Ja-Ela', 1),
(3362, '7287', '085', 'Jaffna', 1),
(3363, '7287', '028', 'Kadawatha', 1),
(3364, '7287', '102', 'Kaduruwela', 1),
(3365, '7287', '130', 'Kalawanchikudy', 1),
(3366, '7287', '097', 'Kalmunai', 1),
(3367, '7287', '147', 'Kalpitiya', 1),
(3368, '7287', '042', 'Kalubowila', 1),
(3369, '7287', '036', 'Kalutara', 1),
(3370, '7287', '146', 'Kamburupitiya', 1),
(3371, '7287', '017', 'Kandy', 1),
(3372, '7287', '115', 'Kanthale', 1),
(3373, '7287', '164', 'Karapitiya', 1),
(3374, '7287', '148', 'Kataragama', 1),
(3375, '7287', '074', 'Kaththankudy', 1),
(3376, '7287', '149', 'Katugastota', 1),
(3377, '7287', '031', 'Katunayaka', 1),
(3378, '7287', '055', 'Katuneriya', 1),
(3379, '7287', '010', 'Kegalle', 1),
(3380, '7287', '077', 'Kekirawa', 1),
(3381, '7287', '143', 'Kelaniya', 1),
(3382, '7287', '093', 'Kilinochchi', 1),
(3383, '7287', '006', 'Kiribathgoda', 1),
(3384, '7287', '126', 'Kirindiwela', 1),
(3385, '7287', '122', 'Kirulapone', 1),
(3386, '7287', '058', 'Kochchikade', 1),
(3387, '7287', '056', 'Koggala', 1),
(3388, '7287', '008', 'Kollupitiya', 1),
(3389, '7287', '061', 'Kotagala Talawakale', 1),
(3390, '7287', '118', 'Kotahena', 1),
(3391, '7287', '136', 'Kotiyakumbura', 1),
(3392, '7287', '033', 'Kottawa', 1),
(3393, '7287', '044', 'Kuliyapitiya', 1),
(3394, '7287', '018', 'Kurunegala', 1),
(3395, '7287', '004', 'Maharagama', 1),
(3396, '7287', '107', 'Mahiyanganaya', 1),
(3397, '7287', '067', 'Malabe', 1),
(3398, '7287', '053', 'Manampitiya', 1),
(3399, '7287', '131', 'Manipay', 1),
(3400, '7287', '094', 'Mannar', 1),
(3401, '7287', '047', 'Maradana', 1),
(3402, '7287', '084', 'Marandagahamula', 1),
(3403, '7287', '038', 'Matale', 1),
(3404, '7287', '002', 'Matara', 1),
(3405, '7287', '165', 'Matara Bazzar', 1),
(3406, '7287', '066', 'Mathugama', 1),
(3407, '7287', '048', 'Mawanella', 1),
(3408, '7287', '109', 'Mawathagama', 1),
(3409, '7287', '132', 'Medawachchiya', 1),
(3410, '7287', '089', 'Meegoda', 1),
(3411, '7287', '086', 'Millenium', 1),
(3412, '7287', '124', 'Minuwangoda', 1),
(3413, '7287', '078', 'Mirigama', 1),
(3414, '7287', '104', 'Monaragala', 1),
(3415, '7287', '125', 'Moratumulla', 1),
(3416, '7287', '009', 'Moratuwa', 1),
(3417, '7287', '003', 'Mount Lavinia', 1),
(3418, '7287', '096', 'Mullativu', 1),
(3419, '7287', '167', 'Mutwal', 1),
(3420, '7287', '106', 'Narammala', 1),
(3421, '7287', '052', 'Nawala', 1),
(3422, '7287', '076', 'Nawalapitiya', 1),
(3423, '7287', '013', 'Negombo', 1),
(3424, '7287', '092', 'Nelliady', 1),
(3425, '7287', '087', 'Nittambuwa', 1),
(3426, '7287', '133', 'Nochchiyagama', 1),
(3427, '7287', '012', 'Nugegoda', 1),
(3428, '7287', '019', 'Nuwara Eliya', 1),
(3429, '7287', '050', 'Old Moor Street', 1),
(3430, '7287', '154', 'Padaviya', 1),
(3431, '7287', '134', 'Pallekelle', 1),
(3432, '7287', '005', 'Panadura', 1),
(3433, '7287', '162', 'Pannala', 1),
(3434, '7287', '090', 'Pelmadulla.', 1),
(3435, '7287', '157', 'Peradeniya', 1),
(3436, '7287', '064', 'Pettah', 1),
(3437, '7287', '158', 'Pilimathalawa', 1),
(3438, '7287', '099', 'Piliyandala', 1),
(3439, '7287', '114', 'Pitakotte', 1),
(3440, '7287', '159', 'Polonnaruwa', 1),
(3441, '7287', '151', 'Pothuvil', 1),
(3442, '7287', '110', 'Pussellawa', 1),
(3443, '7287', '049', 'Puttalam', 1),
(3444, '7287', '062', 'Raddolugama', 1),
(3445, '7287', '128', 'Ranpokunugama', 1),
(3446, '7287', '007', 'Ratnapura', 1),
(3447, '7287', '998', 'Retail Remittance Center', 1),
(3448, '7287', '141', 'Rideegama', 1),
(3449, '7287', '080', 'Ruwanwella', 1),
(3450, '7287', '152', 'Samanthurai', 1),
(3451, '7287', '040', 'Sarikkamulla', 1),
(3452, '7287', '000', 'Seylan Bank Head Office', 1),
(3453, '7287', '997', 'Seylan Card Centre (SCC)', 1),
(3454, '7287', '153', 'Siyambalanduwa', 1),
(3455, '7287', '079', 'Soysapura', 1),
(3456, '7287', '037', 'Tissamaharama', 1),
(3457, '7287', '088', 'Trincomalee', 1),
(3458, '7287', '119', 'Udappu', 1),
(3459, '7287', '072', 'Vavuniya', 1),
(3460, '7287', '108', 'Veyangoda', 1),
(3461, '7287', '142', 'Wadduwa', 1),
(3462, '7287', '070', 'Warakapola', 1),
(3463, '7287', '071', 'Wattala', 1),
(3464, '7287', '057', 'Welimada', 1),
(3465, '7287', '063', 'Weliveriya', 1),
(3466, '7287', '068', 'Wellawatte', 1),
(3467, '7287', '160', 'Wennappuwa', 1),
(3468, '7287', '135', 'Wijerama', 1),
(3469, '7287', '035', 'Yakkala', 1),
(3470, '7287', '127', 'Yatiyantota', 1),
(3471, '7038', '002', 'Colpetty', 1),
(3472, '7038', '001', 'Head Office', 1),
(3473, '7038', '999', 'Head Office', 1),
(3474, '7038', '004', 'Kiribathgoda', 1),
(3475, '7038', '005', 'Kirullapone', 1),
(3476, '7038', '006', 'Moratuwa', 1),
(3477, '7038', '010', 'Pettah', 1),
(3478, '7038', '011', 'Priority Banking Centre', 1),
(3479, '7038', '007', 'Rajagiriya', 1),
(3480, '7038', '003', 'Wellawatte', 1),
(3481, '7144', '000', 'Head Office', 1),
(3482, '7144', '001', 'Head Office', 1),
(3483, '7144', '999', 'Head Office', 1),
(3484, '7144', '003', 'Jaffna', 1),
(3485, '7144', '002', 'Kandy', 1),
(3486, '7144', '032', 'Kohuwala', 1),
(3487, '7764', '014', 'Ambalantota', 1),
(3488, '7764', '017', 'Ampara', 1),
(3489, '7764', '024', 'Anuradhapura', 1),
(3490, '7764', '022', 'Badulla', 1),
(3491, '7764', '010', 'Battaramulla', 1),
(3492, '7764', '015', 'Batticaloa', 1),
(3493, '7764', '008', 'Chilaw', 1),
(3494, '7764', '005', 'Galle', 1),
(3495, '7764', '004', 'Gampaha', 1),
(3496, '7764', '021', 'Hatton', 1),
(3497, '7764', '001', 'Head Office City', 1),
(3498, '7764', '013', 'Horana', 1),
(3499, '7764', '016', 'Jaffna', 1),
(3500, '7764', '019', 'Kaduruwela', 1),
(3501, '7764', '002', 'Kandy', 1),
(3502, '7764', '012', 'Kegalle', 1),
(3503, '7764', '011', 'Kiribathgoda', 1),
(3504, '7764', '006', 'Kurunegala', 1),
(3505, '7764', '025', 'Matale', 1),
(3506, '7764', '009', 'Matara', 1),
(3507, '7764', '007', 'Matugama', 1),
(3508, '7764', '023', 'Monaragala', 1),
(3509, '7764', '026', 'Panadura', 1),
(3510, '7764', '018', 'Ratnapura', 1),
(3511, '7764', '003', 'SMIB Finance Department', 1),
(3512, '7764', '020', 'Vavuniya', 1),
(3513, '7302', '063', 'Akuressa', 1),
(3514, '7302', '035', 'Ambalangoda', 1),
(3515, '7302', '049', 'Ambalanthota', 1),
(3516, '7302', '041', 'Angunakolapelessa', 1),
(3517, '7302', '031', 'Anuradhapura', 1),
(3518, '7302', '022', 'Atchuvely', 1),
(3519, '7302', '065', 'Attidiya', 1),
(3520, '7302', '033', 'Badulla', 1),
(3521, '7302', '051', 'Balangoda', 1),
(3522, '7302', '025', 'Batticaloa', 1),
(3523, '7302', '036', 'Chilaw', 1),
(3524, '7302', '021', 'Chunnakkam', 1),
(3525, '7302', '002', 'Colpetty', 1),
(3526, '7302', '032', 'Dhambulla', 1),
(3527, '7302', '060', 'Elpitiya', 1),
(3528, '7302', '044', 'Embilipitiya', 1),
(3529, '7302', '027', 'Galle', 1),
(3530, '7302', '024', 'Gampaha', 1),
(3531, '7302', '043', 'Gampola', 1),
(3532, '7302', '059', 'Ganemulla', 1),
(3533, '7302', '008', 'Head Office Branch', 1),
(3534, '7302', '034', 'Horana', 1),
(3535, '7302', '048', 'Horowpathana', 1),
(3536, '7302', '055', 'Ibbagamuwa', 1),
(3537, '7302', '014', 'Ja ela', 1),
(3538, '7302', '018', 'Jaffna', 1),
(3539, '7302', '029', 'Kadawatha', 1),
(3540, '7302', '003', 'Kandy', 1),
(3541, '7302', '042', 'Kebithigollewa', 1),
(3542, '7302', '045', 'Kegalle', 1),
(3543, '7302', '047', 'Kekirawa', 1),
(3544, '7302', '066', 'Kohuwala', 1),
(3545, '7302', '012', 'Kotahena', 1),
(3546, '7302', '056', 'Kuliyapitiya', 1),
(3547, '7302', '009', 'Kurunegala', 1),
(3548, '7302', '052', 'Maharagama', 1),
(3549, '7302', '019', 'Mannar', 1),
(3550, '7302', '037', 'Marawila', 1),
(3551, '7302', '011', 'Matara', 1),
(3552, '7302', '053', 'Mathugama', 1),
(3553, '7302', '061', 'Medawachchiya', 1),
(3554, '7302', '050', 'Minuwangoda', 1),
(3555, '7302', '058', 'Moneragala', 1),
(3556, '7302', '016', 'Moratuwa', 1),
(3557, '7302', '039', 'Narammala', 1),
(3558, '7302', '004', 'Nawala', 1),
(3559, '7302', '054', 'Nawalapitiya', 1),
(3560, '7302', '010', 'Negambo', 1),
(3561, '7302', '015', 'Neugegoda', 1),
(3562, '7302', '067', 'New Borella', 1),
(3563, '7302', '007', 'Old Moor Street', 1),
(3564, '7302', '038', 'Panadura', 1),
(3565, '7302', '040', 'Pelawatte', 1),
(3566, '7302', '006', 'Pettah', 1),
(3567, '7302', '057', 'Pilimathalawa', 1),
(3568, '7302', '028', 'Piliyandala', 1),
(3569, '7302', '064', 'Rajagiriaya', 1),
(3570, '7302', '062', 'Ratmalana', 1),
(3571, '7302', '030', 'Ratnapura', 1),
(3572, '7302', '026', 'Trincomalee', 1),
(3573, '7302', '997', 'UB Corporate', 1),
(3574, '7302', '001', 'UB Main Office', 1),
(3575, '7302', '020', 'Vavuniya', 1),
(3576, '7302', '046', 'Warakapola', 1),
(3577, '7302', '023', 'Wattala', 1),
(3578, '7302', '005', 'Wellawatte', 1),
(3579, '7302', '017', 'Wennappuwa', 1),
(3580, '7816', '001', 'Head Office', 1),
(3581, '7728', '093', 'Galewela', 1),
(3582, '7056', '286', 'Ibbagamuwa', 1),
(3583, '7010', '659', 'Gurugoda', 1),
(3584, '7010', '824', 'Andiyagala', 1),
(3585, '7135', '827', 'Kandaketiya', 1),
(3586, '7056', '282', 'Kolonnawa', 1),
(3587, '7870', '284', 'Enderamulla', 1),
(3588, '7135', '384', 'Migahakiula', 1),
(3589, '7010', '823', 'Sewanagala	', 1),
(3590, '7056', '287', 'Embuldeniya', 1),
(3591, '7010', '826', 'Dunagaha', 1),
(3592, '7311', '083', 'Dankotuwa', 1),
(3593, '7010', '825', 'Laggala', 1),
(3594, '7135', '544', 'Boraluwewa', 1),
(3595, '7010', '453', 'Independent Square', 1),
(3596, '7287', '168', 'Kandana', 1),
(3597, '7135', '504', 'Dummalasooriya', 1),
(3598, '7056', '288', 'Teldeniya', 1),
(3599, '7010', '274', 'Welioya', 1),
(3600, '7056', '280', 'Pamunugama', 1),
(3601, '7056', '289', 'Hettipola', 1),
(3602, '7454', '108', 'Ruwanwella', 1),
(3603, '7010', '827', 'Kandeketiya', 1),
(3604, '7010', '266', 'Karandeniya', 1),
(3605, '7056', '275', 'Kelaniya', 1),
(3606, '7719', '117', 'Rajagiriya', 1),
(3607, '7010', '263', 'kotapola', 1),
(3608, '7056', '278', 'Rambukkana', 1),
(3609, '7010', '821', 'dombagahawela', 1),
(3610, '7056', '279', 'Katana', 1),
(3611, '7278', '006', 'Kurunegala Super', 1),
(3612, '7010', '671', 'Isurupaya', 1),
(3613, '7719', '155', 'Katuwana', 1),
(3614, '7010', '551', 'Anuradhapura City', 1),
(3615, '7010', '820', 'Unawatuna', 1),
(3616, '7135', '042', 'Maradankadawala', 1),
(3617, '7719', '153', 'Makola', 1),
(3618, '7056', '162', 'Thambuththegama', 1),
(3619, '7278', '048', 'Thambuttegama', 1),
(3620, '7278', '211', 'Thalahena', 1),
(3621, '7056', '118', 'Madampe', 1),
(3622, '7719', '751', 'Haliela', 1),
(3623, '7010', '524', 'Gelioya', 1),
(3624, '7056', '281', 'Yatiyantota', 1),
(3625, '7719', '154', 'Kataragama', 1),
(3626, '7454', '097', 'Tissamaharama', 1),
(3627, '7010', '827', 'Kandaketiya', 1),
(3628, '7719', '151', 'Deiyandara', 1),
(3629, '7010', '829', 'Andaulpotha', 1),
(3630, '7056', '280', 'Bopitiya', 1),
(3631, '7719', '159', 'Polpithigama', 1),
(3632, '7737', '001', 'Gampaha', 1),
(3633, '7135', '034', 'Katana', 1),
(3634, '7010', '392', 'Anuradhapura Hospital', 1),
(3635, '7056', '292', 'Kirillawala', 1),
(3636, '7737', '901', 'Gampola', 1),
(3637, '7135', '365', 'Siyabalanduwa', 1),
(3638, '7010', '805', 'adigama', 1),
(3639, '7010', '236', 'Gonapathirawa', 1),
(3640, '7852', '049', 'Veyangoda', 3);

-- --------------------------------------------------------

--
-- Table structure for table `tbl_brand`
--

CREATE TABLE `tbl_brand` (
  `idtbl_brand` int(11) NOT NULL,
  `brandname` varchar(45) NOT NULL,
  `brandcode` varchar(10) NOT NULL,
  `status` int(11) NOT NULL,
  `insertdatetime` datetime NOT NULL,
  `updateuser` int(11) DEFAULT NULL,
  `updatedatetime` datetime DEFAULT NULL,
  `tbl_user_idtbl_user` int(11) NOT NULL,
  `tbl_material_category_idtbl_material_category` int(11) NOT NULL
) ENGINE=InnoDB DEFAULT CHARSET=utf8;

--
-- Dumping data for table `tbl_brand`
--

INSERT INTO `tbl_brand` (`idtbl_brand`, `brandname`, `brandcode`, `status`, `insertdatetime`, `updateuser`, `updatedatetime`, `tbl_user_idtbl_user`, `tbl_material_category_idtbl_material_category`) VALUES
(1, 'Ceylonz Harvest', 'CH', 1, '2022-11-17 12:45:59', 1, '2022-11-17 12:48:03', 1, 3),
(2, 'Ceylonz Kitchen', 'CK', 1, '2022-11-18 19:05:24', NULL, NULL, 1, 3),
(3, 'Valsgro', 'VS', 1, '2022-11-18 19:05:32', NULL, NULL, 1, 3);

-- --------------------------------------------------------

--
-- Table structure for table `tbl_cloth`
--

CREATE TABLE `tbl_cloth` (
  `idtbl_cloth` int(11) NOT NULL,
  `type` varchar(45) NOT NULL,
  `status` int(11) NOT NULL,
  `insertdatetime` datetime NOT NULL,
  `updatedatetime` datetime DEFAULT NULL,
  `updateuser` int(11) DEFAULT NULL,
  `tbl_user_idtbl_user` int(11) NOT NULL
) ENGINE=InnoDB DEFAULT CHARSET=utf8;

--
-- Dumping data for table `tbl_cloth`
--

INSERT INTO `tbl_cloth` (`idtbl_cloth`, `type`, `status`, `insertdatetime`, `updatedatetime`, `updateuser`, `tbl_user_idtbl_user`) VALUES
(1, 'shirt', 1, '2024-06-06 10:41:06', NULL, NULL, 1),
(2, 'T-shirt', 1, '2024-06-06 10:57:02', '2024-06-06 12:03:55', NULL, 1),
(3, 'Trouser', 3, '2024-06-06 10:58:09', '2024-06-06 11:12:00', NULL, 1);

-- --------------------------------------------------------

--
-- Table structure for table `tbl_currency`
--

CREATE TABLE `tbl_currency` (
  `idtbl_currency` int(11) NOT NULL,
  `currency_name` varchar(50) NOT NULL,
  `status` int(11) NOT NULL DEFAULT 1
) ENGINE=InnoDB DEFAULT CHARSET=latin1;

--
-- Dumping data for table `tbl_currency`
--

INSERT INTO `tbl_currency` (`idtbl_currency`, `currency_name`, `status`) VALUES
(1, 'USD', 1),
(2, 'EURO', 1),
(3, 'LKR', 1),
(4, 'CND', 1);

-- --------------------------------------------------------

--
-- Table structure for table `tbl_customer`
--

CREATE TABLE `tbl_customer` (
  `idtbl_customer` int(11) NOT NULL,
  `name` varchar(45) NOT NULL,
  `nic` varchar(45) NOT NULL,
  `bus_reg_no` varchar(40) NOT NULL,
  `nbt_no` varchar(45) DEFAULT NULL,
  `svat_no` varchar(45) DEFAULT NULL,
  `telephone_no` varchar(45) NOT NULL,
  `fax_no` varchar(45) NOT NULL,
  `address_line1` varchar(45) NOT NULL,
  `address_line2` varchar(45) NOT NULL,
  `city` varchar(45) NOT NULL,
  `state` varchar(45) NOT NULL,
  `delivery_address_line1` varchar(45) NOT NULL,
  `delivery_address_line2` varchar(45) NOT NULL,
  `delivery_city` varchar(45) NOT NULL,
  `delivery_state` varchar(45) NOT NULL,
  `business_status` varchar(45) DEFAULT NULL,
  `payment_method` varchar(45) DEFAULT NULL,
  `postal_code` varchar(45) NOT NULL,
  `vat_no` varchar(45) DEFAULT NULL,
  `vat_customer` int(11) NOT NULL COMMENT '0-non vat\r\n1-vat customer',
  `imagepath` mediumtext CHARACTER SET utf8 NOT NULL,
  `country` varchar(45) NOT NULL,
  `company_id` int(11) NOT NULL,
  `company_branch_id` int(11) NOT NULL,
  `status` int(11) NOT NULL,
  `insertdatetime` datetime NOT NULL,
  `updatedatetime` datetime DEFAULT NULL,
  `tbl_user_idtbl_user` int(11) NOT NULL
) ENGINE=InnoDB DEFAULT CHARSET=utf8mb4;

--
-- Dumping data for table `tbl_customer`
--

INSERT INTO `tbl_customer` (`idtbl_customer`, `name`, `nic`, `bus_reg_no`, `nbt_no`, `svat_no`, `telephone_no`, `fax_no`, `address_line1`, `address_line2`, `city`, `state`, `delivery_address_line1`, `delivery_address_line2`, `delivery_city`, `delivery_state`, `business_status`, `payment_method`, `postal_code`, `vat_no`, `vat_customer`, `imagepath`, `country`, `company_id`, `company_branch_id`, `status`, `insertdatetime`, `updatedatetime`, `tbl_user_idtbl_user`) VALUES
(1, 'CUS 01', '', '10012002', '23123', '', '0778899485', '12312321', 'ADDR 1', 'ADDR 2', 'NEGOMBO', 'LK', 'ADDR 1', 'ADDR 2', 'NEGOMBO', 'LK', 'Proprietorship', 'Cash', '', '', 0, 'Image-023_10_33_541.jpg', '', 0, 0, 1, '2024-11-21 09:48:16', '2024-12-12 15:45:59', 1),
(3, 'asd', '', '123', 'wqe', NULL, '0769275861', 'qwewq', '351/n3 NIRMALA ROAD BATHALA WATHTHA RADDOLUWA', 'wqe', 'wqe', 'qwe', 'wqe', '351/n3 NIRMALA ROAD BATHALA WATHTHA RADDOLUWA', 'Raddoluwa', 'Sri Lanka', 'Proprietorship', 'Bank', '', 'qweq', 1, 'Screenshot_2024-12-10_at_20_43_33.png', '', 0, 0, 1, '2024-12-11 10:56:35', NULL, 1),
(4, 'ww', '', 'sd', 'asd', NULL, '12', '123', '213', '213', '213', '213', '213', '213', '213', '213', NULL, NULL, '', NULL, 0, '', '', 0, 0, 1, '2024-12-12 15:44:56', NULL, 1);

-- --------------------------------------------------------

--
-- Table structure for table `tbl_customer_bank_details`
--

CREATE TABLE `tbl_customer_bank_details` (
  `idtbl_customer_bank_details` int(11) NOT NULL,
  `bank_name` varchar(45) NOT NULL,
  `branch` varchar(45) NOT NULL,
  `account_no` varchar(45) NOT NULL,
  `account_name` varchar(45) NOT NULL,
  `status` int(11) NOT NULL,
  `updatedatetime` datetime NOT NULL,
  `tbl_customer_idtbl_customer` int(11) NOT NULL,
  `tbl_user_idtbl_user` varchar(20) DEFAULT NULL,
  `updateuser` varchar(20) DEFAULT NULL
) ENGINE=InnoDB DEFAULT CHARSET=utf8mb4;

--
-- Dumping data for table `tbl_customer_bank_details`
--

INSERT INTO `tbl_customer_bank_details` (`idtbl_customer_bank_details`, `bank_name`, `branch`, `account_no`, `account_name`, `status`, `updatedatetime`, `tbl_customer_idtbl_customer`, `tbl_user_idtbl_user`, `updateuser`) VALUES
(38, 'Boc', 'Kuliyapitiya', '81846795', 'rajapaksha', 1, '2024-09-04 12:04:11', 11, 'admin', NULL),
(39, 'Commercial Bank', 'Dankotuwa', '87400082', 'Rajapaksha', 1, '2025-01-30 10:39:52', 0, '1', NULL),
(40, 'HNB', 'negombo', '6789976', 'lahiru', 1, '2025-02-05 12:26:33', 4, '1', NULL),
(41, 'HNB', 'negombo', '3546728', 'lahiru', 1, '2025-02-05 13:33:55', 3, '1', NULL);

-- --------------------------------------------------------

--
-- Table structure for table `tbl_customer_contact_details`
--

CREATE TABLE `tbl_customer_contact_details` (
  `idtbl_customer_contact_details` int(11) NOT NULL,
  `name` varchar(45) NOT NULL,
  `position` varchar(45) NOT NULL,
  `mobile_no` varchar(45) NOT NULL,
  `email` varchar(45) NOT NULL,
  `status` int(11) NOT NULL,
  `updatedatetime` datetime NOT NULL,
  `tbl_customer_idtbl_customer` int(11) NOT NULL,
  `tbl_user_idtbl_user` varchar(20) DEFAULT NULL,
  `updateuser` varchar(20) DEFAULT NULL
) ENGINE=InnoDB DEFAULT CHARSET=utf8mb4;

--
-- Dumping data for table `tbl_customer_contact_details`
--

INSERT INTO `tbl_customer_contact_details` (`idtbl_customer_contact_details`, `name`, `position`, `mobile_no`, `email`, `status`, `updatedatetime`, `tbl_customer_idtbl_customer`, `tbl_user_idtbl_user`, `updateuser`) VALUES
(22, 'jinodhya', 'manager', '0769953210', 'nikethanij198@gmail.com', 1, '2024-09-04 12:03:06', 11, 'admin', NULL),
(23, 'Rajapaksha', 'GM', '07683', 'rejan31@gmail.com', 1, '2025-01-30 11:41:54', 0, '1', NULL),
(24, 'Rajapaksha', 'GM', '0768360', 'rejan31@gmail.com', 1, '2025-02-05 12:26:41', 1, '1', NULL);

-- --------------------------------------------------------

--
-- Table structure for table `tbl_customer_job_details`
--

CREATE TABLE `tbl_customer_job_details` (
  `idtbl_customer_job_details` int(11) NOT NULL,
  `job_name` varchar(255) NOT NULL,
  `job_code` varchar(45) NOT NULL,
  `measure_type_id` int(11) NOT NULL,
  `status` int(11) NOT NULL,
  `updatedatetime` datetime NOT NULL,
  `tbl_customer_idtbl_customer` int(11) NOT NULL,
  `tbl_user_idtbl_user` varchar(20) DEFAULT NULL,
  `updateuser` varchar(20) DEFAULT NULL
) ENGINE=InnoDB DEFAULT CHARSET=utf8mb4;

--
-- Dumping data for table `tbl_customer_job_details`
--

INSERT INTO `tbl_customer_job_details` (`idtbl_customer_job_details`, `job_name`, `job_code`, `measure_type_id`, `status`, `updatedatetime`, `tbl_customer_idtbl_customer`, `tbl_user_idtbl_user`, `updateuser`) VALUES
(20, 'manager', '001', 0, 1, '2024-09-04 12:03:25', 11, 'admin', NULL);

-- --------------------------------------------------------

--
-- Table structure for table `tbl_delivery_detail`
--

CREATE TABLE `tbl_delivery_detail` (
  `idtbl_delivery_detail` int(11) NOT NULL,
  `deliver_quantity` int(11) NOT NULL,
  `delivery_date` date NOT NULL,
  `tbl_cloth_idtbl_cloth` int(11) NOT NULL,
  `tbl_size_idtbl_size` int(11) NOT NULL,
  `tbl_inquiry_idtbl_inquiry` int(11) NOT NULL,
  `insertdatetime` datetime NOT NULL,
  `tbl_user_idtbl_user` int(11) NOT NULL,
  `status` int(11) NOT NULL,
  `updatedatetime` datetime DEFAULT NULL,
  `updateuser` int(11) DEFAULT NULL
) ENGINE=InnoDB DEFAULT CHARSET=utf8;

--
-- Dumping data for table `tbl_delivery_detail`
--

INSERT INTO `tbl_delivery_detail` (`idtbl_delivery_detail`, `deliver_quantity`, `delivery_date`, `tbl_cloth_idtbl_cloth`, `tbl_size_idtbl_size`, `tbl_inquiry_idtbl_inquiry`, `insertdatetime`, `tbl_user_idtbl_user`, `status`, `updatedatetime`, `updateuser`) VALUES
(1, 2, '2024-09-02', 2, 5, 35, '2024-09-04 11:47:14', 1, 1, NULL, NULL);

-- --------------------------------------------------------

--
-- Table structure for table `tbl_email_receptions`
--

CREATE TABLE `tbl_email_receptions` (
  `id` int(11) NOT NULL,
  `email` varchar(150) NOT NULL,
  `type` varchar(100) NOT NULL
) ENGINE=MyISAM DEFAULT CHARSET=latin1;

--
-- Dumping data for table `tbl_email_receptions`
--

INSERT INTO `tbl_email_receptions` (`id`, `email`, `type`) VALUES
(9, 'tharakadoo@gmail.com', '');

-- --------------------------------------------------------

--
-- Table structure for table `tbl_form`
--

CREATE TABLE `tbl_form` (
  `idtbl_form` int(11) NOT NULL,
  `formname` varchar(45) NOT NULL,
  `formcode` varchar(10) NOT NULL,
  `status` int(11) NOT NULL,
  `insertdatetime` datetime NOT NULL,
  `updateuser` int(11) DEFAULT NULL,
  `updatedatetime` datetime DEFAULT NULL,
  `tbl_user_idtbl_user` int(11) NOT NULL,
  `tbl_material_category_idtbl_material_category` int(11) NOT NULL
) ENGINE=InnoDB DEFAULT CHARSET=utf8;

--
-- Dumping data for table `tbl_form`
--

INSERT INTO `tbl_form` (`idtbl_form`, `formname`, `formcode`, `status`, `insertdatetime`, `updateuser`, `updatedatetime`, `tbl_user_idtbl_user`, `tbl_material_category_idtbl_material_category`) VALUES
(1, 'WHOLE', 'WHL', 1, '2022-11-17 13:16:20', 1, '2022-11-17 13:16:36', 1, 1),
(2, 'POWDER', 'PWD', 1, '2022-11-18 19:06:22', NULL, NULL, 1, 1),
(3, 'FLAKES', 'FLK', 1, '2022-11-18 19:06:31', NULL, NULL, 1, 1),
(4, 'STICKS', 'STK', 1, '2022-11-18 19:06:45', NULL, NULL, 1, 1),
(5, 'CHIPS', 'CHP', 1, '2022-11-18 19:06:55', NULL, NULL, 1, 1),
(6, 'CRUSHED', 'CRS', 1, '2022-11-18 19:07:03', NULL, NULL, 1, 1),
(7, 'WHOLE', 'S_WHL', 1, '2022-11-18 19:07:21', NULL, NULL, 1, 3),
(8, 'POWDER', 'S_PWD', 1, '2022-11-18 19:07:39', NULL, NULL, 1, 3),
(9, 'FLAKES', 'S_FLK', 1, '2022-11-18 19:07:55', NULL, NULL, 1, 3),
(10, 'STICKS', 'S_STK', 1, '2022-11-18 19:08:08', NULL, NULL, 1, 3),
(11, 'CHIPS', 'S_CHP', 1, '2022-11-18 19:08:20', NULL, NULL, 1, 3),
(12, 'CRUSHED', 'S_CRS', 1, '2022-11-18 19:08:30', NULL, NULL, 1, 3),
(13, 'BEANS', 'BNS', 1, '2022-11-18 19:08:39', NULL, NULL, 1, 1);

-- --------------------------------------------------------

--
-- Table structure for table `tbl_grade`
--

CREATE TABLE `tbl_grade` (
  `idtbl_grade` int(11) NOT NULL,
  `gradename` varchar(45) NOT NULL,
  `gradecode` varchar(10) NOT NULL,
  `status` int(11) NOT NULL,
  `insertdatetime` datetime NOT NULL,
  `updateuser` int(11) DEFAULT NULL,
  `updatedatetime` datetime DEFAULT NULL,
  `tbl_user_idtbl_user` int(11) NOT NULL,
  `tbl_material_category_idtbl_material_category` int(11) NOT NULL
) ENGINE=InnoDB DEFAULT CHARSET=utf8;

--
-- Dumping data for table `tbl_grade`
--

INSERT INTO `tbl_grade` (`idtbl_grade`, `gradename`, `gradecode`, `status`, `insertdatetime`, `updateuser`, `updatedatetime`, `tbl_user_idtbl_user`, `tbl_material_category_idtbl_material_category`) VALUES
(1, '550GL', '550GL', 1, '2022-11-18 18:30:00', NULL, NULL, 1, 1),
(2, '525GL', '525GL', 1, '2022-11-18 18:30:00', NULL, NULL, 1, 1),
(3, '500GL', '500GL', 1, '2022-11-18 18:30:00', NULL, NULL, 1, 1),
(4, '7mm', '7mm', 1, '2022-11-18 18:30:00', NULL, NULL, 1, 1),
(5, '8mm', '8mm', 1, '2022-11-18 18:30:00', NULL, NULL, 1, 1),
(6, 'Grade A', 'GR_A', 1, '2022-11-18 18:30:00', NULL, NULL, 1, 1),
(7, 'Grade B', 'GR_B', 1, '2022-11-18 18:30:00', NULL, NULL, 1, 1),
(8, 'ALBA', 'ALB', 1, '2022-11-18 18:30:00', NULL, NULL, 1, 1),
(9, 'C5 Special', 'C5S', 1, '2022-11-18 18:30:00', NULL, NULL, 1, 1),
(10, 'C5', 'C5', 1, '2022-11-18 18:30:00', NULL, NULL, 1, 1),
(11, 'C4', 'C4', 1, '2022-11-18 18:30:00', NULL, NULL, 1, 1),
(12, 'H1', 'H1', 1, '2022-11-18 18:30:00', NULL, NULL, 1, 1),
(13, 'H2', 'H2', 1, '2022-11-18 18:30:00', NULL, NULL, 1, 1),
(14, 'Off Cut', 'OCT', 1, '2022-11-18 18:30:00', NULL, NULL, 1, 1),
(15, 'FAQ', 'FAQ', 1, '2022-11-18 18:30:00', NULL, NULL, 1, 1),
(16, 'Hand Picked', 'HNP', 1, '2022-11-18 18:30:00', NULL, NULL, 1, 1),
(17, 'Lal Pary', 'LLP', 1, '2022-11-18 18:30:00', NULL, NULL, 1, 1),
(18, 'Untoasted', 'UTS', 1, '2022-11-18 18:30:00', NULL, NULL, 1, 1),
(19, 'Toasted', 'TST', 1, '2022-11-18 18:30:00', NULL, NULL, 1, 1),
(20, 'Roasted', 'RST', 1, '2022-11-18 18:30:00', NULL, NULL, 1, 1),
(21, 'Unroasted', 'URS', 1, '2022-11-18 18:30:00', NULL, NULL, 1, 1),
(22, 'With Shell', 'WTS', 1, '2022-11-18 18:30:00', NULL, NULL, 1, 1),
(23, 'Without Shell', 'WOS', 1, '2022-11-18 18:30:00', NULL, NULL, 1, 1),
(24, 'Organic', 'OGN', 1, '2022-11-18 18:30:00', 2, '2022-11-22 12:39:33', 1, 1),
(25, 'Untoasted', 'S_UTS', 1, '2022-11-18 18:30:00', NULL, NULL, 1, 3),
(26, 'TOASTED', 'S_TST', 1, '2022-11-18 18:30:00', NULL, NULL, 1, 3),
(27, 'Organic', 'S_OGN', 1, '2022-11-18 18:30:00', NULL, NULL, 1, 3),
(28, 'Unroasted', 'S_URS', 1, '2022-11-18 18:30:00', NULL, NULL, 1, 3),
(29, 'Roasted', 'S_RST', 1, '2022-11-18 18:30:00', NULL, NULL, 1, 3);

-- --------------------------------------------------------

--
-- Table structure for table `tbl_grn`
--

CREATE TABLE `tbl_grn` (
  `idtbl_grn` int(11) NOT NULL,
  `batchno` varchar(45) NOT NULL,
  `grntype` int(11) NOT NULL COMMENT '1 - Normel Grn, 2 - Direct Grn	',
  `grndate` date NOT NULL,
  `total` double NOT NULL,
  `invoicenum` varchar(45) NOT NULL,
  `dispatchnum` varchar(45) NOT NULL,
  `approvestatus` int(11) NOT NULL,
  `qualitycheck` int(11) NOT NULL,
  `transportcost` double NOT NULL,
  `unloadingcost` double NOT NULL,
  `status` int(11) NOT NULL,
  `insertdatetime` datetime NOT NULL,
  `updateuser` int(11) DEFAULT NULL,
  `updatedatetime` datetime DEFAULT NULL,
  `tbl_user_idtbl_user` int(11) NOT NULL,
  `tbl_supplier_idtbl_supplier` int(11) NOT NULL,
  `tbl_location_idtbl_location` int(11) NOT NULL,
  `tbl_porder_idtbl_porder` int(11) NOT NULL,
  `tbl_order_type_idtbl_order_type` int(11) NOT NULL,
  `remarks` text DEFAULT NULL,
  `approved_by` int(11) DEFAULT NULL,
  `approved_at` datetime DEFAULT NULL
) ENGINE=InnoDB DEFAULT CHARSET=utf8;

--
-- Dumping data for table `tbl_grn`
--

INSERT INTO `tbl_grn` (`idtbl_grn`, `batchno`, `grntype`, `grndate`, `total`, `invoicenum`, `dispatchnum`, `approvestatus`, `qualitycheck`, `transportcost`, `unloadingcost`, `status`, `insertdatetime`, `updateuser`, `updatedatetime`, `tbl_user_idtbl_user`, `tbl_supplier_idtbl_supplier`, `tbl_location_idtbl_location`, `tbl_porder_idtbl_porder`, `tbl_order_type_idtbl_order_type`, `remarks`, `approved_by`, `approved_at`) VALUES
(17, '', 1, '2025-02-14', 7500, '2', '', 1, 0, 400, 300, 1, '2025-02-14 10:05:07', NULL, NULL, 1, 1, 1, 8, 1, '', 1, '2025-02-14 10:05:22'),
(18, '', 1, '2025-02-19', 300, '111', '222', 1, 0, 1400, 300, 1, '2025-02-19 16:08:49', NULL, NULL, 1, 3, 1, 8, 1, '', 1, '2025-02-19 16:20:19'),
(20, '', 1, '2025-02-24', 1200, '300', '600', 1, 0, 200, 300, 1, '2025-02-24 10:04:57', NULL, NULL, 1, 2, 1, 9, 1, '', 1, '2025-02-24 10:05:09');

-- --------------------------------------------------------

--
-- Table structure for table `tbl_grndetail`
--

CREATE TABLE `tbl_grndetail` (
  `idtbl_grndetail` int(11) NOT NULL,
  `date` date NOT NULL,
  `qty` double NOT NULL,
  `unitprice` double NOT NULL,
  `total` double NOT NULL,
  `comment` mediumtext NOT NULL,
  `mfdate` date DEFAULT NULL,
  `expdate` date DEFAULT NULL,
  `quater` int(11) DEFAULT NULL COMMENT '1 - 3 month, 2 - 6 month, 3 - 9 month, 4 - 12 month, 5 - 18 month, 6 - 24 month',
  `actualqty` double DEFAULT NULL,
  `actualqtybagcarton` double DEFAULT NULL,
  `examqty` double DEFAULT NULL,
  `examqtybagcarton` double DEFAULT NULL,
  `grade` mediumtext DEFAULT NULL,
  `moisture` double DEFAULT NULL,
  `dustfm` double DEFAULT NULL,
  `lbdamage` double DEFAULT NULL,
  `colorapperance` mediumtext DEFAULT NULL,
  `size` mediumtext DEFAULT NULL,
  `remark` mediumtext DEFAULT NULL,
  `actiontobe` mediumtext DEFAULT NULL,
  `status` int(11) NOT NULL,
  `insertdatetime` datetime NOT NULL,
  `updateuser` int(11) DEFAULT NULL,
  `updatedatetime` datetime DEFAULT NULL,
  `tbl_grn_idtbl_grn` int(11) NOT NULL,
  `spare_part_id` int(11) DEFAULT NULL
) ENGINE=InnoDB DEFAULT CHARSET=utf8;

--
-- Dumping data for table `tbl_grndetail`
--

INSERT INTO `tbl_grndetail` (`idtbl_grndetail`, `date`, `qty`, `unitprice`, `total`, `comment`, `mfdate`, `expdate`, `quater`, `actualqty`, `actualqtybagcarton`, `examqty`, `examqtybagcarton`, `grade`, `moisture`, `dustfm`, `lbdamage`, `colorapperance`, `size`, `remark`, `actiontobe`, `status`, `insertdatetime`, `updateuser`, `updatedatetime`, `tbl_grn_idtbl_grn`, `spare_part_id`) VALUES
(20, '2025-02-14', 5, 1500, 7500, 'sss', '2025-02-14', '2025-02-16', 2, NULL, NULL, NULL, NULL, NULL, NULL, NULL, NULL, NULL, NULL, NULL, NULL, 1, '2025-02-14 10:05:07', NULL, NULL, 17, 1),
(21, '2025-02-19', 2, 150, 300, 'sssss', '2025-02-19', '2025-02-20', 3, NULL, NULL, NULL, NULL, NULL, NULL, NULL, NULL, NULL, NULL, NULL, NULL, 1, '2025-02-19 16:08:49', NULL, NULL, 18, 1),
(23, '2025-02-24', 3, 400, 1200, 'test', '2025-02-24', '2025-02-25', 2, NULL, NULL, NULL, NULL, NULL, NULL, NULL, NULL, NULL, NULL, NULL, NULL, 1, '2025-02-24 10:04:57', NULL, NULL, 20, 2);

-- --------------------------------------------------------

--
-- Table structure for table `tbl_inquiry`
--

CREATE TABLE `tbl_inquiry` (
  `idtbl_inquiry` int(11) NOT NULL,
  `date` date NOT NULL,
  `status` int(11) NOT NULL,
  `insertdatetime` datetime NOT NULL,
  `updatedatetime` datetime DEFAULT NULL,
  `updateuser` int(11) DEFAULT NULL,
  `tbl_customer_idtbl_customer` int(11) NOT NULL,
  `tbl_user_idtbl_user` int(11) NOT NULL
) ENGINE=InnoDB DEFAULT CHARSET=utf8;

--
-- Dumping data for table `tbl_inquiry`
--

INSERT INTO `tbl_inquiry` (`idtbl_inquiry`, `date`, `status`, `insertdatetime`, `updatedatetime`, `updateuser`, `tbl_customer_idtbl_customer`, `tbl_user_idtbl_user`) VALUES
(2, '2025-03-02', 3, '2025-03-02 14:38:50', '2025-03-21 12:31:55', NULL, 3, 1),
(3, '2025-03-06', 3, '2025-03-02 14:59:21', '2025-03-21 12:32:00', NULL, 1, 1),
(4, '2025-03-05', 3, '2025-03-03 14:25:05', '2025-03-21 12:32:05', NULL, 3, 1),
(5, '2025-03-11', 3, '2025-03-11 09:23:34', '2025-03-21 12:32:11', NULL, 1, 1),
(6, '2025-03-17', 1, '2025-03-17 12:05:09', NULL, NULL, 1, 1),
(12, '2025-03-25', 1, '2025-03-25 12:10:59', NULL, NULL, 3, 1),
(13, '2025-03-26', 1, '2025-03-26 10:54:08', NULL, NULL, 3, 1);

-- --------------------------------------------------------

--
-- Table structure for table `tbl_inquiry_detail`
--

CREATE TABLE `tbl_inquiry_detail` (
  `idtbl_inquiry_detail` int(11) NOT NULL,
  `tbl_products_idtbl_product` int(11) NOT NULL,
  `quantity` int(11) NOT NULL,
  `date` date NOT NULL,
  `delivarydate` date DEFAULT NULL,
  `bag_length` int(11) NOT NULL,
  `bag_width` int(11) NOT NULL,
  `liner_size` int(11) NOT NULL,
  `liner_color` int(11) NOT NULL,
  `bg_weight` int(11) NOT NULL,
  `ln_weight` int(11) NOT NULL,
  `inner_bag` tinyint(1) NOT NULL,
  `colour_no` int(11) NOT NULL,
  `off_print` tinyint(1) NOT NULL,
  `printing_type` varchar(244) NOT NULL,
  `job` varchar(255) NOT NULL,
  `status` int(11) NOT NULL,
  `insertdatetime` datetime NOT NULL,
  `updatedatetime` datetime DEFAULT NULL,
  `updateuser` int(11) DEFAULT NULL,
  `tbl_inquiry_idtbl_inquiry` int(11) NOT NULL,
  `tbl_user_idtbl_user` int(11) NOT NULL
) ENGINE=InnoDB DEFAULT CHARSET=utf8;

--
-- Dumping data for table `tbl_inquiry_detail`
--

INSERT INTO `tbl_inquiry_detail` (`idtbl_inquiry_detail`, `tbl_products_idtbl_product`, `quantity`, `date`, `delivarydate`, `bag_length`, `bag_width`, `liner_size`, `liner_color`, `bg_weight`, `ln_weight`, `inner_bag`, `colour_no`, `off_print`, `printing_type`, `job`, `status`, `insertdatetime`, `updatedatetime`, `updateuser`, `tbl_inquiry_idtbl_inquiry`, `tbl_user_idtbl_user`) VALUES
(2, 1, 2025, '2025-03-02', NULL, 3, 2, 0, 0, 0, 0, 0, 2, 1, '0', '', 1, '2025-03-02 14:38:50', '2025-03-02 14:54:15', NULL, 2, 1),
(3, 2, 2025, '2025-03-06', NULL, 3, 2, 0, 0, 0, 0, 0, 2, 0, '0', '', 1, '2025-03-02 14:59:21', NULL, NULL, 3, 1),
(4, 1, 2025, '2025-03-05', NULL, 3, 4, 0, 0, 0, 0, 0, 78, 0, '0', '', 1, '2025-03-03 14:25:05', NULL, NULL, 4, 1),
(5, 1, 1, '2025-03-11', '2025-03-13', 2, 3, 0, 0, 0, 0, 0, 7, 0, 'offPrint', '', 1, '2025-03-11 09:23:34', NULL, NULL, 5, 1),
(6, 1, 4, '2025-03-17', '2025-03-22', 3, 4, 0, 0, 0, 0, 0, 7, 0, 'offPrint', 'bag production and coloring', 1, '2025-03-17 12:05:09', NULL, NULL, 6, 1),
(9, 2, 4, '2025-03-25', '2025-03-26', 5, 6, 0, 0, 0, 0, 0, 8, 0, 'offPrint', '', 1, '2025-03-25 12:10:59', NULL, NULL, 12, 1),
(10, 1, 5, '2025-03-26', '2025-03-27', 5, 6, 7, 8, 9, 3, 0, 66, 0, 'offPrint', '', 1, '2025-03-26 10:54:08', NULL, NULL, 13, 1);

-- --------------------------------------------------------

--
-- Table structure for table `tbl_location`
--

CREATE TABLE `tbl_location` (
  `idtbl_location` int(11) NOT NULL,
  `location` varchar(45) NOT NULL,
  `phone` varchar(12) NOT NULL,
  `phone2` varchar(12) NOT NULL,
  `email` varchar(150) NOT NULL,
  `address` mediumtext NOT NULL,
  `status` int(11) NOT NULL,
  `insertdatetime` datetime NOT NULL,
  `updateuser` int(11) DEFAULT NULL,
  `updatedatetime` datetime DEFAULT NULL,
  `tbl_user_idtbl_user` int(11) NOT NULL
) ENGINE=InnoDB DEFAULT CHARSET=utf8;

--
-- Dumping data for table `tbl_location`
--

INSERT INTO `tbl_location` (`idtbl_location`, `location`, `phone`, `phone2`, `email`, `address`, `status`, `insertdatetime`, `updateuser`, `updatedatetime`, `tbl_user_idtbl_user`) VALUES
(1, 'Head Office', '+94112260060', '+9411260166', 'https://lankaspin.com/', 'No 531/15, Negombo Road, Seeduwa, SriLanka', 1, '2022-11-19 14:36:31', 1, '2022-11-29 16:05:48', 1);

-- --------------------------------------------------------

--
-- Table structure for table `tbl_locations`
--

CREATE TABLE `tbl_locations` (
  `id` int(11) NOT NULL,
  `location_name` varchar(255) DEFAULT NULL,
  `type` tinyint(4) NOT NULL DEFAULT 0 COMMENT 'scan location=0',
  `status` int(1) DEFAULT NULL,
  `added_on` datetime DEFAULT NULL,
  `added_by` int(11) DEFAULT NULL,
  `updated_on` datetime DEFAULT NULL,
  `updated_by` varchar(45) DEFAULT NULL
) ENGINE=InnoDB DEFAULT CHARSET=utf8mb4;

-- --------------------------------------------------------

--
-- Table structure for table `tbl_material`
--

CREATE TABLE `tbl_material` (
  `idtbl_material` int(11) NOT NULL,
  `type` varchar(45) NOT NULL,
  `status` int(11) NOT NULL,
  `insertdatetime` datetime NOT NULL,
  `updatedatetime` datetime DEFAULT NULL,
  `updateuser` int(11) DEFAULT NULL,
  `tbl_user_idtbl_user` int(11) NOT NULL
) ENGINE=InnoDB DEFAULT CHARSET=utf8;

--
-- Dumping data for table `tbl_material`
--

INSERT INTO `tbl_material` (`idtbl_material`, `type`, `status`, `insertdatetime`, `updatedatetime`, `updateuser`, `tbl_user_idtbl_user`) VALUES
(1, 'Linen', 1, '2024-06-06 12:11:37', NULL, NULL, 1),
(2, 'Cotton', 3, '2024-06-06 12:11:43', '2024-06-06 12:12:12', NULL, 1),
(3, 'poliyester', 1, '2024-06-13 10:47:29', '2024-08-14 15:20:18', NULL, 1);

-- --------------------------------------------------------

--
-- Table structure for table `tbl_order`
--

CREATE TABLE `tbl_order` (
  `idtbl_order` int(11) NOT NULL,
  `advance` double NOT NULL,
  `order_sdate` date NOT NULL,
  `tbl_inquiry_idtbl_inquiry` int(11) NOT NULL,
  `tbl_bank_idtbl_bank` int(11) NOT NULL,
  `status` int(11) NOT NULL,
  `insertdatetime` datetime NOT NULL,
  `updatedatetime` datetime DEFAULT NULL,
  `updateuser` int(11) DEFAULT NULL,
  `tbl_user_idtbl_user` int(11) NOT NULL,
  `tbl_payment_idtbl_payment` int(11) NOT NULL
) ENGINE=InnoDB DEFAULT CHARSET=utf8;

--
-- Dumping data for table `tbl_order`
--

INSERT INTO `tbl_order` (`idtbl_order`, `advance`, `order_sdate`, `tbl_inquiry_idtbl_inquiry`, `tbl_bank_idtbl_bank`, `status`, `insertdatetime`, `updatedatetime`, `updateuser`, `tbl_user_idtbl_user`, `tbl_payment_idtbl_payment`) VALUES
(31, 0, '0000-00-00', 6, 0, 0, '2025-03-25 10:52:57', NULL, NULL, 1, 0);

-- --------------------------------------------------------

--
-- Table structure for table `tbl_order_detail`
--

CREATE TABLE `tbl_order_detail` (
  `idtbl_order_detail` int(11) NOT NULL,
  `quantity` int(11) NOT NULL,
  `start_date` datetime DEFAULT NULL,
  `end_date` datetime DEFAULT NULL,
  `status` int(11) NOT NULL,
  `order_date` date NOT NULL,
  `insertdatetime` datetime NOT NULL,
  `updatedatetime` datetime DEFAULT NULL,
  `updateuser` int(11) DEFAULT NULL,
  `tbl_inquiry_idtbl_inquiry` int(11) NOT NULL,
  `tbl_products_idtbl_products` int(11) NOT NULL,
  `tbl_colour_idtbl_colour` int(11) DEFAULT NULL,
  `tbl_user_idtbl_user` int(11) NOT NULL,
  `tbl_quotation_idtbl_quotation` int(11) DEFAULT NULL,
  `tbl_order_idtbl_order` int(11) NOT NULL
) ENGINE=InnoDB DEFAULT CHARSET=utf8;

--
-- Dumping data for table `tbl_order_detail`
--

INSERT INTO `tbl_order_detail` (`idtbl_order_detail`, `quantity`, `start_date`, `end_date`, `status`, `order_date`, `insertdatetime`, `updatedatetime`, `updateuser`, `tbl_inquiry_idtbl_inquiry`, `tbl_products_idtbl_products`, `tbl_colour_idtbl_colour`, `tbl_user_idtbl_user`, `tbl_quotation_idtbl_quotation`, `tbl_order_idtbl_order`) VALUES
(36, 3, NULL, NULL, 1, '2025-03-28', '2025-03-25 10:52:57', NULL, NULL, 6, 1, NULL, 1, NULL, 31);

-- --------------------------------------------------------

--
-- Table structure for table `tbl_order_type`
--

CREATE TABLE `tbl_order_type` (
  `idtbl_order_type` int(11) NOT NULL,
  `type` varchar(45) NOT NULL,
  `status` int(11) NOT NULL,
  `insertdatetime` datetime NOT NULL,
  `updateuser` int(11) DEFAULT NULL,
  `updatedatetime` datetime DEFAULT NULL,
  `tbl_user_idtbl_user` int(11) NOT NULL
) ENGINE=InnoDB DEFAULT CHARSET=utf8;

--
-- Dumping data for table `tbl_order_type`
--

INSERT INTO `tbl_order_type` (`idtbl_order_type`, `type`, `status`, `insertdatetime`, `updateuser`, `updatedatetime`, `tbl_user_idtbl_user`) VALUES
(1, 'On Cash', 1, '2023-02-28 07:34:05', NULL, '2023-02-28 07:34:05', 1);

-- --------------------------------------------------------

--
-- Table structure for table `tbl_packaging_detail`
--

CREATE TABLE `tbl_packaging_detail` (
  `idtbl_packaging_detail` int(11) NOT NULL,
  `packed_quantity` int(11) NOT NULL,
  `packaging_date` date NOT NULL,
  `tbl_cloth_idtbl_cloth` int(11) NOT NULL,
  `tbl_size_idtbl_size` int(11) NOT NULL,
  `tbl_inquiry_idtbl_inquiry` int(11) NOT NULL,
  `insertdatetime` datetime NOT NULL,
  `tbl_user_idtbl_user` int(11) NOT NULL,
  `status` int(11) NOT NULL,
  `updatedatetime` datetime DEFAULT NULL,
  `updateuser` int(11) DEFAULT NULL
) ENGINE=InnoDB DEFAULT CHARSET=utf8;

--
-- Dumping data for table `tbl_packaging_detail`
--

INSERT INTO `tbl_packaging_detail` (`idtbl_packaging_detail`, `packed_quantity`, `packaging_date`, `tbl_cloth_idtbl_cloth`, `tbl_size_idtbl_size`, `tbl_inquiry_idtbl_inquiry`, `insertdatetime`, `tbl_user_idtbl_user`, `status`, `updatedatetime`, `updateuser`) VALUES
(1, 5, '2024-09-02', 2, 1, 35, '2024-09-04 11:14:32', 1, 1, NULL, NULL),
(2, 4, '2024-09-01', 2, 3, 35, '2024-09-04 11:16:17', 1, 1, NULL, NULL);

-- --------------------------------------------------------

--
-- Table structure for table `tbl_payment`
--

CREATE TABLE `tbl_payment` (
  `idtbl_payment` int(11) NOT NULL,
  `p_type` varchar(45) NOT NULL,
  `status` int(11) NOT NULL,
  `insertdatetime` datetime NOT NULL,
  `updatedatetime` datetime DEFAULT NULL,
  `updateuser` int(11) DEFAULT NULL,
  `tbl_user_idtbl_user` int(11) NOT NULL
) ENGINE=InnoDB DEFAULT CHARSET=utf8;

--
-- Dumping data for table `tbl_payment`
--

INSERT INTO `tbl_payment` (`idtbl_payment`, `p_type`, `status`, `insertdatetime`, `updatedatetime`, `updateuser`, `tbl_user_idtbl_user`) VALUES
(1, 'Cash', 1, '2024-06-27 12:00:03', NULL, NULL, 1),
(2, 'Bank Transfer', 1, '2024-06-27 12:00:27', '2024-06-27 12:05:58', 1, 1);

-- --------------------------------------------------------

--
-- Table structure for table `tbl_payment_detail`
--

CREATE TABLE `tbl_payment_detail` (
  `idtbl_payment_details` int(11) NOT NULL,
  `amount` int(11) NOT NULL,
  `payment_date` date NOT NULL,
  `tbl_inquiry_idtbl_inquiry` int(11) NOT NULL,
  `tbl_payment_idtbl_payment` int(11) NOT NULL,
  `status` int(11) NOT NULL,
  `insertdatetime` datetime NOT NULL,
  `updatedatetime` datetime DEFAULT NULL,
  `updateuser` int(11) DEFAULT NULL,
  `tbl_user_idtbl_user` int(11) NOT NULL
) ENGINE=InnoDB DEFAULT CHARSET=utf8;

--
-- Dumping data for table `tbl_payment_detail`
--

INSERT INTO `tbl_payment_detail` (`idtbl_payment_details`, `amount`, `payment_date`, `tbl_inquiry_idtbl_inquiry`, `tbl_payment_idtbl_payment`, `status`, `insertdatetime`, `updatedatetime`, `updateuser`, `tbl_user_idtbl_user`) VALUES
(1, 100, '2024-09-01', 35, 1, 1, '2024-09-03 14:39:44', NULL, NULL, 1),
(2, 100, '2024-09-01', 35, 1, 1, '2024-09-03 14:44:20', NULL, NULL, 1),
(3, 200, '2024-09-02', 35, 2, 1, '2024-09-03 14:45:23', NULL, NULL, 1),
(4, 500, '2024-09-01', 35, 2, 1, '2024-09-03 15:53:15', NULL, NULL, 1);

-- --------------------------------------------------------

--
-- Table structure for table `tbl_porder`
--

CREATE TABLE `tbl_porder` (
  `idtbl_porder` int(11) NOT NULL,
  `po_no` varchar(150) DEFAULT NULL,
  `orderdate` date NOT NULL,
  `duedate` date DEFAULT NULL,
  `subtotal` double NOT NULL,
  `discount` double NOT NULL,
  `discountamount` double NOT NULL,
  `nettotal` double NOT NULL,
  `confirmstatus` int(11) NOT NULL COMMENT '0 - not confirmed, 1 confirmed',
  `grnconfirm` int(11) NOT NULL,
  `remark` mediumtext NOT NULL,
  `status` int(11) NOT NULL,
  `insertdatetime` datetime NOT NULL,
  `updateuser` int(11) DEFAULT NULL,
  `updatedatetime` datetime DEFAULT NULL,
  `tbl_user_idtbl_user` int(11) NOT NULL,
  `tbl_location_idtbl_location` int(11) NOT NULL,
  `tbl_supplier_idtbl_supplier` int(11) NOT NULL,
  `tbl_order_type_idtbl_order_type` int(11) NOT NULL,
  `approved_by` int(11) DEFAULT NULL,
  `approved_at` timestamp NULL DEFAULT NULL
) ENGINE=InnoDB DEFAULT CHARSET=utf8;

--
-- Dumping data for table `tbl_porder`
--

INSERT INTO `tbl_porder` (`idtbl_porder`, `po_no`, `orderdate`, `duedate`, `subtotal`, `discount`, `discountamount`, `nettotal`, `confirmstatus`, `grnconfirm`, `remark`, `status`, `insertdatetime`, `updateuser`, `updatedatetime`, `tbl_user_idtbl_user`, `tbl_location_idtbl_location`, `tbl_supplier_idtbl_supplier`, `tbl_order_type_idtbl_order_type`, `approved_by`, `approved_at`) VALUES
(8, 'PO0002', '2025-02-14', '2025-02-15', 7500, 0, 0, 7500, 1, 0, '', 1, '2025-02-14 10:03:24', NULL, NULL, 1, 1, 1, 1, 1, '2025-02-14 04:33:45'),
(9, 'PO0003', '2025-02-24', '2025-02-24', 300, 0, 0, 300, 1, 0, '', 1, '2025-02-24 10:02:12', NULL, NULL, 1, 1, 2, 1, 1, '2025-02-24 04:32:26'),
(10, 'PO0004', '2025-04-02', '2025-04-04', 100, 0, 0, 100, 1, 0, '', 1, '2025-04-02 11:48:20', NULL, NULL, 1, 1, 1, 1, 1, '2025-04-02 06:19:10');

-- --------------------------------------------------------

--
-- Table structure for table `tbl_porder_detail`
--

CREATE TABLE `tbl_porder_detail` (
  `idtbl_porder_detail` int(11) NOT NULL,
  `qty` double NOT NULL,
  `unitprice` double NOT NULL,
  `discount` double NOT NULL,
  `discountamount` double NOT NULL,
  `comment` mediumtext NOT NULL,
  `status` int(11) NOT NULL,
  `insertdatetime` datetime NOT NULL,
  `updateuser` int(11) DEFAULT NULL,
  `updatedatetime` datetime DEFAULT NULL,
  `tbl_porder_idtbl_porder` int(11) NOT NULL,
  `spare_part_id` int(11) DEFAULT NULL
) ENGINE=InnoDB DEFAULT CHARSET=utf8;

--
-- Dumping data for table `tbl_porder_detail`
--

INSERT INTO `tbl_porder_detail` (`idtbl_porder_detail`, `qty`, `unitprice`, `discount`, `discountamount`, `comment`, `status`, `insertdatetime`, `updateuser`, `updatedatetime`, `tbl_porder_idtbl_porder`, `spare_part_id`) VALUES
(0, 2, 2.03, 0, 0, 'd', 1, '2023-03-02 12:40:11', NULL, NULL, 2, 1),
(0, 2, 2.03, 0, 0, 'd', 1, '2023-03-03 17:52:24', NULL, NULL, 3, 1),
(0, 3, 2.03, 0, 0, 'r', 1, '2023-03-03 18:10:31', NULL, NULL, 4, 1),
(0, 2, 1.26, 0, 0, 'f', 1, '2023-03-06 16:12:12', NULL, NULL, 5, 2),
(0, 3, 2.6, 0, 0, 'f', 1, '2023-03-06 16:12:12', NULL, NULL, 5, 3),
(0, 2, 2.03, 0, 0, 'd', 1, '2023-03-07 13:40:50', NULL, NULL, 6, 1),
(0, 2, 123, 0, 0, 'f', 1, '2023-03-07 13:40:50', NULL, NULL, 6, 8),
(0, 1, 1500, 0, 0, 'ssss', 1, '2025-01-23 10:02:29', NULL, NULL, 7, 2),
(0, 5, 1500, 0, 0, 'cccc', 1, '2025-02-14 10:03:24', NULL, NULL, 8, 1),
(0, 2, 150, 0, 0, 'test', 1, '2025-02-24 10:02:12', NULL, NULL, 9, 2),
(0, 1, 100, 0, 0, '', 1, '2025-04-02 11:48:20', NULL, NULL, 10, 1);

-- --------------------------------------------------------

--
-- Table structure for table `tbl_porder_payment`
--

CREATE TABLE `tbl_porder_payment` (
  `idtbl_porder_payment` int(11) NOT NULL,
  `date` date NOT NULL,
  `paymenttype` varchar(45) NOT NULL,
  `paymentmethod` int(11) NOT NULL COMMENT '1=cash,2=cheque,3=card',
  `payamount` double NOT NULL,
  `balance` double NOT NULL,
  `chequeno` varchar(16) DEFAULT NULL,
  `chequedate` date DEFAULT NULL,
  `idtbl_bank` int(11) NOT NULL,
  `paymentcomplete` int(11) NOT NULL COMMENT 'complete=1',
  `status` int(11) NOT NULL,
  `insertdatetime` datetime NOT NULL,
  `insertuser` varchar(45) NOT NULL,
  `tbl_porder_idtbl_porder` int(11) NOT NULL
) ENGINE=InnoDB DEFAULT CHARSET=utf8mb4;

--
-- Dumping data for table `tbl_porder_payment`
--

INSERT INTO `tbl_porder_payment` (`idtbl_porder_payment`, `date`, `paymenttype`, `paymentmethod`, `payamount`, `balance`, `chequeno`, `chequedate`, `idtbl_bank`, `paymentcomplete`, `status`, `insertdatetime`, `insertuser`, `tbl_porder_idtbl_porder`) VALUES
(1, '2024-11-01', 'LC', 2, 180, 0, '12345', '2024-11-14', 14, 1, 1, '2024-10-30 14:28:56', 'admin', 30);

-- --------------------------------------------------------

--
-- Table structure for table `tbl_products`
--

CREATE TABLE `tbl_products` (
  `idtbl_product` int(11) NOT NULL,
  `product` varchar(255) NOT NULL,
  `insertdatetime` datetime NOT NULL
) ENGINE=InnoDB DEFAULT CHARSET=utf8mb4;

--
-- Dumping data for table `tbl_products`
--

INSERT INTO `tbl_products` (`idtbl_product`, `product`, `insertdatetime`) VALUES
(1, 'Gross Bag', '2025-03-21 06:20:28'),
(2, 'Red Bag', '2025-03-21 06:20:28');

-- --------------------------------------------------------

--
-- Table structure for table `tbl_provinces`
--

CREATE TABLE `tbl_provinces` (
  `id` int(11) NOT NULL,
  `name_en` varchar(45) NOT NULL,
  `name_si` varchar(45) DEFAULT NULL,
  `name_ta` varchar(45) DEFAULT NULL
) ENGINE=InnoDB DEFAULT CHARSET=utf8;

--
-- Dumping data for table `tbl_provinces`
--

INSERT INTO `tbl_provinces` (`id`, `name_en`, `name_si`, `name_ta`) VALUES
(1, 'Western', '', ''),
(2, 'Central', '', ''),
(3, 'Southern', '', ''),
(4, 'North Western', '', ' '),
(5, 'Sabaragamuwa', '', ''),
(6, 'Eastern', '', ''),
(7, 'Uva', '', ''),
(8, 'North Central', ' ', ' '),
(9, 'Northern', '', '');

-- --------------------------------------------------------

--
-- Table structure for table `tbl_purchase_order`
--

CREATE TABLE `tbl_purchase_order` (
  `idtbl_purchase_order` int(11) NOT NULL,
  `idtbl_cus_estimate` int(11) DEFAULT NULL,
  `po_type` int(11) NOT NULL COMMENT 'direct po=2,estimate po = 1',
  `supplierno` int(11) NOT NULL,
  `orderdate` date NOT NULL,
  `order_no` varchar(45) NOT NULL,
  `total` double NOT NULL,
  `remark` varchar(255) DEFAULT NULL,
  `paymentcomplete` int(11) DEFAULT 0 COMMENT 'complete=1',
  `status` int(11) NOT NULL,
  `eta_date` date DEFAULT NULL,
  `etd_date` date DEFAULT NULL,
  `insertdatetime` datetime NOT NULL,
  `insertuser` varchar(45) NOT NULL,
  `approve` int(11) DEFAULT NULL,
  `approveduser` varchar(45) DEFAULT NULL,
  `approveddatetime` datetime DEFAULT NULL,
  `supconfirm` int(11) DEFAULT NULL,
  `approvedsup` varchar(45) DEFAULT NULL,
  `supapproveddatetime` datetime DEFAULT NULL,
  `md_approve` int(11) DEFAULT NULL,
  `md_appuser` varchar(45) DEFAULT NULL,
  `md_app_datetime` datetime DEFAULT NULL,
  `hod_finance_approve` int(11) DEFAULT NULL,
  `hod_finance_appuser` varchar(45) DEFAULT NULL,
  `hod_finance_appdatetime` datetime DEFAULT NULL
) ENGINE=InnoDB DEFAULT CHARSET=utf8mb4;

--
-- Dumping data for table `tbl_purchase_order`
--

INSERT INTO `tbl_purchase_order` (`idtbl_purchase_order`, `idtbl_cus_estimate`, `po_type`, `supplierno`, `orderdate`, `order_no`, `total`, `remark`, `paymentcomplete`, `status`, `eta_date`, `etd_date`, `insertdatetime`, `insertuser`, `approve`, `approveduser`, `approveddatetime`, `supconfirm`, `approvedsup`, `supapproveddatetime`, `md_approve`, `md_appuser`, `md_app_datetime`, `hod_finance_approve`, `hod_finance_appuser`, `hod_finance_appdatetime`) VALUES
(16, NULL, 1, 4, '2024-09-03', '001', 120, '', NULL, 3, NULL, NULL, '2024-09-04 10:35:01', 'admin', 1, 'admin', '2024-09-04 10:35:16', 1, 'admin', '2024-09-04 10:35:25', NULL, NULL, NULL, NULL, NULL, NULL),
(17, NULL, 2, 4, '2024-09-04', '001', 100000, '', NULL, 3, NULL, NULL, '2024-09-04 10:35:54', 'admin', NULL, NULL, NULL, NULL, NULL, NULL, NULL, NULL, NULL, NULL, NULL, NULL),
(18, NULL, 1, 4, '2024-09-04', '011', 234.4, 'abc', NULL, 3, NULL, NULL, '2024-09-04 10:45:33', 'admin', 1, 'admin', '2024-09-04 10:46:20', 1, 'admin', '2024-09-04 10:46:38', NULL, NULL, NULL, NULL, NULL, NULL),
(19, NULL, 2, 4, '2024-09-04', '022', 2000, '', NULL, 3, NULL, NULL, '2024-09-04 10:49:32', 'admin', NULL, NULL, NULL, NULL, NULL, NULL, NULL, NULL, NULL, NULL, NULL, NULL),
(20, NULL, 1, 4, '2024-09-04', '003', 354.4, '', NULL, 3, NULL, NULL, '2024-09-04 13:42:23', 'admin', 1, 'admin', '2024-09-04 13:42:41', 1, 'admin', '2024-09-04 13:42:54', NULL, NULL, NULL, NULL, NULL, NULL),
(21, NULL, 2, 4, '2024-09-04', '004', 75000, '', NULL, 3, NULL, NULL, '2024-09-04 13:43:57', 'admin', NULL, NULL, NULL, NULL, NULL, NULL, NULL, NULL, NULL, NULL, NULL, NULL),
(22, NULL, 1, 4, '2024-09-10', '00111', 114.4, '', NULL, 3, NULL, NULL, '2024-09-10 10:53:07', 'admin', NULL, NULL, NULL, NULL, NULL, NULL, NULL, NULL, NULL, NULL, NULL, NULL),
(23, NULL, 2, 4, '2024-09-10', '0122', 180, '', NULL, 3, NULL, NULL, '2024-09-10 10:57:20', 'admin', NULL, NULL, NULL, NULL, NULL, NULL, NULL, NULL, NULL, NULL, NULL, NULL),
(24, NULL, 1, 4, '2024-09-10', '00113', 8580, '', NULL, 3, NULL, NULL, '2024-09-10 11:54:59', 'admin', 1, 'admin', '2024-09-10 11:56:07', 1, 'admin', '2024-09-10 11:56:21', NULL, NULL, NULL, NULL, NULL, NULL),
(25, NULL, 2, 4, '2024-09-10', '0114', 400, '', NULL, 3, NULL, NULL, '2024-09-10 12:31:40', 'admin', NULL, NULL, NULL, NULL, NULL, NULL, NULL, NULL, NULL, NULL, NULL, NULL),
(26, NULL, 1, 5, '2024-09-10', '0115', 75000, '', NULL, 3, NULL, NULL, '2024-09-10 13:53:50', 'admin', 1, 'admin', '2024-09-10 13:54:10', 1, 'admin', '2024-09-10 13:54:29', NULL, NULL, NULL, NULL, NULL, NULL),
(27, NULL, 2, 5, '2024-09-10', '0116', 10, '', NULL, 3, NULL, NULL, '2024-09-10 14:35:30', 'admin', NULL, NULL, NULL, NULL, NULL, NULL, NULL, NULL, NULL, NULL, NULL, NULL),
(28, NULL, 2, 5, '2024-09-10', '0117', 1, '', NULL, 3, NULL, NULL, '2024-09-10 14:39:37', 'admin', NULL, NULL, NULL, NULL, NULL, NULL, NULL, NULL, NULL, NULL, NULL, NULL),
(29, NULL, 2, 4, '2024-09-10', '001', 20, '', NULL, 3, NULL, NULL, '2024-09-10 15:20:44', 'admin', NULL, NULL, NULL, NULL, NULL, NULL, NULL, NULL, NULL, NULL, NULL, NULL),
(30, 1, 1, 4, '2024-10-30', '001', 180, 'abc', 1, 1, '2024-11-01', '2024-11-08', '2024-10-30 19:55:16', 'admin', 1, 'admin', '2024-10-30 19:55:35', 1, 'admin', '2024-10-30 19:55:43', 1, NULL, '2024-10-30 19:57:18', 1, NULL, '2024-10-30 19:57:02'),
(31, 2, 1, 1, '2024-11-28', 'P1281124', 13195, 'Test 1-281124', 0, 1, NULL, NULL, '2024-11-28 12:06:12', 'admin', 1, 'admin', '2024-11-28 12:06:57', NULL, NULL, NULL, 1, NULL, '2024-11-28 12:13:56', 1, NULL, '2024-11-28 12:13:33'),
(32, 2, 1, 1, '2024-11-28', '010', 13195, '', 0, 1, NULL, NULL, '2024-11-28 13:51:40', 'admin', NULL, NULL, NULL, NULL, NULL, NULL, 1, NULL, '2024-11-28 13:57:08', 1, NULL, '2024-11-28 13:56:55'),
(33, NULL, 2, 1, '2024-11-28', '0011', 500, '', 0, 1, NULL, NULL, '2024-11-28 13:57:59', 'admin', NULL, NULL, NULL, NULL, NULL, NULL, 1, NULL, '2024-11-28 14:00:12', 1, NULL, '2024-11-28 14:00:31'),
(34, 2, 1, 1, '2024-11-27', '12', 26390, '', 0, 1, NULL, NULL, '2024-11-28 13:59:21', 'admin', NULL, NULL, NULL, NULL, NULL, NULL, 1, NULL, '2024-11-28 14:00:22', 1, NULL, '2024-11-28 14:00:35');

-- --------------------------------------------------------

--
-- Table structure for table `tbl_purchase_order_detail`
--

CREATE TABLE `tbl_purchase_order_detail` (
  `tbl_purchase_order_detail` int(11) NOT NULL,
  `supplierno` int(11) NOT NULL,
  `qty` double NOT NULL,
  `unitprice` double NOT NULL,
  `amount` double NOT NULL,
  `status` int(11) NOT NULL,
  `insertdatetime` datetime NOT NULL,
  `insertuser` varchar(45) NOT NULL,
  `updatedatetime` datetime DEFAULT NULL,
  `updateuser` varchar(45) DEFAULT NULL,
  `mrmitem_itemno` int(11) NOT NULL,
  `item_color` varchar(45) NOT NULL,
  `tbl_purchase_order_idtbl_purchase_order` int(11) NOT NULL
) ENGINE=InnoDB DEFAULT CHARSET=utf8mb4;

--
-- Dumping data for table `tbl_purchase_order_detail`
--

INSERT INTO `tbl_purchase_order_detail` (`tbl_purchase_order_detail`, `supplierno`, `qty`, `unitprice`, `amount`, `status`, `insertdatetime`, `insertuser`, `updatedatetime`, `updateuser`, `mrmitem_itemno`, `item_color`, `tbl_purchase_order_idtbl_purchase_order`) VALUES
(16, 4, 100, 1, 120, 3, '2024-09-04 10:35:01', 'admin', NULL, NULL, 9, 'Black', 16),
(17, 4, 100000, 1000, 100, 3, '2024-09-04 10:35:54', 'admin', NULL, NULL, 9, 'Black', 17),
(18, 4, 110, 1, 114, 3, '2024-09-04 10:45:33', 'admin', NULL, NULL, 8, 'Camo', 18),
(19, 4, 100, 1, 120, 3, '2024-09-04 10:45:33', 'admin', NULL, NULL, 9, 'Black', 18),
(20, 4, 2000, 200, 2, 3, '2024-09-04 10:49:32', 'admin', NULL, NULL, 8, 'Camo', 19),
(21, 4, 110, 1, 114, 3, '2024-09-04 13:42:23', 'admin', NULL, NULL, 8, 'Camo', 20),
(22, 4, 200, 1, 240, 3, '2024-09-04 13:42:23', 'admin', NULL, NULL, 9, 'Black', 20),
(23, 4, 30000, 300, 30, 3, '2024-09-04 13:43:57', 'admin', NULL, NULL, 8, 'Black', 21),
(24, 4, 45000, 450, 45, 3, '2024-09-04 13:43:57', 'admin', NULL, NULL, 9, 'Black', 21),
(25, 4, 110, 1, 114, 3, '2024-09-10 10:53:07', 'admin', NULL, NULL, 8, 'Camo', 22),
(26, 4, 180, 2, 180, 3, '2024-09-10 10:57:20', 'admin', NULL, NULL, 8, 'Camo', 23),
(27, 4, 7150, 1.2, 8580, 3, '2024-09-10 11:54:59', 'admin', NULL, NULL, 9, 'Black', 24),
(28, 4, 200, 2, 400, 3, '2024-09-10 12:31:40', 'admin', NULL, NULL, 8, 'Camo', 25),
(29, 5, 150, 500, 75000, 3, '2024-09-10 13:53:50', 'admin', NULL, NULL, 12, 'gray', 26),
(30, 5, 100, 100, 10, 3, '2024-09-10 14:35:30', 'admin', NULL, NULL, 12, 'gray', 27),
(31, 5, 120, 10, 1, 3, '2024-09-10 14:39:37', 'admin', NULL, NULL, 12, 'gray', 28),
(32, 4, 10, 2, 20, 3, '2024-09-10 15:20:44', 'admin', NULL, NULL, 8, 'Camo', 29),
(33, 4, 150, 1.2, 180, 1, '2024-10-30 19:55:16', 'admin', NULL, NULL, 9, 'Black', 30),
(34, 1, 1750, 7.54, 13195, 1, '2024-11-28 12:06:12', 'admin', NULL, NULL, 13, 'Navy Blue', 31),
(35, 1, 1750, 7.54, 13195, 1, '2024-11-28 13:51:40', 'admin', NULL, NULL, 13, 'Navy Blue', 32),
(36, 1, 5, 100, 500, 1, '2024-11-28 13:57:59', 'admin', NULL, NULL, 13, 'Navy Blue', 33),
(37, 1, 3500, 7.54, 26390, 1, '2024-11-28 13:59:21', 'admin', NULL, NULL, 13, 'Navy Blue', 34);

-- --------------------------------------------------------

--
-- Table structure for table `tbl_quotation`
--

CREATE TABLE `tbl_quotation` (
  `idtbl_quotation` int(11) NOT NULL,
  `quot_date` date NOT NULL,
  `duedate` date NOT NULL,
  `total` double DEFAULT NULL,
  `discount` double DEFAULT NULL,
  `nettotal` double DEFAULT NULL,
  `delivery_charge` double DEFAULT NULL,
  `approvestatus` int(11) DEFAULT NULL,
  `approvedate` date DEFAULT NULL,
  `approveuser` int(11) DEFAULT NULL,
  `reject_resone` varchar(200) DEFAULT NULL,
  `remarks` varchar(200) DEFAULT NULL,
  `status` int(11) NOT NULL,
  `insertdatetime` datetime NOT NULL,
  `updatedatetime` datetime DEFAULT NULL,
  `tbl_user_idtbl_user` int(11) NOT NULL,
  `tbl_inquiry_idtbl_inquiry` int(11) NOT NULL,
  `tbl_customer_idtbl_customer` int(11) NOT NULL,
  `tbl_reason_idtbl_reason` int(11) DEFAULT NULL
) ENGINE=InnoDB DEFAULT CHARSET=utf8;

--
-- Dumping data for table `tbl_quotation`
--

INSERT INTO `tbl_quotation` (`idtbl_quotation`, `quot_date`, `duedate`, `total`, `discount`, `nettotal`, `delivery_charge`, `approvestatus`, `approvedate`, `approveuser`, `reject_resone`, `remarks`, `status`, `insertdatetime`, `updatedatetime`, `tbl_user_idtbl_user`, `tbl_inquiry_idtbl_inquiry`, `tbl_customer_idtbl_customer`, `tbl_reason_idtbl_reason`) VALUES
(3, '2024-07-01', '2024-07-01', 35236, 0, 0, 0, 0, '2024-07-23', 1, 'rrrr', '', 3, '2024-07-01 11:48:37', '2025-03-03 14:33:05', 1, 4, 2, 2),
(4, '2024-07-09', '2024-07-09', 17840, 0, 0, 0, 0, '2024-07-23', 1, '', '', 4, '2024-07-09 10:41:21', '2024-09-10 13:42:09', 1, 35, 1, NULL),
(10, '2025-03-03', '2025-03-03', 450, 0, 0, 0, 0, '2025-03-03', 1, 'private', 'rrrr', 2, '2025-03-03 11:49:29', '2025-03-03 14:22:29', 1, 3, 1, NULL),
(11, '2025-03-03', '2025-03-04', 700, 0, 0, 0, 0, '0000-00-00', 0, '', 'rrrr', 1, '2025-03-03 14:32:47', NULL, 1, 4, 3, NULL),
(12, '2025-03-03', '2025-03-07', 300, 0, 0, 0, 0, '2025-03-03', 1, '', '', 1, '2025-03-03 14:39:20', '2025-03-03 14:59:11', 1, 4, 3, 2),
(13, '2025-03-03', '2025-03-03', 1200, 0, 0, 0, 0, '2025-03-03', 1, '', '', 1, '2025-03-03 14:39:58', '2025-03-03 14:58:59', 1, 4, 3, NULL),
(14, '2025-03-11', '2025-03-14', 114.99999999999999, 0, 0, 0, 1, '2025-03-11', 1, '', '', 1, '2025-03-11 09:27:01', '2025-04-02 15:13:56', 0, 5, 1, NULL),
(15, '2025-03-21', '2025-03-22', 345, 0, 0, 0, 0, '0000-00-00', 0, 'private', '', 3, '2025-03-21 11:53:59', '2025-03-21 12:02:16', 1, 6, 1, NULL),
(16, '2025-03-21', '2025-03-21', 11498.849999999999, 0, 0, 0, 1, '2025-03-21', 1, '', '', 1, '2025-03-21 12:02:33', '2025-03-21 12:33:02', 1, 6, 1, NULL),
(17, '2025-03-25', '2025-03-25', 5106, 0, 0, 0, 1, '2025-03-25', 1, '', '', 1, '2025-03-25 12:12:51', '2025-03-25 12:13:16', 1, 12, 3, NULL),
(18, '2025-03-26', '2025-03-26', 1380, 0, 0, 0, 0, '0000-00-00', 0, '', '', 1, '2025-03-26 15:35:06', NULL, 1, 13, 3, NULL);

-- --------------------------------------------------------

--
-- Table structure for table `tbl_quotation_detail`
--

CREATE TABLE `tbl_quotation_detail` (
  `idtbl_quotation_detail` int(11) NOT NULL,
  `idtbl_product` int(11) NOT NULL,
  `qty` double NOT NULL,
  `unitprice` double NOT NULL,
  `duration` int(11) NOT NULL,
  `discountamount` double NOT NULL,
  `total` double NOT NULL,
  `comment` varchar(255) DEFAULT NULL,
  `status` int(11) NOT NULL,
  `tbl_quotation_idtbl_quotation` int(11) NOT NULL,
  `tbl_material_idtbl_material` int(11) NOT NULL,
  `tbl_cloth_idtbl_cloth` int(11) NOT NULL
) ENGINE=InnoDB DEFAULT CHARSET=latin1;

--
-- Dumping data for table `tbl_quotation_detail`
--

INSERT INTO `tbl_quotation_detail` (`idtbl_quotation_detail`, `idtbl_product`, `qty`, `unitprice`, `duration`, `discountamount`, `total`, `comment`, `status`, `tbl_quotation_idtbl_quotation`, `tbl_material_idtbl_material`, `tbl_cloth_idtbl_cloth`) VALUES
(1, 1, 3, 3333, 2, 0, 11, '', 1, 16, 0, 0),
(2, 2, 5, 888, 7, 0, 5, '', 1, 17, 0, 0),
(3, 1, 8, 150, 8, 0, 1, '', 1, 18, 0, 0);

-- --------------------------------------------------------

--
-- Table structure for table `tbl_quotation_reject`
--

CREATE TABLE `tbl_quotation_reject` (
  `idtbl_quotation_reject` int(11) NOT NULL,
  `remarks` varchar(150) DEFAULT NULL,
  `status` int(11) NOT NULL,
  `insertdatetime` datetime NOT NULL,
  `updatedatetime` datetime DEFAULT NULL,
  `updateuser` int(11) DEFAULT NULL,
  `tbl_reason_idtbl_reason` int(11) NOT NULL,
  `tbl_quotation_idtbl_quotation` int(11) NOT NULL,
  `tbl_user_idtbl_user` int(11) NOT NULL
) ENGINE=InnoDB DEFAULT CHARSET=utf8;

-- --------------------------------------------------------

--
-- Table structure for table `tbl_reason`
--

CREATE TABLE `tbl_reason` (
  `idtbl_reason` int(11) NOT NULL,
  `type` varchar(100) NOT NULL,
  `status` int(11) NOT NULL,
  `insertdatetime` datetime NOT NULL,
  `updatedatetime` datetime DEFAULT NULL,
  `updateuser` int(11) DEFAULT NULL,
  `tbl_user_idtbl_user` int(11) NOT NULL
) ENGINE=InnoDB DEFAULT CHARSET=utf8;

--
-- Dumping data for table `tbl_reason`
--

INSERT INTO `tbl_reason` (`idtbl_reason`, `type`, `status`, `insertdatetime`, `updatedatetime`, `updateuser`, `tbl_user_idtbl_user`) VALUES
(1, 'Price miss match', 1, '2024-06-06 12:29:57', NULL, NULL, 1),
(2, 'Material Problem', 1, '2024-06-06 12:30:16', '2024-06-06 12:30:40', NULL, 1);

-- --------------------------------------------------------

--
-- Table structure for table `tbl_salesrep`
--

CREATE TABLE `tbl_salesrep` (
  `idtbl_salesrep` int(11) NOT NULL,
  `name` varchar(150) NOT NULL,
  `email` varchar(255) NOT NULL,
  `contact_1` varchar(15) NOT NULL,
  `contact_2` varchar(15) NOT NULL,
  `address` varchar(150) NOT NULL,
  `nic` varchar(13) NOT NULL,
  `status` int(11) NOT NULL,
  `insertdatetime` datetime NOT NULL,
  `updatedatetime` datetime DEFAULT NULL,
  `updateuser` int(11) DEFAULT NULL,
  `tbl_user_idtbl_user` int(11) NOT NULL
) ENGINE=InnoDB DEFAULT CHARSET=utf8;

--
-- Dumping data for table `tbl_salesrep`
--

INSERT INTO `tbl_salesrep` (`idtbl_salesrep`, `name`, `email`, `contact_1`, `contact_2`, `address`, `nic`, `status`, `insertdatetime`, `updatedatetime`, `updateuser`, `tbl_user_idtbl_user`) VALUES
(1, 'Thejan ', 'rajapakshalista41@gmail.com', '0768305353', '', 'NO 177/A MADA GONAWILLA DANKOTUWA, GONAWILLA', '200236502892', 1, '2024-07-08 09:52:09', '2024-07-08 09:52:09', 1, 1);

-- --------------------------------------------------------

--
-- Table structure for table `tbl_stock`
--

CREATE TABLE `tbl_stock` (
  `id` int(11) NOT NULL,
  `grn_id` int(11) DEFAULT NULL,
  `service_id` int(11) DEFAULT NULL,
  `allocated_id` int(11) DEFAULT NULL,
  `issue_id` int(11) DEFAULT NULL,
  `batchno` varchar(45) DEFAULT NULL,
  `qty` double NOT NULL,
  `spare_part_id` int(11) DEFAULT NULL,
  `created_by` int(11) NOT NULL,
  `created_at` timestamp NULL DEFAULT NULL
) ENGINE=InnoDB DEFAULT CHARSET=utf8;

--
-- Dumping data for table `tbl_stock`
--

INSERT INTO `tbl_stock` (`id`, `grn_id`, `service_id`, `allocated_id`, `issue_id`, `batchno`, `qty`, `spare_part_id`, `created_by`, `created_at`) VALUES
(1, 18, NULL, NULL, NULL, '', 2, 1, 1, '2025-02-19 10:50:20'),
(2, 19, NULL, NULL, NULL, '', 2, 1, 1, '2025-02-24 04:29:38'),
(3, 20, NULL, NULL, NULL, '', 3, 2, 1, '2025-02-24 04:35:09'),
(4, NULL, 2, 5, 12, NULL, 0, 1, 1, '2025-02-24 01:40:14'),
(5, NULL, 2, 6, 13, NULL, -1, 2, 1, '2025-02-24 01:40:14');

-- --------------------------------------------------------

--
-- Table structure for table `tbl_supplier`
--

CREATE TABLE `tbl_supplier` (
  `idtbl_supplier` int(11) NOT NULL,
  `suppliername` varchar(45) NOT NULL,
  `bus_reg_no` varchar(40) DEFAULT NULL,
  `nbt_no` varchar(45) DEFAULT NULL,
  `svat_no` varchar(45) DEFAULT NULL,
  `telephone_no` varchar(45) NOT NULL,
  `fax_no` varchar(45) DEFAULT NULL,
  `address_line1` varchar(45) NOT NULL,
  `address_line2` varchar(45) NOT NULL,
  `city` varchar(45) NOT NULL,
  `state` varchar(45) NOT NULL,
  `delivery_address_line1` varchar(45) DEFAULT NULL,
  `delivery_address_line2` varchar(45) DEFAULT NULL,
  `delivery_city` varchar(45) DEFAULT NULL,
  `delivery_state` varchar(45) DEFAULT NULL,
  `business_status` varchar(45) DEFAULT NULL,
  `payment_method` varchar(45) DEFAULT NULL,
  `credit_days` int(11) NOT NULL,
  `postal_code` varchar(45) NOT NULL,
  `country` varchar(45) NOT NULL,
  `vat_no` varchar(45) NOT NULL,
  `imagepath` mediumtext DEFAULT NULL,
  `company_id` int(11) DEFAULT NULL,
  `company_branch_id` varchar(45) NOT NULL,
  `status` int(11) NOT NULL,
  `insertdatetime` datetime NOT NULL,
  `updatedatetime` datetime DEFAULT NULL,
  `tbl_supplier_type_idtbl_supplier_type` int(11) NOT NULL,
  `tbl_user_idtbl_user` int(11) NOT NULL,
  `primarycontactno` varchar(15) DEFAULT NULL,
  `secondarycontactno` varchar(15) DEFAULT NULL,
  `address` varchar(50) DEFAULT NULL,
  `email` varchar(45) DEFAULT NULL
) ENGINE=InnoDB DEFAULT CHARSET=utf8mb4;

--
-- Dumping data for table `tbl_supplier`
--

INSERT INTO `tbl_supplier` (`idtbl_supplier`, `suppliername`, `bus_reg_no`, `nbt_no`, `svat_no`, `telephone_no`, `fax_no`, `address_line1`, `address_line2`, `city`, `state`, `delivery_address_line1`, `delivery_address_line2`, `delivery_city`, `delivery_state`, `business_status`, `payment_method`, `credit_days`, `postal_code`, `country`, `vat_no`, `imagepath`, `company_id`, `company_branch_id`, `status`, `insertdatetime`, `updatedatetime`, `tbl_supplier_type_idtbl_supplier_type`, `tbl_user_idtbl_user`, `primarycontactno`, `secondarycontactno`, `address`, `email`) VALUES
(1, 'SUP 01', '100013004', '4234234', '123123', '0119922834', '44332123', 'ADDR 3', 'ADDR 4', 'COLOMBO', 'LK', 'ADDR 3', 'ADDR 4', 'COLOMBO', 'LK', 'Proprietorship', 'Cash', 0, '', '', '123123', 'Image-023_10_33_541.jpg', 0, '0', 3, '2024-11-21 09:49:40', '2025-02-17 11:33:39', 1, 1, '+9467856789', '+9467856789', 'negombo 33', 'samarasinghe@gmail.com'),
(2, 'asd', 'asd', 'sad', 'sd', '123', 'asd', 'asd', 'ds', 'sd', 'sd', 'asd', 'sd', 'sd', 'asd', NULL, NULL, 0, '', '', 'ds', '', 0, '0', 1, '2024-12-12 15:47:53', '2024-12-13 08:58:32', 1, 1, '+9467856789', '+9467856789', 'negombo ', 'samarasinghe@gmail.com'),
(3, 'test', '455666', '45455', '44444', '0768360', '23245', 'aaa', 'bbb', 'negombo', 'negombo', 'aaa', 'bbb', 'negombo', 'negombo', 'Proprietorship', 'Bank', 2, '', '', '4566', '', 0, '0', 1, '2025-02-06 10:45:34', NULL, 4, 1, '0768360', '0768360', 'aaa,bbb', 'samarasinghe@gmail.com'),
(4, 'sup3', '55555666', '43234', '098800', '07819224058', '4566', 'aaa', 'bbb', 'negombo', 'negombo', 'aaa', 'bbb', 'negombo', 'negombo', 'Partnership', 'Cash', 2, '', '', '555567', '475815287_1179098423772031_3923165119281059603_n.jpg', 0, '0', 3, '2025-02-06 12:14:53', '2025-02-13 10:41:58', 3, 1, '07819224058', '07819224058', 'aaa,bbb', NULL),
(5, 'teeesssrt', NULL, NULL, NULL, '0781922408', NULL, '645 negomvob', '645 negomvob', 'negombo', 'negobo', NULL, NULL, NULL, NULL, 'Proprietorship', 'Cash', 10, '', '', '455667', NULL, NULL, 'test', 1, '2025-02-17 11:07:42', NULL, 3, 1, '0781922408', '0781922408', '645 negomvob,645 negomvob', NULL),
(6, 'ffsfeg', NULL, NULL, NULL, '078456734', NULL, 'fffffkk', 'fffffeee', 'ffffdd', 'ffffffggg', NULL, NULL, NULL, NULL, 'Proprietorship', 'Cash', 8, '', '', '4466664', NULL, NULL, '', 3, '2025-02-17 11:19:27', '2025-02-17 11:25:56', 4, 1, '078456734', '078456734', 'fffffkk,fffffeee', NULL),
(7, 'ffsfegsdsdrttt', NULL, NULL, NULL, '0764568730', NULL, 'fffffkk', 'fffffeee', 'ffffdd', 'ffffffggg', NULL, NULL, NULL, NULL, 'Proprietorship', 'Cash', 8, '', '', '4466664', NULL, NULL, 'testttttggg', 1, '2025-02-17 11:33:13', NULL, 2, 1, '0764568730', '0764568730', 'fffffkk,fffffeee', NULL);

-- --------------------------------------------------------

--
-- Table structure for table `tbl_supplier_bank_details`
--

CREATE TABLE `tbl_supplier_bank_details` (
  `idtbl_supplier_bank_details` int(11) NOT NULL,
  `bank_name` varchar(45) NOT NULL,
  `branch` varchar(45) NOT NULL,
  `account_no` varchar(45) NOT NULL,
  `account_name` varchar(45) NOT NULL,
  `status` int(11) NOT NULL,
  `updatedatetime` datetime NOT NULL,
  `tbl_supplier_idtbl_supplier` int(11) DEFAULT NULL,
  `tbl_user_idtbl_user` varchar(20) DEFAULT NULL,
  `updateuser` varchar(20) DEFAULT NULL
) ENGINE=InnoDB DEFAULT CHARSET=utf8mb4;

--
-- Dumping data for table `tbl_supplier_bank_details`
--

INSERT INTO `tbl_supplier_bank_details` (`idtbl_supplier_bank_details`, `bank_name`, `branch`, `account_no`, `account_name`, `status`, `updatedatetime`, `tbl_supplier_idtbl_supplier`, `tbl_user_idtbl_user`, `updateuser`) VALUES
(1, 'BOC', 'Dankotuwa', '1215646', 'Rajapaksha', 1, '2025-02-05 11:47:07', 0, '1', NULL),
(2, 'COMMERCIAL', 'divulapitiya', '87896574822', 'Lahiru', 1, '2025-02-05 11:33:30', 2, '1', NULL),
(4, 'HNB', 'Negombo', '6848474', 'lahiru', 1, '2025-02-05 12:25:34', 2, '1', NULL);

-- --------------------------------------------------------

--
-- Table structure for table `tbl_supplier_contact_details`
--

CREATE TABLE `tbl_supplier_contact_details` (
  `idtbl_supplier_contact_details` int(11) NOT NULL,
  `name` varchar(45) NOT NULL,
  `position` varchar(45) NOT NULL,
  `mobile` varchar(45) NOT NULL,
  `email` varchar(45) NOT NULL,
  `status` int(11) NOT NULL,
  `updatedatetime` datetime NOT NULL,
  `tbl_supplier_idtbl_supplier` int(11) NOT NULL,
  `tbl_user_idtbl_user` varchar(20) DEFAULT NULL,
  `updateuser` varchar(20) DEFAULT NULL
) ENGINE=InnoDB DEFAULT CHARSET=utf8mb4;

--
-- Dumping data for table `tbl_supplier_contact_details`
--

INSERT INTO `tbl_supplier_contact_details` (`idtbl_supplier_contact_details`, `name`, `position`, `mobile`, `email`, `status`, `updatedatetime`, `tbl_supplier_idtbl_supplier`, `tbl_user_idtbl_user`, `updateuser`) VALUES
(1, 'Rajapaksha', 'GM', '0768360', 'rejan31@gmail.com', 1, '2025-02-05 10:45:40', 0, NULL, NULL),
(2, 'Rajapaksha', 'GM', '0768360', 'rejan31@gmail.com', 1, '2025-02-05 12:25:52', 1, '1', NULL);

-- --------------------------------------------------------

--
-- Table structure for table `tbl_supplier_type`
--

CREATE TABLE `tbl_supplier_type` (
  `idtbl_supplier_type` int(11) NOT NULL,
  `type` varchar(45) NOT NULL,
  `status` int(11) NOT NULL,
  `insertdatetime` datetime NOT NULL,
  `updated_user` varchar(20) DEFAULT NULL,
  `updatedatetime` datetime DEFAULT NULL,
  `tbl_user_idtbl_user` varchar(20) DEFAULT NULL
) ENGINE=InnoDB DEFAULT CHARSET=utf8mb4;

--
-- Dumping data for table `tbl_supplier_type`
--

INSERT INTO `tbl_supplier_type` (`idtbl_supplier_type`, `type`, `status`, `insertdatetime`, `updated_user`, `updatedatetime`, `tbl_user_idtbl_user`) VALUES
(1, 'Insurence', 3, '2023-02-14 10:26:45', NULL, '2023-02-14 10:32:03', '1'),
(2, 'Vehicle Service', 1, '2023-02-14 10:27:10', NULL, '2023-02-14 10:31:58', '1'),
(3, 'Printing Materials', 1, '2023-02-14 10:27:28', NULL, '2023-02-14 10:31:32', '1'),
(4, 'Subcontract', 1, '2024-04-10 04:39:00', 'admin', '2024-05-02 00:47:47', NULL),
(5, 'Fabric Suppliers', 1, '2024-09-03 14:56:03', 'admin', '2024-09-03 14:57:33', 'admin'),
(6, 'Packaging Suppliers', 1, '2024-09-03 14:57:56', NULL, NULL, 'admin'),
(7, 'Stationery', 1, '2025-03-21 09:52:28', NULL, NULL, '1'),
(8, 'General Items', 1, '2025-03-21 09:52:28', NULL, NULL, '1');

-- --------------------------------------------------------

--
-- Table structure for table `tbl_unit`
--

CREATE TABLE `tbl_unit` (
  `idtbl_unit` int(11) NOT NULL,
  `unitname` varchar(45) NOT NULL,
  `unitcode` varchar(10) NOT NULL,
  `status` int(11) NOT NULL,
  `insertdatetime` datetime NOT NULL,
  `updateuser` int(11) DEFAULT NULL,
  `updatedatetime` datetime DEFAULT NULL,
  `tbl_user_idtbl_user` int(11) NOT NULL
) ENGINE=InnoDB DEFAULT CHARSET=utf8;

--
-- Dumping data for table `tbl_unit`
--

INSERT INTO `tbl_unit` (`idtbl_unit`, `unitname`, `unitcode`, `status`, `insertdatetime`, `updateuser`, `updatedatetime`, `tbl_user_idtbl_user`) VALUES
(3, 'ML', 'ML', 1, '2023-02-28 07:26:07', NULL, '2023-02-28 07:26:07', 1);

-- --------------------------------------------------------

--
-- Table structure for table `tbl_unit_type`
--

CREATE TABLE `tbl_unit_type` (
  `idtbl_unit_type` int(11) NOT NULL,
  `unittypename` varchar(45) NOT NULL,
  `unittypecode` varchar(10) NOT NULL,
  `status` int(11) NOT NULL,
  `insertdatetime` datetime NOT NULL,
  `updateuser` int(11) DEFAULT NULL,
  `updatedatetime` datetime DEFAULT NULL,
  `tbl_user_idtbl_user` int(11) NOT NULL,
  `tbl_material_category_idtbl_material_category` int(11) NOT NULL
) ENGINE=InnoDB DEFAULT CHARSET=utf8;

--
-- Dumping data for table `tbl_unit_type`
--

INSERT INTO `tbl_unit_type` (`idtbl_unit_type`, `unittypename`, `unittypecode`, `status`, `insertdatetime`, `updateuser`, `updatedatetime`, `tbl_user_idtbl_user`, `tbl_material_category_idtbl_material_category`) VALUES
(1, 'ML', 'ML', 1, '2023-02-28 07:26:45', NULL, '2023-02-28 07:26:45', 1, 1);

-- --------------------------------------------------------

--
-- Table structure for table `tbl_user_types`
--

CREATE TABLE `tbl_user_types` (
  `id` int(11) NOT NULL,
  `user_privilege` varchar(255) DEFAULT NULL,
  `status` int(11) DEFAULT NULL COMMENT '1 - active, 2 - inactive, 3 - deleted',
  `updated_on` datetime DEFAULT NULL,
  `updated_by` int(11) DEFAULT NULL
) ENGINE=InnoDB DEFAULT CHARSET=latin1;

--
-- Dumping data for table `tbl_user_types`
--

INSERT INTO `tbl_user_types` (`id`, `user_privilege`, `status`, `updated_on`, `updated_by`) VALUES
(1, 'Administrator', 1, '2019-01-19 06:51:37', 1),
(2, 'Outlet Admin', 1, '2019-01-19 06:52:24', 1);

-- --------------------------------------------------------

--
-- Table structure for table `tech_assistant`
--

CREATE TABLE `tech_assistant` (
  `username` varchar(20) NOT NULL,
  `inst_note` tinyint(4) NOT NULL DEFAULT 0 COMMENT 'instant-notification',
  `remind_low` tinyint(4) NOT NULL DEFAULT 0 COMMENT 'reminder-in-15min-low-priority',
  `remind_medium` tinyint(4) NOT NULL DEFAULT 0 COMMENT 'warning-in-30min-medium-priority',
  `remind_high` tinyint(4) NOT NULL DEFAULT 0 COMMENT 'critical-reminder-in-1hour-high-priority',
  `user_tpno` varchar(30) NOT NULL COMMENT 'tp-number-to-send-notifications',
  `email_addr` varchar(100) NOT NULL
) ENGINE=InnoDB DEFAULT CHARSET=latin1 COMMENT='list-of-tech-assistants-and-other-users-receiving-job-alerts';

--
-- Dumping data for table `tech_assistant`
--

INSERT INTO `tech_assistant` (`username`, `inst_note`, `remind_low`, `remind_medium`, `remind_high`, `user_tpno`, `email_addr`) VALUES
('techdiv', 1, 0, 0, 0, '', '');

-- --------------------------------------------------------

--
-- Table structure for table `users`
--

CREATE TABLE `users` (
  `id` int(11) NOT NULL,
  `username` varchar(255) NOT NULL,
  `password` varchar(255) NOT NULL,
  `email` varchar(255) NOT NULL,
  `firstname` varchar(255) NOT NULL,
  `lastname` varchar(255) NOT NULL,
  `phone` varchar(255) NOT NULL,
  `gender` int(11) NOT NULL,
  `factory_id` int(11) DEFAULT NULL
) ENGINE=InnoDB DEFAULT CHARSET=utf8;

--
-- Dumping data for table `users`
--

INSERT INTO `users` (`id`, `username`, `password`, `email`, `firstname`, `lastname`, `phone`, `gender`, `factory_id`) VALUES
(1, 'admin', '$2y$10$4OjgXyQY0UGKESMujlH2n.gkXlo.eIhjkgMnGth5T0JYrvhWB9JgC', 'admin@gmail.com', 'john', 'doe', '80789998', 1, 1),
(2, 'manager', '$2y$10$BgbQBlbzDnekFsHldE3QVOUa9YOtcLcZPIjrSBE0cKcJ/H4IHuJiq', 'manager@gmail.com', 'manager', '', '', 1, NULL),
(3, 'user123', '$2y$10$LKL.cvxqR1sEgO2L3w1v9uvlC7l9TZWQ1qr48ZW1/7NKd0uNyWm1q', 'user1@gmail.com', 'user', '1', '', 1, NULL),
(4, 'tharakadoo', '$2y$10$vs448GsY.i9krjFjmtXP/.6.gKDXs11sESheJgrekmascDbAKwrwe', 'abc@gmail.com', 'th', 'ara', '0', 1, NULL),
(6, 'hurofowyj', '$2y$10$Rw0USMjTQw2JxcKncTOXKeWou0.ibkiBWr5r681SCRHLA1N4sHwmi', 'ludulebil@mailinator.com', 'Frances', 'Sosa', '+1 (538) 753-4927', 2, NULL),
(7, 'qalehan', '$2y$10$GcB7TO44gOs80COKKc6ZXeHCN8/vhzRIETWnWHC6Pja7ZDOvGLViO', 'pugil@mailinator.com', 'Duncan', 'Huber', '+1 (627) 733-9488', 2, NULL),
(8, 'fevipuzu', '$2y$10$f1Iw22YjwZobrntK3HLzluc4ZYV6vfj4nwkmVZ.qLL5uy39E3/x2W', 'ryfip@mailinator.com', 'Scarlett', 'Mays', '+1 (995) 417-7544', 1, NULL),
(9, 'mateqe', '$2y$10$IGs6bYzpB3UC4dEK2sH42.PXozoX3cO1dThYMDvblah5eRO2iGnbK', 'weqexi@mailinator.com', 'Reece', 'Cardenas', '+1 (676) 489-2102', 1, NULL),
(10, 'remoxaxe', '$2y$10$4ex1vNu5ClxLfslPGavq8.Ese1ZHwI25zYemeNT039Uy0qxG9jika', 'horoz@mailinator.com', 'Norman', 'Frost', '+1 (116) 602-6726', 2, NULL),
(11, 'vytiwapom', '$2y$10$9b0YseAxlQL.vDvjk10oWOCVv9snnszV3hCRE.x.5ecMaquMJyHdq', 'ryxamyjyk@mailinator.com', 'Illana', 'Garcia', '+1 (534) 228-4575', 2, NULL),
(12, 'hopohely', '$2y$10$v12j7XD5aXdfObS8hTwX4Ot1m8xguZ2EIFcDvLVXmvTulAhRNRBPm', 'mupavi@mailinator.com', 'Derek', 'Ratliff', '+1 (647) 819-4817', 1, NULL),
(13, 'pigyty', '$2y$10$zy5fIr4TWg6Y80AzLIyTWeeG5fmZwLAhHGgz3Y6nNKeSTwZ4YpPee', 'govixixaju@mailinator.com', 'Ursula', 'Munoz', '+1 (183) 598-6122', 1, NULL),
(14, 'jaqovyso', '$2y$10$z.5d3NqD6P.4Jk9bq5vZLOvVSC6CdYgs57XheluQZzfcBGOg2Pcme', 'kybyhabo@mailinator.com', 'Alexa', 'Guthrie', '+1 (867) 315-1505', 1, NULL),
(15, 'wijyqabo', '$2y$10$iMUAsqdKstbT2TRCqMeZI.zFKERnbyMyY/URcHYmD6Ry7AHVPRd2i', 'gynaz@mailinator.com', 'Victoria', 'Swanson', '+1 (968) 618-1798', 1, NULL),
(16, 'sugyqep', '$2y$10$T6U.MQdaaif63OzueaxCKOriWl27LilmQNX0RKXxGNUyLl.9w1FVK', 'myja@mailinator.com', 'Boris', 'Wright', '+1 (484) 193-6865', 1, NULL),
(17, 'lyzufeja', '$2y$10$6jHghsMmevY2C3i1gPDABe0XrfHtGvWyEY/zCffgTBeBq6.b4X7L2', 'zuhokyxeg@mailinator.com', 'Cally', 'Briggs', '+1 (849) 862-8816', 1, NULL),
(18, 'fakyjo', '$2y$10$IwOi4hkrC6P3R0w71pfdKO2AbMOVyjlTx3niBv7WjhhgUKzz31l12', 'kinepycedy@mailinator.com', 'Martina', 'Ramirez', '+1 (515) 362-9977', 2, NULL),
(19, 'civeva', '$2y$10$DHWOJU000FJ8yZdMrNdeKegxbULkJ1AocrPjoclgRP3GjgFiAf2IW', 'wafefy@mailinator.com', 'Stephanie', 'Watson', '+1 (463) 294-7333', 2, 3);

-- --------------------------------------------------------

--
-- Table structure for table `user_group`
--

CREATE TABLE `user_group` (
  `id` int(11) NOT NULL,
  `user_id` int(11) NOT NULL,
  `group_id` int(11) NOT NULL
) ENGINE=InnoDB DEFAULT CHARSET=utf8;

--
-- Dumping data for table `user_group`
--

INSERT INTO `user_group` (`id`, `user_id`, `group_id`) VALUES
(1, 1, 1),
(11, 10, 10),
(12, 11, 10),
(13, 2, 10),
(14, 3, 11),
(15, 4, 11),
(16, 5, 11),
(17, 6, 11),
(18, 7, 11),
(19, 8, 11),
(20, 9, 10),
(21, 10, 10),
(22, 11, 10),
(23, 12, 10),
(24, 13, 11),
(25, 14, 11),
(26, 15, 11),
(27, 16, 10),
(28, 17, 11),
(29, 18, 11),
(30, 19, 10),
(31, 20, 10);

--
-- Indexes for dumped tables
--

--
-- Indexes for table `actual_cycle_time`
--
ALTER TABLE `actual_cycle_time`
  ADD PRIMARY KEY (`id`);

--
-- Indexes for table `buyers`
--
ALTER TABLE `buyers`
  ADD PRIMARY KEY (`id`);

--
-- Indexes for table `ci_sessions`
--
ALTER TABLE `ci_sessions`
  ADD PRIMARY KEY (`id`),
  ADD KEY `ci_sessions_timestamp` (`timestamp`);

--
-- Indexes for table `company`
--
ALTER TABLE `company`
  ADD PRIMARY KEY (`id`);

--
-- Indexes for table `csvlog`
--
ALTER TABLE `csvlog`
  ADD PRIMARY KEY (`batchno`);

--
-- Indexes for table `employees`
--
ALTER TABLE `employees`
  ADD PRIMARY KEY (`id`);

--
-- Indexes for table `goodsreceived_info`
--
ALTER TABLE `goodsreceived_info`
  ADD PRIMARY KEY (`batch_id`),
  ADD KEY `goodsreceived_id` (`goodsreceived_id`);

--
-- Indexes for table `goodsreceived_list`
--
ALTER TABLE `goodsreceived_list`
  ADD PRIMARY KEY (`goodsreceived_id`),
  ADD KEY `purchaseorder_id` (`purchaseorder_id`);

--
-- Indexes for table `groups`
--
ALTER TABLE `groups`
  ADD PRIMARY KEY (`id`);

--
-- Indexes for table `hourly_done_rate`
--
ALTER TABLE `hourly_done_rate`
  ADD PRIMARY KEY (`id`);

--
-- Indexes for table `incident_refactors`
--
ALTER TABLE `incident_refactors`
  ADD PRIMARY KEY (`job_id`);

--
-- Indexes for table `in_types`
--
ALTER TABLE `in_types`
  ADD PRIMARY KEY (`id`);

--
-- Indexes for table `login`
--
ALTER TABLE `login`
  ADD PRIMARY KEY (`username`);

--
-- Indexes for table `machine_allocation_current`
--
ALTER TABLE `machine_allocation_current`
  ADD PRIMARY KEY (`id`);

--
-- Indexes for table `machine_allocation_history`
--
ALTER TABLE `machine_allocation_history`
  ADD PRIMARY KEY (`id`);

--
-- Indexes for table `machine_brands`
--
ALTER TABLE `machine_brands`
  ADD PRIMARY KEY (`id`);

--
-- Indexes for table `machine_ins`
--
ALTER TABLE `machine_ins`
  ADD PRIMARY KEY (`id`);

--
-- Indexes for table `machine_models`
--
ALTER TABLE `machine_models`
  ADD PRIMARY KEY (`id`);

--
-- Indexes for table `machine_operations`
--
ALTER TABLE `machine_operations`
  ADD PRIMARY KEY (`id`);

--
-- Indexes for table `machine_operation_desc`
--
ALTER TABLE `machine_operation_desc`
  ADD PRIMARY KEY (`id`);

--
-- Indexes for table `machine_operation_product`
--
ALTER TABLE `machine_operation_product`
  ADD PRIMARY KEY (`id`);

--
-- Indexes for table `machine_operation_product_components`
--
ALTER TABLE `machine_operation_product_components`
  ADD PRIMARY KEY (`id`);

--
-- Indexes for table `machine_operation_product_operations`
--
ALTER TABLE `machine_operation_product_operations`
  ADD PRIMARY KEY (`id`);

--
-- Indexes for table `machine_rent_requests`
--
ALTER TABLE `machine_rent_requests`
  ADD PRIMARY KEY (`id`);

--
-- Indexes for table `machine_rent_requests_receive_machines`
--
ALTER TABLE `machine_rent_requests_receive_machines`
  ADD PRIMARY KEY (`id`);

--
-- Indexes for table `machine_rent_requests_receive_machine_returns`
--
ALTER TABLE `machine_rent_requests_receive_machine_returns`
  ADD PRIMARY KEY (`id`);

--
-- Indexes for table `machine_repairs`
--
ALTER TABLE `machine_repairs`
  ADD PRIMARY KEY (`id`);

--
-- Indexes for table `machine_repair_details`
--
ALTER TABLE `machine_repair_details`
  ADD PRIMARY KEY (`id`);

--
-- Indexes for table `machine_repair_details_items`
--
ALTER TABLE `machine_repair_details_items`
  ADD PRIMARY KEY (`id`);

--
-- Indexes for table `machine_requests`
--
ALTER TABLE `machine_requests`
  ADD PRIMARY KEY (`id`);

--
-- Indexes for table `machine_request_onloan_issue_machines`
--
ALTER TABLE `machine_request_onloan_issue_machines`
  ADD PRIMARY KEY (`id`);

--
-- Indexes for table `machine_requirements`
--
ALTER TABLE `machine_requirements`
  ADD PRIMARY KEY (`id`);

--
-- Indexes for table `machine_services`
--
ALTER TABLE `machine_services`
  ADD PRIMARY KEY (`id`);

--
-- Indexes for table `machine_service_allocated_items`
--
ALTER TABLE `machine_service_allocated_items`
  ADD PRIMARY KEY (`id`);

--
-- Indexes for table `machine_service_details`
--
ALTER TABLE `machine_service_details`
  ADD PRIMARY KEY (`id`);

--
-- Indexes for table `machine_service_details_items`
--
ALTER TABLE `machine_service_details_items`
  ADD PRIMARY KEY (`id`);

--
-- Indexes for table `machine_service_estimated_items`
--
ALTER TABLE `machine_service_estimated_items`
  ADD PRIMARY KEY (`id`);

--
-- Indexes for table `machine_service_issued_items`
--
ALTER TABLE `machine_service_issued_items`
  ADD PRIMARY KEY (`id`);

--
-- Indexes for table `machine_service_received_items`
--
ALTER TABLE `machine_service_received_items`
  ADD PRIMARY KEY (`id`);

--
-- Indexes for table `machine_service_returned_accepted_items`
--
ALTER TABLE `machine_service_returned_accepted_items`
  ADD PRIMARY KEY (`id`);

--
-- Indexes for table `machine_service_returned_accepted_items_header`
--
ALTER TABLE `machine_service_returned_accepted_items_header`
  ADD PRIMARY KEY (`id`);

--
-- Indexes for table `machine_service_returned_items`
--
ALTER TABLE `machine_service_returned_items`
  ADD PRIMARY KEY (`id`);

--
-- Indexes for table `machine_service_returned_items_header`
--
ALTER TABLE `machine_service_returned_items_header`
  ADD PRIMARY KEY (`id`);

--
-- Indexes for table `machine_types`
--
ALTER TABLE `machine_types`
  ADD PRIMARY KEY (`id`);

--
-- Indexes for table `mbranchlist`
--
ALTER TABLE `mbranchlist`
  ADD PRIMARY KEY (`id`),
  ADD UNIQUE KEY `br_code` (`br_code`),
  ADD UNIQUE KEY `br_grpcode` (`br_grpcode`);

--
-- Indexes for table `mmachine_instinfo`
--
ALTER TABLE `mmachine_instinfo`
  ADD PRIMARY KEY (`id`),
  ADD UNIQUE KEY `track_addr` (`track_addr`),
  ADD UNIQUE KEY `mach_instid` (`mach_instid`);

--
-- Indexes for table `mmachine_instslot`
--
ALTER TABLE `mmachine_instslot`
  ADD PRIMARY KEY (`machine_allocation_current_id`);

--
-- Indexes for table `mmachine_typeinfo`
--
ALTER TABLE `mmachine_typeinfo`
  ADD PRIMARY KEY (`id`);

--
-- Indexes for table `operations_for_machines`
--
ALTER TABLE `operations_for_machines`
  ADD PRIMARY KEY (`id`);

--
-- Indexes for table `operation_breakdowns`
--
ALTER TABLE `operation_breakdowns`
  ADD PRIMARY KEY (`id`);

--
-- Indexes for table `operation_breakdown_allocations`
--
ALTER TABLE `operation_breakdown_allocations`
  ADD PRIMARY KEY (`id`);

--
-- Indexes for table `operation_breakdown_machine_operations`
--
ALTER TABLE `operation_breakdown_machine_operations`
  ADD PRIMARY KEY (`id`);

--
-- Indexes for table `operation_types`
--
ALTER TABLE `operation_types`
  ADD PRIMARY KEY (`id`);

--
-- Indexes for table `permissions`
--
ALTER TABLE `permissions`
  ADD PRIMARY KEY (`id`);

--
-- Indexes for table `permissions_machines`
--
ALTER TABLE `permissions_machines`
  ADD PRIMARY KEY (`id`);

--
-- Indexes for table `porderpackratelist`
--
ALTER TABLE `porderpackratelist`
  ADD PRIMARY KEY (`porder_pdf_info_id`);

--
-- Indexes for table `prodorder_info`
--
ALTER TABLE `prodorder_info`
  ADD PRIMARY KEY (`pack_no`),
  ADD KEY `prodorder_id` (`prodorder_id`),
  ADD KEY `salesorder_pack_no` (`salesorder_pack_no`);

--
-- Indexes for table `prodorder_list`
--
ALTER TABLE `prodorder_list`
  ADD PRIMARY KEY (`prodorder_id`),
  ADD UNIQUE KEY `prodorder_ref` (`prodorder_ref`),
  ADD KEY `salesorder_id` (`salesorder_id`),
  ADD KEY `br_code` (`br_code`);

--
-- Indexes for table `purchaseorder_info`
--
ALTER TABLE `purchaseorder_info`
  ADD PRIMARY KEY (`pack_no`),
  ADD KEY `purchaseorder_id` (`purchaseorder_id`);

--
-- Indexes for table `purchaseorder_list`
--
ALTER TABLE `purchaseorder_list`
  ADD PRIMARY KEY (`purchaseorder_id`);

--
-- Indexes for table `purchasereturn_info`
--
ALTER TABLE `purchasereturn_info`
  ADD PRIMARY KEY (`pack_no`),
  ADD KEY `purchasereturn_id` (`purchasereturn_id`);

--
-- Indexes for table `purchasereturn_list`
--
ALTER TABLE `purchasereturn_list`
  ADD PRIMARY KEY (`purchasereturn_id`);

--
-- Indexes for table `ref_no_profile`
--
ALTER TABLE `ref_no_profile`
  ADD UNIQUE KEY `uiid` (`uiid`);

--
-- Indexes for table `return_to_supplier`
--
ALTER TABLE `return_to_supplier`
  ADD PRIMARY KEY (`id`);

--
-- Indexes for table `return_to_supplier_header`
--
ALTER TABLE `return_to_supplier_header`
  ADD PRIMARY KEY (`id`);

--
-- Indexes for table `rm_item_location`
--
ALTER TABLE `rm_item_location`
  ADD PRIMARY KEY (`item_location_id`);

--
-- Indexes for table `rm_item_supplier`
--
ALTER TABLE `rm_item_supplier`
  ADD PRIMARY KEY (`itemno`,`supplierno`),
  ADD KEY `rm_price_supplier_id` (`rm_price_supplier_id`);

--
-- Indexes for table `rm_price_supplier`
--
ALTER TABLE `rm_price_supplier`
  ADD PRIMARY KEY (`id`);

--
-- Indexes for table `service_items`
--
ALTER TABLE `service_items`
  ADD PRIMARY KEY (`id`);

--
-- Indexes for table `slots`
--
ALTER TABLE `slots`
  ADD PRIMARY KEY (`id`);

--
-- Indexes for table `spare_parts`
--
ALTER TABLE `spare_parts`
  ADD PRIMARY KEY (`id`);

--
-- Indexes for table `spare_part_suppliers`
--
ALTER TABLE `spare_part_suppliers`
  ADD PRIMARY KEY (`id`);

--
-- Indexes for table `stores`
--
ALTER TABLE `stores`
  ADD PRIMARY KEY (`id`);

--
-- Indexes for table `supplier_logins`
--
ALTER TABLE `supplier_logins`
  ADD PRIMARY KEY (`id`),
  ADD UNIQUE KEY `email` (`email`);

--
-- Indexes for table `tbl_add_actual_values`
--
ALTER TABLE `tbl_add_actual_values`
  ADD PRIMARY KEY (`idtbl_add_actual_values`),
  ADD KEY `fk_tbl_quality_inspection_10percent_mrmcategory1_idx` (`mrmcategory_catcode`),
  ADD KEY `fk_tbl_quality_inspection_10percent_tbl_packing_list1_idx` (`tbl_packing_list_idtbl_packing_list`);

--
-- Indexes for table `tbl_admin_privileges`
--
ALTER TABLE `tbl_admin_privileges`
  ADD PRIMARY KEY (`module_id`);

--
-- Indexes for table `tbl_admin_user`
--
ALTER TABLE `tbl_admin_user`
  ADD PRIMARY KEY (`id`);

--
-- Indexes for table `tbl_admin_user_log`
--
ALTER TABLE `tbl_admin_user_log`
  ADD PRIMARY KEY (`id`);

--
-- Indexes for table `tbl_bank`
--
ALTER TABLE `tbl_bank`
  ADD PRIMARY KEY (`idtbl_bank`);

--
-- Indexes for table `tbl_bank_branch`
--
ALTER TABLE `tbl_bank_branch`
  ADD PRIMARY KEY (`idtbl_bank_branch`);

--
-- Indexes for table `tbl_brand`
--
ALTER TABLE `tbl_brand`
  ADD PRIMARY KEY (`idtbl_brand`),
  ADD UNIQUE KEY `brandcode_UNIQUE` (`brandcode`),
  ADD KEY `fk_tbl_brand_tbl_user1_idx` (`tbl_user_idtbl_user`),
  ADD KEY `fk_tbl_brand_tbl_material_category1_idx` (`tbl_material_category_idtbl_material_category`);

--
-- Indexes for table `tbl_cloth`
--
ALTER TABLE `tbl_cloth`
  ADD PRIMARY KEY (`idtbl_cloth`),
  ADD KEY `fk_tbl_cloth_tbl_user2_idx` (`tbl_user_idtbl_user`);

--
-- Indexes for table `tbl_currency`
--
ALTER TABLE `tbl_currency`
  ADD PRIMARY KEY (`idtbl_currency`);

--
-- Indexes for table `tbl_customer_bank_details`
--
ALTER TABLE `tbl_customer_bank_details`
  ADD PRIMARY KEY (`idtbl_customer_bank_details`);

--
-- Indexes for table `tbl_customer_contact_details`
--
ALTER TABLE `tbl_customer_contact_details`
  ADD PRIMARY KEY (`idtbl_customer_contact_details`);

--
-- Indexes for table `tbl_customer_job_details`
--
ALTER TABLE `tbl_customer_job_details`
  ADD PRIMARY KEY (`idtbl_customer_job_details`);

--
-- Indexes for table `tbl_delivery_detail`
--
ALTER TABLE `tbl_delivery_detail`
  ADD PRIMARY KEY (`idtbl_delivery_detail`),
  ADD KEY `fk_tbl_order_tbl_inquiry1_idx` (`tbl_inquiry_idtbl_inquiry`),
  ADD KEY `fk_tbl_order_tbl_size1_idx` (`tbl_size_idtbl_size`),
  ADD KEY `fk_tbl_order_tbl_user2_idx` (`tbl_user_idtbl_user`),
  ADD KEY `fk_tbl_order_tbl_cloth1_idx` (`tbl_cloth_idtbl_cloth`);

--
-- Indexes for table `tbl_email_receptions`
--
ALTER TABLE `tbl_email_receptions`
  ADD PRIMARY KEY (`id`);

--
-- Indexes for table `tbl_form`
--
ALTER TABLE `tbl_form`
  ADD PRIMARY KEY (`idtbl_form`),
  ADD UNIQUE KEY `formcode_UNIQUE` (`formcode`),
  ADD KEY `fk_tbl_form_tbl_user1_idx` (`tbl_user_idtbl_user`),
  ADD KEY `fk_tbl_form_tbl_material_category1_idx` (`tbl_material_category_idtbl_material_category`);

--
-- Indexes for table `tbl_grade`
--
ALTER TABLE `tbl_grade`
  ADD PRIMARY KEY (`idtbl_grade`),
  ADD UNIQUE KEY `gradecode_UNIQUE` (`gradecode`),
  ADD KEY `fk_tbl_grade_tbl_user1_idx` (`tbl_user_idtbl_user`),
  ADD KEY `fk_tbl_grade_tbl_material_category1_idx` (`tbl_material_category_idtbl_material_category`);

--
-- Indexes for table `tbl_grn`
--
ALTER TABLE `tbl_grn`
  ADD PRIMARY KEY (`idtbl_grn`),
  ADD KEY `fk_tbl_grn_tbl_user1_idx` (`tbl_user_idtbl_user`),
  ADD KEY `fk_tbl_grn_tbl_supplier1_idx` (`tbl_supplier_idtbl_supplier`),
  ADD KEY `fk_tbl_grn_tbl_location1_idx` (`tbl_location_idtbl_location`),
  ADD KEY `fk_tbl_grn_tbl_porder1_idx` (`tbl_porder_idtbl_porder`),
  ADD KEY `fk_tbl_grn_tbl_order_type1_idx` (`tbl_order_type_idtbl_order_type`);

--
-- Indexes for table `tbl_grndetail`
--
ALTER TABLE `tbl_grndetail`
  ADD PRIMARY KEY (`idtbl_grndetail`),
  ADD KEY `fk_tbl_grndetail_tbl_grn1_idx` (`tbl_grn_idtbl_grn`);

--
-- Indexes for table `tbl_inquiry`
--
ALTER TABLE `tbl_inquiry`
  ADD PRIMARY KEY (`idtbl_inquiry`),
  ADD KEY `fk_tbl_inquiry_tbl_customer1_idx` (`tbl_customer_idtbl_customer`),
  ADD KEY `fk_tbl_inquiry_tbl_user2_idx` (`tbl_user_idtbl_user`);

--
-- Indexes for table `tbl_inquiry_detail`
--
ALTER TABLE `tbl_inquiry_detail`
  ADD PRIMARY KEY (`idtbl_inquiry_detail`),
  ADD KEY `fk_tbl_inquiry_detail_tbl_inquiry1_idx` (`tbl_inquiry_idtbl_inquiry`),
  ADD KEY `fk_tbl_inquiry_detail_tbl_user2_idx` (`tbl_user_idtbl_user`),
  ADD KEY `tbl_products_idtbl_product` (`tbl_products_idtbl_product`);

--
-- Indexes for table `tbl_location`
--
ALTER TABLE `tbl_location`
  ADD PRIMARY KEY (`idtbl_location`),
  ADD KEY `fk_tbl_location_tbl_user1_idx` (`tbl_user_idtbl_user`);

--
-- Indexes for table `tbl_locations`
--
ALTER TABLE `tbl_locations`
  ADD PRIMARY KEY (`id`);

--
-- Indexes for table `tbl_material`
--
ALTER TABLE `tbl_material`
  ADD PRIMARY KEY (`idtbl_material`),
  ADD KEY `fk_tbl_material_tbl_user2_idx` (`tbl_user_idtbl_user`);

--
-- Indexes for table `tbl_order`
--
ALTER TABLE `tbl_order`
  ADD PRIMARY KEY (`idtbl_order`),
  ADD KEY `fk_tbl_size_tbl_user2_idx` (`tbl_user_idtbl_user`),
  ADD KEY `fk_tbl_order_tbl_bank1_idx` (`tbl_bank_idtbl_bank`),
  ADD KEY `fk_tbl_order_tbl_inquiry2_idx` (`tbl_inquiry_idtbl_inquiry`),
  ADD KEY `fk_tbl_order_tbl_payment1_idx` (`tbl_payment_idtbl_payment`);

--
-- Indexes for table `tbl_order_detail`
--
ALTER TABLE `tbl_order_detail`
  ADD PRIMARY KEY (`idtbl_order_detail`),
  ADD KEY `fk_tbl_order_tbl_inquiry1_idx` (`tbl_inquiry_idtbl_inquiry`),
  ADD KEY `fk_tbl_order_tbl_colour1_idx` (`tbl_colour_idtbl_colour`),
  ADD KEY `fk_tbl_order_tbl_user2_idx` (`tbl_user_idtbl_user`),
  ADD KEY `fk_tbl_order_tbl_quotation1_idx` (`tbl_quotation_idtbl_quotation`),
  ADD KEY `fk_tbl_order_detail_tbl_order1_idx` (`tbl_order_idtbl_order`),
  ADD KEY `tbl_products_idtbl_products` (`tbl_products_idtbl_products`);

--
-- Indexes for table `tbl_order_type`
--
ALTER TABLE `tbl_order_type`
  ADD PRIMARY KEY (`idtbl_order_type`),
  ADD KEY `fk_tbl_order_type_tbl_user1_idx` (`tbl_user_idtbl_user`);

--
-- Indexes for table `tbl_packaging_detail`
--
ALTER TABLE `tbl_packaging_detail`
  ADD PRIMARY KEY (`idtbl_packaging_detail`),
  ADD KEY `fk_tbl_order_tbl_inquiry1_idx` (`tbl_inquiry_idtbl_inquiry`),
  ADD KEY `fk_tbl_order_tbl_size1_idx` (`tbl_size_idtbl_size`),
  ADD KEY `fk_tbl_order_tbl_user2_idx` (`tbl_user_idtbl_user`),
  ADD KEY `fk_tbl_order_tbl_cloth1_idx` (`tbl_cloth_idtbl_cloth`);

--
-- Indexes for table `tbl_payment`
--
ALTER TABLE `tbl_payment`
  ADD PRIMARY KEY (`idtbl_payment`),
  ADD KEY `fk_tbl_payment_tbl_user1_idx` (`tbl_user_idtbl_user`);

--
-- Indexes for table `tbl_payment_detail`
--
ALTER TABLE `tbl_payment_detail`
  ADD PRIMARY KEY (`idtbl_payment_details`),
  ADD KEY `fk_tbl_size_tbl_user2_idx` (`tbl_user_idtbl_user`),
  ADD KEY `fk_tbl_order_tbl_inquiry2_idx` (`tbl_inquiry_idtbl_inquiry`),
  ADD KEY `fk_tbl_order_tbl_payment1_idx` (`tbl_payment_idtbl_payment`);

--
-- Indexes for table `tbl_porder`
--
ALTER TABLE `tbl_porder`
  ADD PRIMARY KEY (`idtbl_porder`),
  ADD KEY `fk_tbl_porder_tbl_user1_idx` (`tbl_user_idtbl_user`),
  ADD KEY `fk_tbl_porder_tbl_location1_idx` (`tbl_location_idtbl_location`),
  ADD KEY `fk_tbl_porder_tbl_supplier1_idx` (`tbl_supplier_idtbl_supplier`),
  ADD KEY `fk_tbl_porder_tbl_order_type1_idx` (`tbl_order_type_idtbl_order_type`);

--
-- Indexes for table `tbl_porder_payment`
--
ALTER TABLE `tbl_porder_payment`
  ADD PRIMARY KEY (`idtbl_porder_payment`),
  ADD KEY `tbl_user_idtbl_user` (`insertuser`),
  ADD KEY `tbl_porder_idtbl_porder` (`tbl_porder_idtbl_porder`);

--
-- Indexes for table `tbl_products`
--
ALTER TABLE `tbl_products`
  ADD PRIMARY KEY (`idtbl_product`);

--
-- Indexes for table `tbl_provinces`
--
ALTER TABLE `tbl_provinces`
  ADD PRIMARY KEY (`id`);

--
-- Indexes for table `tbl_purchase_order`
--
ALTER TABLE `tbl_purchase_order`
  ADD PRIMARY KEY (`idtbl_purchase_order`);

--
-- Indexes for table `tbl_purchase_order_detail`
--
ALTER TABLE `tbl_purchase_order_detail`
  ADD PRIMARY KEY (`tbl_purchase_order_detail`),
  ADD KEY `fk_tbl_purchase_order_detail_mrmitem1_idx` (`mrmitem_itemno`),
  ADD KEY `fk_tbl_purchase_order_detail_tbl_purchase_order1_idx` (`tbl_purchase_order_idtbl_purchase_order`);

--
-- Indexes for table `tbl_quotation`
--
ALTER TABLE `tbl_quotation`
  ADD PRIMARY KEY (`idtbl_quotation`),
  ADD KEY `fk_tbl_quatation_tbl_inquiry1_idx` (`tbl_inquiry_idtbl_inquiry`),
  ADD KEY `fk_tbl_quatation_tbl_user2_idx` (`tbl_user_idtbl_user`),
  ADD KEY `fk_tbl_quotation_tbl_customer1_idx` (`tbl_customer_idtbl_customer`),
  ADD KEY `fk_tbl_quotation_tbl_reason1_idx` (`tbl_reason_idtbl_reason`);

--
-- Indexes for table `tbl_quotation_detail`
--
ALTER TABLE `tbl_quotation_detail`
  ADD PRIMARY KEY (`idtbl_quotation_detail`),
  ADD KEY `idtbl_product` (`idtbl_product`);

--
-- Indexes for table `tbl_quotation_reject`
--
ALTER TABLE `tbl_quotation_reject`
  ADD PRIMARY KEY (`idtbl_quotation_reject`),
  ADD KEY `fk_tbl_quatation_reject_tbl_reason1_idx` (`tbl_reason_idtbl_reason`),
  ADD KEY `fk_tbl_quatation_reject_tbl_user2_idx` (`tbl_user_idtbl_user`),
  ADD KEY `fk_tbl_quatation_reject_tbl_quatation1_idx` (`tbl_quotation_idtbl_quotation`);

--
-- Indexes for table `tbl_reason`
--
ALTER TABLE `tbl_reason`
  ADD PRIMARY KEY (`idtbl_reason`),
  ADD KEY `fk_tbl_reason_tbl_user2_idx` (`tbl_user_idtbl_user`);

--
-- Indexes for table `tbl_salesrep`
--
ALTER TABLE `tbl_salesrep`
  ADD PRIMARY KEY (`idtbl_salesrep`),
  ADD KEY `fk_tbl_customer_tbl_user2_idx` (`tbl_user_idtbl_user`);

--
-- Indexes for table `tbl_stock`
--
ALTER TABLE `tbl_stock`
  ADD PRIMARY KEY (`id`);

--
-- Indexes for table `tbl_supplier`
--
ALTER TABLE `tbl_supplier`
  ADD PRIMARY KEY (`idtbl_supplier`),
  ADD KEY `fk_tbl_supplier_tbl_supplier_type1_idx` (`tbl_supplier_type_idtbl_supplier_type`),
  ADD KEY `tbl_user_idtbl_user` (`tbl_user_idtbl_user`);

--
-- Indexes for table `tbl_supplier_bank_details`
--
ALTER TABLE `tbl_supplier_bank_details`
  ADD PRIMARY KEY (`idtbl_supplier_bank_details`);

--
-- Indexes for table `tbl_supplier_contact_details`
--
ALTER TABLE `tbl_supplier_contact_details`
  ADD PRIMARY KEY (`idtbl_supplier_contact_details`);

--
-- Indexes for table `tbl_supplier_type`
--
ALTER TABLE `tbl_supplier_type`
  ADD PRIMARY KEY (`idtbl_supplier_type`);

--
-- Indexes for table `tbl_unit`
--
ALTER TABLE `tbl_unit`
  ADD PRIMARY KEY (`idtbl_unit`),
  ADD UNIQUE KEY `unitcode_UNIQUE` (`unitcode`),
  ADD KEY `fk_tbl_unit_tbl_user1_idx1` (`tbl_user_idtbl_user`) USING BTREE;

--
-- Indexes for table `tbl_unit_type`
--
ALTER TABLE `tbl_unit_type`
  ADD PRIMARY KEY (`idtbl_unit_type`),
  ADD UNIQUE KEY `unittypecode_UNIQUE` (`unittypecode`),
  ADD KEY `fk_tbl_unit_type_tbl_user1_idx` (`tbl_user_idtbl_user`),
  ADD KEY `fk_tbl_unit_type_tbl_material_category1_idx` (`tbl_material_category_idtbl_material_category`);

--
-- Indexes for table `tbl_user_types`
--
ALTER TABLE `tbl_user_types`
  ADD PRIMARY KEY (`id`);

--
-- Indexes for table `tech_assistant`
--
ALTER TABLE `tech_assistant`
  ADD PRIMARY KEY (`username`);

--
-- Indexes for table `users`
--
ALTER TABLE `users`
  ADD PRIMARY KEY (`id`);

--
-- Indexes for table `user_group`
--
ALTER TABLE `user_group`
  ADD PRIMARY KEY (`id`);

--
-- AUTO_INCREMENT for dumped tables
--

--
-- AUTO_INCREMENT for table `actual_cycle_time`
--
ALTER TABLE `actual_cycle_time`
  MODIFY `id` int(11) NOT NULL AUTO_INCREMENT, AUTO_INCREMENT=16;

--
-- AUTO_INCREMENT for table `buyers`
--
ALTER TABLE `buyers`
  MODIFY `id` int(11) NOT NULL AUTO_INCREMENT, AUTO_INCREMENT=3;

--
-- AUTO_INCREMENT for table `company`
--
ALTER TABLE `company`
  MODIFY `id` int(11) NOT NULL AUTO_INCREMENT, AUTO_INCREMENT=2;

--
-- AUTO_INCREMENT for table `csvlog`
--
ALTER TABLE `csvlog`
  MODIFY `batchno` int(11) NOT NULL AUTO_INCREMENT;

--
-- AUTO_INCREMENT for table `employees`
--
ALTER TABLE `employees`
  MODIFY `id` int(10) UNSIGNED NOT NULL AUTO_INCREMENT, AUTO_INCREMENT=207;

--
-- AUTO_INCREMENT for table `goodsreceived_info`
--
ALTER TABLE `goodsreceived_info`
  MODIFY `batch_id` int(11) NOT NULL AUTO_INCREMENT;

--
-- AUTO_INCREMENT for table `goodsreceived_list`
--
ALTER TABLE `goodsreceived_list`
  MODIFY `goodsreceived_id` int(11) NOT NULL AUTO_INCREMENT;

--
-- AUTO_INCREMENT for table `groups`
--
ALTER TABLE `groups`
  MODIFY `id` int(11) NOT NULL AUTO_INCREMENT, AUTO_INCREMENT=18;

--
-- AUTO_INCREMENT for table `hourly_done_rate`
--
ALTER TABLE `hourly_done_rate`
  MODIFY `id` int(11) NOT NULL AUTO_INCREMENT, AUTO_INCREMENT=4;

--
-- AUTO_INCREMENT for table `in_types`
--
ALTER TABLE `in_types`
  MODIFY `id` int(11) NOT NULL AUTO_INCREMENT, AUTO_INCREMENT=2;

--
-- AUTO_INCREMENT for table `machine_allocation_current`
--
ALTER TABLE `machine_allocation_current`
  MODIFY `id` int(11) NOT NULL AUTO_INCREMENT, AUTO_INCREMENT=2;

--
-- AUTO_INCREMENT for table `machine_allocation_history`
--
ALTER TABLE `machine_allocation_history`
  MODIFY `id` int(11) NOT NULL AUTO_INCREMENT;

--
-- AUTO_INCREMENT for table `machine_brands`
--
ALTER TABLE `machine_brands`
  MODIFY `id` int(11) NOT NULL AUTO_INCREMENT, AUTO_INCREMENT=8;

--
-- AUTO_INCREMENT for table `machine_ins`
--
ALTER TABLE `machine_ins`
  MODIFY `id` int(11) NOT NULL AUTO_INCREMENT, AUTO_INCREMENT=13;

--
-- AUTO_INCREMENT for table `machine_models`
--
ALTER TABLE `machine_models`
  MODIFY `id` int(11) NOT NULL AUTO_INCREMENT, AUTO_INCREMENT=4;

--
-- AUTO_INCREMENT for table `machine_operations`
--
ALTER TABLE `machine_operations`
  MODIFY `id` int(11) NOT NULL AUTO_INCREMENT;

--
-- AUTO_INCREMENT for table `machine_operation_desc`
--
ALTER TABLE `machine_operation_desc`
  MODIFY `id` int(11) NOT NULL AUTO_INCREMENT, AUTO_INCREMENT=38;

--
-- AUTO_INCREMENT for table `machine_operation_product`
--
ALTER TABLE `machine_operation_product`
  MODIFY `id` int(11) NOT NULL AUTO_INCREMENT, AUTO_INCREMENT=4;

--
-- AUTO_INCREMENT for table `machine_operation_product_components`
--
ALTER TABLE `machine_operation_product_components`
  MODIFY `id` int(11) NOT NULL AUTO_INCREMENT, AUTO_INCREMENT=14;

--
-- AUTO_INCREMENT for table `machine_operation_product_operations`
--
ALTER TABLE `machine_operation_product_operations`
  MODIFY `id` int(11) NOT NULL AUTO_INCREMENT;

--
-- AUTO_INCREMENT for table `machine_rent_requests`
--
ALTER TABLE `machine_rent_requests`
  MODIFY `id` int(11) NOT NULL AUTO_INCREMENT;

--
-- AUTO_INCREMENT for table `machine_rent_requests_receive_machines`
--
ALTER TABLE `machine_rent_requests_receive_machines`
  MODIFY `id` int(11) NOT NULL AUTO_INCREMENT;

--
-- AUTO_INCREMENT for table `machine_rent_requests_receive_machine_returns`
--
ALTER TABLE `machine_rent_requests_receive_machine_returns`
  MODIFY `id` int(11) NOT NULL AUTO_INCREMENT;

--
-- AUTO_INCREMENT for table `machine_repairs`
--
ALTER TABLE `machine_repairs`
  MODIFY `id` int(11) NOT NULL AUTO_INCREMENT, AUTO_INCREMENT=3;

--
-- AUTO_INCREMENT for table `machine_repair_details`
--
ALTER TABLE `machine_repair_details`
  MODIFY `id` int(11) NOT NULL AUTO_INCREMENT;

--
-- AUTO_INCREMENT for table `machine_repair_details_items`
--
ALTER TABLE `machine_repair_details_items`
  MODIFY `id` int(11) NOT NULL AUTO_INCREMENT;

--
-- AUTO_INCREMENT for table `machine_requests`
--
ALTER TABLE `machine_requests`
  MODIFY `id` int(11) NOT NULL AUTO_INCREMENT;

--
-- AUTO_INCREMENT for table `machine_request_onloan_issue_machines`
--
ALTER TABLE `machine_request_onloan_issue_machines`
  MODIFY `id` int(11) NOT NULL AUTO_INCREMENT;

--
-- AUTO_INCREMENT for table `machine_requirements`
--
ALTER TABLE `machine_requirements`
  MODIFY `id` int(11) NOT NULL AUTO_INCREMENT;

--
-- AUTO_INCREMENT for table `machine_services`
--
ALTER TABLE `machine_services`
  MODIFY `id` int(11) NOT NULL AUTO_INCREMENT, AUTO_INCREMENT=7;

--
-- AUTO_INCREMENT for table `machine_service_allocated_items`
--
ALTER TABLE `machine_service_allocated_items`
  MODIFY `id` int(11) NOT NULL AUTO_INCREMENT, AUTO_INCREMENT=19;

--
-- AUTO_INCREMENT for table `machine_service_details`
--
ALTER TABLE `machine_service_details`
  MODIFY `id` int(11) NOT NULL AUTO_INCREMENT;

--
-- AUTO_INCREMENT for table `machine_service_details_items`
--
ALTER TABLE `machine_service_details_items`
  MODIFY `id` int(11) NOT NULL AUTO_INCREMENT;

--
-- AUTO_INCREMENT for table `machine_service_estimated_items`
--
ALTER TABLE `machine_service_estimated_items`
  MODIFY `id` int(11) NOT NULL AUTO_INCREMENT, AUTO_INCREMENT=34;

--
-- AUTO_INCREMENT for table `machine_service_issued_items`
--
ALTER TABLE `machine_service_issued_items`
  MODIFY `id` int(11) NOT NULL AUTO_INCREMENT, AUTO_INCREMENT=14;

--
-- AUTO_INCREMENT for table `machine_service_received_items`
--
ALTER TABLE `machine_service_received_items`
  MODIFY `id` int(11) NOT NULL AUTO_INCREMENT, AUTO_INCREMENT=10;

--
-- AUTO_INCREMENT for table `machine_service_returned_accepted_items`
--
ALTER TABLE `machine_service_returned_accepted_items`
  MODIFY `id` int(11) NOT NULL AUTO_INCREMENT, AUTO_INCREMENT=5;

--
-- AUTO_INCREMENT for table `machine_service_returned_accepted_items_header`
--
ALTER TABLE `machine_service_returned_accepted_items_header`
  MODIFY `id` int(11) NOT NULL AUTO_INCREMENT, AUTO_INCREMENT=5;

--
-- AUTO_INCREMENT for table `machine_service_returned_items`
--
ALTER TABLE `machine_service_returned_items`
  MODIFY `id` int(11) NOT NULL AUTO_INCREMENT, AUTO_INCREMENT=16;

--
-- AUTO_INCREMENT for table `machine_service_returned_items_header`
--
ALTER TABLE `machine_service_returned_items_header`
  MODIFY `id` int(11) NOT NULL AUTO_INCREMENT, AUTO_INCREMENT=9;

--
-- AUTO_INCREMENT for table `machine_types`
--
ALTER TABLE `machine_types`
  MODIFY `id` int(11) NOT NULL AUTO_INCREMENT, AUTO_INCREMENT=14;

--
-- AUTO_INCREMENT for table `mbranchlist`
--
ALTER TABLE `mbranchlist`
  MODIFY `id` int(11) NOT NULL AUTO_INCREMENT, AUTO_INCREMENT=4;

--
-- AUTO_INCREMENT for table `mmachine_instinfo`
--
ALTER TABLE `mmachine_instinfo`
  MODIFY `id` int(11) NOT NULL AUTO_INCREMENT, AUTO_INCREMENT=66;

--
-- AUTO_INCREMENT for table `mmachine_typeinfo`
--
ALTER TABLE `mmachine_typeinfo`
  MODIFY `id` int(11) NOT NULL AUTO_INCREMENT, AUTO_INCREMENT=4;

--
-- AUTO_INCREMENT for table `operations_for_machines`
--
ALTER TABLE `operations_for_machines`
  MODIFY `id` int(11) NOT NULL AUTO_INCREMENT, AUTO_INCREMENT=28;

--
-- AUTO_INCREMENT for table `operation_breakdowns`
--
ALTER TABLE `operation_breakdowns`
  MODIFY `id` int(11) NOT NULL AUTO_INCREMENT, AUTO_INCREMENT=3;

--
-- AUTO_INCREMENT for table `operation_breakdown_allocations`
--
ALTER TABLE `operation_breakdown_allocations`
  MODIFY `id` int(11) NOT NULL AUTO_INCREMENT, AUTO_INCREMENT=3;

--
-- AUTO_INCREMENT for table `operation_breakdown_machine_operations`
--
ALTER TABLE `operation_breakdown_machine_operations`
  MODIFY `id` int(11) NOT NULL AUTO_INCREMENT, AUTO_INCREMENT=5;

--
-- AUTO_INCREMENT for table `operation_types`
--
ALTER TABLE `operation_types`
  MODIFY `id` int(11) NOT NULL AUTO_INCREMENT, AUTO_INCREMENT=3;

--
-- AUTO_INCREMENT for table `permissions`
--
ALTER TABLE `permissions`
  MODIFY `id` int(11) NOT NULL AUTO_INCREMENT, AUTO_INCREMENT=74;

--
-- AUTO_INCREMENT for table `permissions_machines`
--
ALTER TABLE `permissions_machines`
  MODIFY `id` int(11) NOT NULL AUTO_INCREMENT, AUTO_INCREMENT=100;

--
-- AUTO_INCREMENT for table `prodorder_info`
--
ALTER TABLE `prodorder_info`
  MODIFY `pack_no` int(11) NOT NULL AUTO_INCREMENT, AUTO_INCREMENT=512;

--
-- AUTO_INCREMENT for table `prodorder_list`
--
ALTER TABLE `prodorder_list`
  MODIFY `prodorder_id` int(11) NOT NULL AUTO_INCREMENT, AUTO_INCREMENT=333;

--
-- AUTO_INCREMENT for table `purchaseorder_info`
--
ALTER TABLE `purchaseorder_info`
  MODIFY `pack_no` int(11) NOT NULL AUTO_INCREMENT;

--
-- AUTO_INCREMENT for table `purchaseorder_list`
--
ALTER TABLE `purchaseorder_list`
  MODIFY `purchaseorder_id` int(11) NOT NULL AUTO_INCREMENT;

--
-- AUTO_INCREMENT for table `purchasereturn_info`
--
ALTER TABLE `purchasereturn_info`
  MODIFY `pack_no` int(11) NOT NULL AUTO_INCREMENT;

--
-- AUTO_INCREMENT for table `purchasereturn_list`
--
ALTER TABLE `purchasereturn_list`
  MODIFY `purchasereturn_id` int(11) NOT NULL AUTO_INCREMENT;

--
-- AUTO_INCREMENT for table `return_to_supplier`
--
ALTER TABLE `return_to_supplier`
  MODIFY `id` int(11) NOT NULL AUTO_INCREMENT, AUTO_INCREMENT=10;

--
-- AUTO_INCREMENT for table `return_to_supplier_header`
--
ALTER TABLE `return_to_supplier_header`
  MODIFY `id` int(11) NOT NULL AUTO_INCREMENT, AUTO_INCREMENT=4;

--
-- AUTO_INCREMENT for table `rm_item_location`
--
ALTER TABLE `rm_item_location`
  MODIFY `item_location_id` int(11) NOT NULL AUTO_INCREMENT;

--
-- AUTO_INCREMENT for table `rm_price_supplier`
--
ALTER TABLE `rm_price_supplier`
  MODIFY `id` int(11) NOT NULL AUTO_INCREMENT, AUTO_INCREMENT=34;

--
-- AUTO_INCREMENT for table `service_items`
--
ALTER TABLE `service_items`
  MODIFY `id` int(11) NOT NULL AUTO_INCREMENT, AUTO_INCREMENT=4;

--
-- AUTO_INCREMENT for table `slots`
--
ALTER TABLE `slots`
  MODIFY `id` int(11) NOT NULL AUTO_INCREMENT, AUTO_INCREMENT=3;

--
-- AUTO_INCREMENT for table `spare_parts`
--
ALTER TABLE `spare_parts`
  MODIFY `id` int(11) NOT NULL AUTO_INCREMENT, AUTO_INCREMENT=12;

--
-- AUTO_INCREMENT for table `spare_part_suppliers`
--
ALTER TABLE `spare_part_suppliers`
  MODIFY `id` int(11) NOT NULL AUTO_INCREMENT, AUTO_INCREMENT=56;

--
-- AUTO_INCREMENT for table `stores`
--
ALTER TABLE `stores`
  MODIFY `id` int(11) NOT NULL AUTO_INCREMENT;

--
-- AUTO_INCREMENT for table `supplier_logins`
--
ALTER TABLE `supplier_logins`
  MODIFY `id` int(11) NOT NULL AUTO_INCREMENT, AUTO_INCREMENT=5;

--
-- AUTO_INCREMENT for table `tbl_add_actual_values`
--
ALTER TABLE `tbl_add_actual_values`
  MODIFY `idtbl_add_actual_values` int(11) NOT NULL AUTO_INCREMENT;

--
-- AUTO_INCREMENT for table `tbl_admin_privileges`
--
ALTER TABLE `tbl_admin_privileges`
  MODIFY `module_id` int(11) NOT NULL AUTO_INCREMENT, AUTO_INCREMENT=15;

--
-- AUTO_INCREMENT for table `tbl_admin_user`
--
ALTER TABLE `tbl_admin_user`
  MODIFY `id` int(11) NOT NULL AUTO_INCREMENT, AUTO_INCREMENT=6;

--
-- AUTO_INCREMENT for table `tbl_admin_user_log`
--
ALTER TABLE `tbl_admin_user_log`
  MODIFY `id` int(11) NOT NULL AUTO_INCREMENT, AUTO_INCREMENT=794;

--
-- AUTO_INCREMENT for table `tbl_bank`
--
ALTER TABLE `tbl_bank`
  MODIFY `idtbl_bank` int(11) NOT NULL AUTO_INCREMENT, AUTO_INCREMENT=46;

--
-- AUTO_INCREMENT for table `tbl_bank_branch`
--
ALTER TABLE `tbl_bank_branch`
  MODIFY `idtbl_bank_branch` int(11) NOT NULL AUTO_INCREMENT, AUTO_INCREMENT=3641;

--
-- AUTO_INCREMENT for table `tbl_brand`
--
ALTER TABLE `tbl_brand`
  MODIFY `idtbl_brand` int(11) NOT NULL AUTO_INCREMENT, AUTO_INCREMENT=4;

--
-- AUTO_INCREMENT for table `tbl_cloth`
--
ALTER TABLE `tbl_cloth`
  MODIFY `idtbl_cloth` int(11) NOT NULL AUTO_INCREMENT, AUTO_INCREMENT=4;

--
-- AUTO_INCREMENT for table `tbl_currency`
--
ALTER TABLE `tbl_currency`
  MODIFY `idtbl_currency` int(11) NOT NULL AUTO_INCREMENT, AUTO_INCREMENT=5;

--
-- AUTO_INCREMENT for table `tbl_customer_bank_details`
--
ALTER TABLE `tbl_customer_bank_details`
  MODIFY `idtbl_customer_bank_details` int(11) NOT NULL AUTO_INCREMENT, AUTO_INCREMENT=42;

--
-- AUTO_INCREMENT for table `tbl_customer_contact_details`
--
ALTER TABLE `tbl_customer_contact_details`
  MODIFY `idtbl_customer_contact_details` int(11) NOT NULL AUTO_INCREMENT, AUTO_INCREMENT=25;

--
-- AUTO_INCREMENT for table `tbl_customer_job_details`
--
ALTER TABLE `tbl_customer_job_details`
  MODIFY `idtbl_customer_job_details` int(11) NOT NULL AUTO_INCREMENT, AUTO_INCREMENT=21;

--
-- AUTO_INCREMENT for table `tbl_delivery_detail`
--
ALTER TABLE `tbl_delivery_detail`
  MODIFY `idtbl_delivery_detail` int(11) NOT NULL AUTO_INCREMENT, AUTO_INCREMENT=2;

--
-- AUTO_INCREMENT for table `tbl_email_receptions`
--
ALTER TABLE `tbl_email_receptions`
  MODIFY `id` int(11) NOT NULL AUTO_INCREMENT, AUTO_INCREMENT=12;

--
-- AUTO_INCREMENT for table `tbl_form`
--
ALTER TABLE `tbl_form`
  MODIFY `idtbl_form` int(11) NOT NULL AUTO_INCREMENT, AUTO_INCREMENT=14;

--
-- AUTO_INCREMENT for table `tbl_grade`
--
ALTER TABLE `tbl_grade`
  MODIFY `idtbl_grade` int(11) NOT NULL AUTO_INCREMENT, AUTO_INCREMENT=30;

--
-- AUTO_INCREMENT for table `tbl_grn`
--
ALTER TABLE `tbl_grn`
  MODIFY `idtbl_grn` int(11) NOT NULL AUTO_INCREMENT, AUTO_INCREMENT=21;

--
-- AUTO_INCREMENT for table `tbl_grndetail`
--
ALTER TABLE `tbl_grndetail`
  MODIFY `idtbl_grndetail` int(11) NOT NULL AUTO_INCREMENT, AUTO_INCREMENT=24;

--
-- AUTO_INCREMENT for table `tbl_inquiry`
--
ALTER TABLE `tbl_inquiry`
  MODIFY `idtbl_inquiry` int(11) NOT NULL AUTO_INCREMENT, AUTO_INCREMENT=14;

--
-- AUTO_INCREMENT for table `tbl_inquiry_detail`
--
ALTER TABLE `tbl_inquiry_detail`
  MODIFY `idtbl_inquiry_detail` int(11) NOT NULL AUTO_INCREMENT, AUTO_INCREMENT=11;

--
-- AUTO_INCREMENT for table `tbl_location`
--
ALTER TABLE `tbl_location`
  MODIFY `idtbl_location` int(11) NOT NULL AUTO_INCREMENT, AUTO_INCREMENT=2;

--
-- AUTO_INCREMENT for table `tbl_locations`
--
ALTER TABLE `tbl_locations`
  MODIFY `id` int(11) NOT NULL AUTO_INCREMENT;

--
-- AUTO_INCREMENT for table `tbl_material`
--
ALTER TABLE `tbl_material`
  MODIFY `idtbl_material` int(11) NOT NULL AUTO_INCREMENT, AUTO_INCREMENT=4;

--
-- AUTO_INCREMENT for table `tbl_order`
--
ALTER TABLE `tbl_order`
  MODIFY `idtbl_order` int(11) NOT NULL AUTO_INCREMENT, AUTO_INCREMENT=32;

--
-- AUTO_INCREMENT for table `tbl_order_detail`
--
ALTER TABLE `tbl_order_detail`
  MODIFY `idtbl_order_detail` int(11) NOT NULL AUTO_INCREMENT, AUTO_INCREMENT=37;

--
-- AUTO_INCREMENT for table `tbl_order_type`
--
ALTER TABLE `tbl_order_type`
  MODIFY `idtbl_order_type` int(11) NOT NULL AUTO_INCREMENT, AUTO_INCREMENT=2;

--
-- AUTO_INCREMENT for table `tbl_packaging_detail`
--
ALTER TABLE `tbl_packaging_detail`
  MODIFY `idtbl_packaging_detail` int(11) NOT NULL AUTO_INCREMENT, AUTO_INCREMENT=3;

--
-- AUTO_INCREMENT for table `tbl_payment`
--
ALTER TABLE `tbl_payment`
  MODIFY `idtbl_payment` int(11) NOT NULL AUTO_INCREMENT, AUTO_INCREMENT=3;

--
-- AUTO_INCREMENT for table `tbl_payment_detail`
--
ALTER TABLE `tbl_payment_detail`
  MODIFY `idtbl_payment_details` int(11) NOT NULL AUTO_INCREMENT, AUTO_INCREMENT=5;

--
-- AUTO_INCREMENT for table `tbl_porder`
--
ALTER TABLE `tbl_porder`
  MODIFY `idtbl_porder` int(11) NOT NULL AUTO_INCREMENT, AUTO_INCREMENT=11;

--
-- AUTO_INCREMENT for table `tbl_porder_payment`
--
ALTER TABLE `tbl_porder_payment`
  MODIFY `idtbl_porder_payment` int(11) NOT NULL AUTO_INCREMENT, AUTO_INCREMENT=2;

--
-- AUTO_INCREMENT for table `tbl_products`
--
ALTER TABLE `tbl_products`
  MODIFY `idtbl_product` int(11) NOT NULL AUTO_INCREMENT, AUTO_INCREMENT=3;

--
-- AUTO_INCREMENT for table `tbl_provinces`
--
ALTER TABLE `tbl_provinces`
  MODIFY `id` int(11) NOT NULL AUTO_INCREMENT, AUTO_INCREMENT=10;

--
-- AUTO_INCREMENT for table `tbl_purchase_order`
--
ALTER TABLE `tbl_purchase_order`
  MODIFY `idtbl_purchase_order` int(11) NOT NULL AUTO_INCREMENT, AUTO_INCREMENT=35;

--
-- AUTO_INCREMENT for table `tbl_purchase_order_detail`
--
ALTER TABLE `tbl_purchase_order_detail`
  MODIFY `tbl_purchase_order_detail` int(11) NOT NULL AUTO_INCREMENT, AUTO_INCREMENT=38;

--
-- AUTO_INCREMENT for table `tbl_quotation`
--
ALTER TABLE `tbl_quotation`
  MODIFY `idtbl_quotation` int(11) NOT NULL AUTO_INCREMENT, AUTO_INCREMENT=19;

--
-- AUTO_INCREMENT for table `tbl_quotation_detail`
--
ALTER TABLE `tbl_quotation_detail`
  MODIFY `idtbl_quotation_detail` int(11) NOT NULL AUTO_INCREMENT, AUTO_INCREMENT=4;

--
-- AUTO_INCREMENT for table `tbl_quotation_reject`
--
ALTER TABLE `tbl_quotation_reject`
  MODIFY `idtbl_quotation_reject` int(11) NOT NULL AUTO_INCREMENT, AUTO_INCREMENT=2;

--
-- AUTO_INCREMENT for table `tbl_reason`
--
ALTER TABLE `tbl_reason`
  MODIFY `idtbl_reason` int(11) NOT NULL AUTO_INCREMENT, AUTO_INCREMENT=3;

--
-- AUTO_INCREMENT for table `tbl_salesrep`
--
ALTER TABLE `tbl_salesrep`
  MODIFY `idtbl_salesrep` int(11) NOT NULL AUTO_INCREMENT, AUTO_INCREMENT=2;

--
-- AUTO_INCREMENT for table `tbl_stock`
--
ALTER TABLE `tbl_stock`
  MODIFY `id` int(11) NOT NULL AUTO_INCREMENT, AUTO_INCREMENT=6;

--
-- AUTO_INCREMENT for table `tbl_supplier`
--
ALTER TABLE `tbl_supplier`
  MODIFY `idtbl_supplier` int(11) NOT NULL AUTO_INCREMENT, AUTO_INCREMENT=8;

--
-- AUTO_INCREMENT for table `tbl_supplier_bank_details`
--
ALTER TABLE `tbl_supplier_bank_details`
  MODIFY `idtbl_supplier_bank_details` int(11) NOT NULL AUTO_INCREMENT, AUTO_INCREMENT=5;

--
-- AUTO_INCREMENT for table `tbl_supplier_contact_details`
--
ALTER TABLE `tbl_supplier_contact_details`
  MODIFY `idtbl_supplier_contact_details` int(11) NOT NULL AUTO_INCREMENT, AUTO_INCREMENT=3;

--
-- AUTO_INCREMENT for table `tbl_supplier_type`
--
ALTER TABLE `tbl_supplier_type`
  MODIFY `idtbl_supplier_type` int(11) NOT NULL AUTO_INCREMENT, AUTO_INCREMENT=9;

--
-- AUTO_INCREMENT for table `tbl_unit`
--
ALTER TABLE `tbl_unit`
  MODIFY `idtbl_unit` int(11) NOT NULL AUTO_INCREMENT, AUTO_INCREMENT=4;

--
-- AUTO_INCREMENT for table `tbl_unit_type`
--
ALTER TABLE `tbl_unit_type`
  MODIFY `idtbl_unit_type` int(11) NOT NULL AUTO_INCREMENT, AUTO_INCREMENT=2;

--
-- AUTO_INCREMENT for table `tbl_user_types`
--
ALTER TABLE `tbl_user_types`
  MODIFY `id` int(11) NOT NULL AUTO_INCREMENT, AUTO_INCREMENT=3;

--
-- AUTO_INCREMENT for table `users`
--
ALTER TABLE `users`
  MODIFY `id` int(11) NOT NULL AUTO_INCREMENT, AUTO_INCREMENT=20;

--
-- AUTO_INCREMENT for table `user_group`
--
ALTER TABLE `user_group`
  MODIFY `id` int(11) NOT NULL AUTO_INCREMENT, AUTO_INCREMENT=32;

--
-- Constraints for dumped tables
--

--
-- Constraints for table `goodsreceived_info`
--
ALTER TABLE `goodsreceived_info`
  ADD CONSTRAINT `goodsreceived_info_ibfk_1` FOREIGN KEY (`goodsreceived_id`) REFERENCES `goodsreceived_list` (`goodsreceived_id`);

--
-- Constraints for table `goodsreceived_list`
--
ALTER TABLE `goodsreceived_list`
  ADD CONSTRAINT `goodsreceived_list_ibfk_1` FOREIGN KEY (`purchaseorder_id`) REFERENCES `purchaseorder_list` (`purchaseorder_id`);

--
-- Constraints for table `tbl_inquiry_detail`
--
ALTER TABLE `tbl_inquiry_detail`
  ADD CONSTRAINT `tbl_inquiry_detail_ibfk_1` FOREIGN KEY (`tbl_products_idtbl_product`) REFERENCES `tbl_products` (`idtbl_product`);

--
-- Constraints for table `tbl_order_detail`
--
ALTER TABLE `tbl_order_detail`
  ADD CONSTRAINT `tbl_order_detail_ibfk_1` FOREIGN KEY (`tbl_products_idtbl_products`) REFERENCES `tbl_products` (`idtbl_product`);

--
-- Constraints for table `tbl_quotation_detail`
--
ALTER TABLE `tbl_quotation_detail`
  ADD CONSTRAINT `tbl_quotation_detail_ibfk_1` FOREIGN KEY (`idtbl_product`) REFERENCES `tbl_products` (`idtbl_product`);
COMMIT;

/*!40101 SET CHARACTER_SET_CLIENT=@OLD_CHARACTER_SET_CLIENT */;
/*!40101 SET CHARACTER_SET_RESULTS=@OLD_CHARACTER_SET_RESULTS */;
/*!40101 SET COLLATION_CONNECTION=@OLD_COLLATION_CONNECTION */;
